97	Zum Lernen sollte man nicht gezwungen werden. Zum Lernen sollte man ermutigt werden.	Tau 't leeren sul man näit dwungen worden. Tau 't leeren sul man anmaudiğt worden.
131	Beeil dich!	Móók tau!
149	Es würde ewig dauern, alles zu erklären.	Dat dee äiwiğ düren, âals t' ferkloren.
168	Um das zu tun, musst du Risiken eingehen.	Um dat t' daun, maust duu risikos ingóón.
209	Es hat mir fast Angst gemacht, dich einen ganzen Tag nicht online zu sehen.	Dat het mii hóóst bâang móókt, dii 'n häiel dağ näit online t' säin.
291	Musst du wirklich die Frage stellen, um die Antwort zu erfahren?	Maust duu wies däi fróóeğ stellen, um dat antern t' erforen?
298	Das würde zu lange dauern, dir zu erklären, warum das nicht funktionieren wird.	Dat dee t' lâang düren, dii t' ferkloren, woosoo dat näit funksjoonäären sal.
301	Du könntest zumindest versuchen, ein bisschen höflicher zu sein, auch wenn das nicht in deiner Natur liegt.	Duu kust t'minst fersöyken, 'n biitje hoffelker t' weesen, ook doo dat näit in diin natüer liğt.
308	„Wann wirst du zurückkommen?“ – „Das hängt ganz vom Wetter ab.“	"Wenner sast duu uemkoomen?" - "Dat hangt häil fan 't wêer of."
318	Ihre Kommunikation ist vielleicht viel komplexer als wir dachten.	Höör kummunikóósjoon is fiilicht fööl kumplekser as wii dochent.
327	Du entscheidest, ob wir dahin gehen oder nicht.	Duu undskedst, of wii d'r hen góónt of näit.
348	Ich kam vor drei Jahren nach Tokyo und seither habe ich hier gelebt.	Ik kwam fööer drei joer nóó Tokyo un siitdeem heb ik hir leevt.
354	Demokratie ist die schlechteste Regierungsform, abgesehen von allen anderen, die ausprobiert wurden.	Demokróótii is däi släechst regäärensföörm, buuten âal annernt, däi uutprobäärt wurdent.
355	Wenn man beginnt, seinem Passfoto ähnlich zu sehen, sollte man in den Urlaub fahren.	Doo man begünt, siin pasfooto eenelk t' säin, sul man in d' uurlaaub foren.
385	Antworten sind nur dann nützlich, wenn sie neue Fragen aufwerfen.	Anterns bünt bloot dan nütselk, doo säi näej fróógen upsmiitent.
386	An sich selbst zu zweifeln, ist das erste Zeichen von Intelligenz.	An sük sülst t' twiiveln, is dat êerst täiken fan intelligens.
390	Das wird eine gute Erinnerung an meine Reise durch die Vereinigten Staaten sein.	Dat sal 'n gaud heerinnern an miin râajs döör d' Feräint Stóóten weesen.
401	Es ist mir unmöglich, es dir zu erklären.	Dat is mii unmöögelk dii dat tau ferkloren.
407	Das ist ziemlich unerwartet.	Dat is recht unferwacht't.
421	Ich habe über zwei Stunden gebraucht, um einige Seiten Englisch zu übersetzen.	Ik heb oover twei stüen bruukt, um wat siiden Engelsk t' ooversetten.
488	Wenn du dich nicht mit Sonnencreme eincremen willst, ist das deine Sache. Aber beschwer' dich später nicht bei mir, wenn du Sonnenbrand hast.	Doo duu dii näit mit sünnenkrêem insmeeren wult, is dat diin sóóek. Man beklóóğ dii nóóderhand näit bii mii doo duu sünnenbrand hest.
492	Es ist so heiß, dass man Eier auf den Motorhauben der Autos braten könnte.	Dat is soo häit, dat man aier up däi motoordeksels fan d' aautos bróóden kun.
530	"Wenn du müde bist, wieso gehst du nicht schlafen?" "Weil ich zu früh aufwachen werde, wenn ich jetzt schlafen gehe."	"Doo duu möej büst, woosoo gaajst duu näit slóópen?" "Um dat ik t' frau upwóóken sal, doo 'k nuu slóópen góó."
546	Was die Welt verändert, ist Kommunikation, nicht Information.	Wat däi weerld ferannert, is kummunikóósjoon, näit inf'rmóósjoon.
622	Das ist die reine Wahrheit.	Dat is däi skier worhaid.
674	Ich hatte vor, heute an den Strand zu gehen, aber dann fing es an zu regnen.	Ik haar fööer, fandóóeğ an d' strand t' góón, man dan fung 't an t' reegen.
684	Wenn zwei Menschen immer die gleiche Meinung haben, ist einer von ihnen überflüssig.	Doo twei minsken altiid dat sülviğ mäinen hebbent, is äien fan höör ooverflaudiğ.
694	Ich habe während der Mittagspause ein wenig geschlafen, weil ich so müde war.	Ik heb in d' middóóğspâaus 'n biitje slóópen, um dat ik soo möej was.
701	Wie oft am Tag schaust du dich im Spiegel an?	Woo fóók up d' dağ kikst duu dii in d' späigel an?
742	Wenn ich Migräne habe, vermindert Aspirin meine Beschwerden nicht.	Doo ik migrêen heb, ferminnert aspiriin miin besweerden näit.
801	Der Mörder wurde schuldig gesprochen und zu lebenslänglicher Haft verurteilt.	Däi moorner wur skülliğ sprooken un tau leevendslâang haft feroordäilt.
889	Ich kann meine Handflächen auf den Boden setzen, ohne meine Knie zu beugen.	Ik kan miin palmen up d' grund setten, sünner miin knäjen t' buugen.
926	Kannst du dir vorstellen, wie unser Leben ohne Elektrizität aussehen würde?	Kaast duu dii föörstellen, woo us leevend sünner elektrisitäit lóóten dee?
991	Wenn du mir das Tanzen beibringst, werde ich dir meine versteckten Narben zeigen.	Doo duu mii dat dansen biibrengst, sal ik dii miin ferstopt noren wiisen.
1004	Es gibt viele Dinge über meine Persönlichkeit, die du nicht weißt.	Dat gift fööl dingen oover miin persöönelkkaid, däi duu näit wäist.
1020	Man muss nicht für jede Person ein anderes Gericht vorbereiten.	Man maut näit föör elker persoon 'n anner gericht föörberäiden.
1108	Nur die, die riskieren, zu weit zu gehen, werden erfahren, wie weit man gehen kann.	Bloot däient, däi riskäärent, t' wiid t' góón, söölent gewoer worden, woo wiid man góón kan.
1114	Das Problem mit vielen Dingen sind die vorgefassten Ideen, die wir über sie haben!	Dat probleem mit fööl dingen bünt däi föörfóóten ideen, däi wii oover höör hebbent!
1118	Wenn wir wüssten, was wir tun, würde man es nicht Forschung nennen, oder?	Doo wii wussent, wat wii daunt, dee man 't näit föörskern nöymen, of näit?
1119	Für den, der nur einen Hammer im Werkzeugkasten hat, sieht jedes Problem wie ein Nagel aus.	Föör däien, däi bloot 'n hóómer in d' reevbâak het, let't elker probleem as 'n spiiker.
1175	Man kann nicht das Unmögliche vollbringen, ohne das Absurde zu versuchen.	Man kan näit dat unmöögelk fulbrengen, sünner dat absuerd t' fersöyken.
1222	Mali ist eines der ärmsten Länder Afrikas südlich der Saharawüste.	Móóli is äien fan däi âarmst lâan fan Óófrikó süüdelk fan 't Saharówöysten.
1275	Wir werden heute Abend viel essen, ich hoffe also, dass du nicht auf Diät bist.	Wii söölent fanóóvend fööl eeten, ik hoop alsoo, dat duu näit up dieet büst.
6101	Als ich klein war, verbrachte ich Stunden damit, alleine in meinem Zimmer zu lesen.	Doo ik lütjet was, ferbroch ik stünnen d'r mit, alleniğ in miin kóómer t' leesen.
6122	Ich werde mich auf die Bank dort drüben neben der Straßenlaterne setzen.	Ik sal mii up däi bâank dor günt teegen d' stróótenlatêern setten.
6172	Es ist möglich, bei fallenden Kursen Gewinne zu erwirtschaften.	Dat is möögelk bii dóólend koorsen winsten t' erwirtskaften.
6193	Mehr als ein Drittel der Weltbevölkerung lebt in der Nähe einer Küste.	Meer as 'n daardel fan 't weerldbefolken leevt in d' nóóet fan 'n küest.
119748	Es ist unmöglich, in einem Monat Englisch zu lernen.	Dat is unmöögelk, in äin móónd Engelsk t' leeren.
138816	Es ist gefährlich, gleichzeitig zu telefonieren und zu fahren.	Dat is gefordelk t'gliik t' telefoonäären un t' foren.
138825	Frohes neues Jahr!	Proost neijoer!
139108	"Waren Sie schon mal in New York?" "Ja, ich war einige Male dort."	"Wassent Jii al móól in New York?" "Jóó, ik was d'r wat móólen."
139181	Der Amazonas ist der zweitlängste Fluss der Welt nach dem Nil.	Däi Amatsoonas is däi twäidlâangst äj fan d' weerld nóó d' Niil.
139439	Ohne Wasser könnten wir nicht leben.	Sünner wóóter kunnent wii näit leeven.
139444	Wenn ich 25% mehr Einkommen hätte, wäre ich zufriedener mit meinem Leben.	Doo ik 25% meer inkumst haar, was ik t'freedener mit miin leevend.
139519	Dieses Buch ist sehr schwierig zu verstehen, da es mit Fachausdrücken geschrieben ist.	Dit bauk is läip stur t' begriipen, um dat 't mit fakuutdrükken skreeven is.
139997	Wie kann man ohne eine gute Bildung Erfolg im Leben haben?	Woo kan man sünner 'n gaud bilden erfolğ in 't leevend hebben?
140005	Die Generalversammlung der Vereinten Nationen verabschiedete die Waffenstillstandsresolution.	Dat generóólfergóódern fan däi Feräint Nóósjoonen besloot däi wóópenstielstandsresolusjoon.
140007	Er trug eine schwarze Hose und eine wunderschönes weißes Hemd.	Häi drooğ 'n swâart büks un 'n wunnermooj wit hemd.
331618	Kennst du den Unterschied von Mikroskop und Teleskop?	Kenst duu däi ferskeel fan mikroskoop un teleskoop?
331658	Eine Katze hat neun Leben.	'N kâat het neegen leevends.
331664	Viele Japaner suchen am Neujahrstag den Shinto-Schrein auf.	Fööl Jóópóóners söykent up neijorsdağ däi Shinto-Skrain up.
340836	Da ihre Unterhaltung auf Französisch war, konnte ich kein Wort verstehen.	Um dat höör unnerhollen up Fransk was, kun ik kiin woord ferstóón.
340880	Das war vor drei Tagen.	Dat was fööer drei dóóeğ.
340941	Der Frühling kommt nach dem Winter.	Dat fö'joer kumt nóó d' winter.
341278	Zucker löst sich in Wasser.	Tsukker löest sük in wóóter.
341398	Pizza ist die Art Essen, die zum heutigen Lebensstil passt.	Pitsó is dat tsoord eeten, dat tau d' fandóóğsk leevendsstiil paast.
341618	Es war Samstagabend.	Dat was sóóterdóóğóóvend.
341891	Sie schaltete das Licht aus.	Säi mook dat lücht uut.
341903	Im Schlaf nehmen die Körperfunktionen ab und die Körpertemperatur sinkt.	In d' slóóp neement däi körperfunksjoonen of un däi körpertemperótüer faalt.
341914	Bald ist Weihnachten.	Bold is wiinachten.
341919	Man verliebt sich nicht in jemanden, weil er perfekt ist.	Man ferläivt sük näit in wel, um dat häi perfekt is.
341971	Du bist doch ein Trottel!	Duu büst je 'n dööskop!
341988	Wird es sehr weh tun?	Sal 't läip seer daun?
342040	Was diese Sache angeht, bin ich voll zufrieden.	Wat disser sóóek anbelangt, bün ik häilmóóls t'free.
342790	Ich weiß nicht, ob es morgen schönes Wetter gibt, aber wenn es schönes Wetter gibt, werden wir picknicken gehen.	Ik wäit näit, of 't mörn môoj wêer gift, man doo 't môoj wêer gift, söö' wii piknikken góón.
343044	Sie weinte vor Freude, als sie erfuhr, dass ihr Sohn den Flugzeugabsturz überlebt hatte.	Säi bruelde fan bliidskup, doo säi gewoer wur, dat höör jung däi fluğtsoiğofstört ooverleevt haar.
343396	Es tut mir leid, dass ich dir nicht früher geantwortet habe.	Dat spit't mii, dat ik dii näit eerder antert heb.
343685	Wegen der Scheidung seiner Eltern hatte das Mädchen nur wenig Kontakt zu ihrem Vater.	Um 't skäiden fan höör ollen haar dat wicht man min kuntakt tau höör fóóder.
344285	Vielleicht hast du Recht.	Fiilicht hest duu recht.
344386	Fast tausend Leute haben an dieser Demonstration teilgenommen.	Hóóst duusend lüü hebbent an disser demonstróósjoon däilnoomen.
344474	Das Problem ist, dass unser Auto an dem Tag nicht verfügbar sein wird.	Dat probleem is, dat us aauto up disser dağ näit beskikbor weesen sal.
344530	Sie hat mir das Schwimmen beigebracht.	Säi het mii 't swemmen leert.
344624	Glaubst du an Gott?	Löövst duu an God?
345415	Seine Frau ist im Krankenhaus, sie wurde bei einem Autounfall verletzt.	Siin frâau is in 't krankenhuus, säi wur bii 'n aautounfal beseert.
345420	Er tröstete sich mit dem Gedanken, dass es schlimmer hätte sein können.	Häi trööst'de sük mit däi gedâank, dat 't läiper weesen kunt haar.
345423	Die Schweiz liegt zwischen Frankreich, Italien, Österreich und Deutschland.	Däi Swiits liğt tüsken Frankriik, Itóóljen, Öösterriik un Düütskland.
346949	Was hältst du von einer Tasse Tee? Das heißt, wenn du nicht zu beschäftigt bist.	Wat mäinst duu fan 'n kopke tee? Dat häit't, doo duu 't näit t' drok hest.
347906	Man kann nur schwer mit dem Wissen leben, ein Versager zu sein.	Man kan man stur mit dat wäiten leeven, 'n fersäeger t' weesen.
347932	Einige junge Japaner ziehen das Singledasein der Heirat vor.	Wat jueng Jóópóóners trekkent dat singledorweesen dat traauen fööer.
347988	Selbstverständlich ist Ehrlichkeit der Schlüssel zum Erfolg.	Fan sülst is eerelkkaid däi slöödel tau d' erfolğ.
348433	Kannst du mir helfen?	Kaast duu mii helpen?
349530	Manchmal lügt man, um die Gefühle anderer nicht zu verletzen.	Mitunner lüğt man, um däi geföylen fan annernt näit t' beseeren.
349785	Ohne den Sicherheitsgurt wäre ich heute nicht mehr am Leben.	Sünner däi seekerhaidsgörd was ik fandóóeğ näit meer an 't leevend.
351677	Habt keine Angst, Fehler zu machen, wenn ihr Englisch sprecht.	Weest näit bâang, feelers t' móóken, doo jii Engelsk prootent.
352523	Sie hat die ganze Nacht geweint.	Säi het däi häiel nacht bruelt.
352571	Ich hätte nie gedacht, dass er so etwas Grausames tun könnte.	Ik haar noojt docht, dat häi soo wat graausóóms daun kun.
353009	Du hast einen Fehler gemacht.	Duu hest 'n feeler móókt.
353062	Durch den Taifun ist die Verbindung zum Festland abgebrochen.	Döör d' taifuun is dat ferbinnen nóó d' fastwal ofbrooken.
353247	Ich spiele gerne Freiluftsportarten wie Baseball, Tennis und Fußball.	Ik spööl geern buutensporttsoorden as baseball, tennis un fautbâal.
353275	Wir durften entweder Englisch oder Japanisch sprechen.	Wii dürsent of Engelsk of Jóópóónsk prooten.
353373	Lassen Sie die Champignons ungefähr 3 Minuten kochen und geben Sie am Ende die gewaschene und fein geschnittene Petersilie hinzu.	Lóótent Jii däi sjampinjongs ruuğweğ drei menüüten kooken un daunt Jii up 't äen däi wuskern un fiin sneeden päitersiilje d'r bii.
353764	Gestern war ich krank.	Güster was ik krank.
353769	Gestern war es kalt.	Güster was 't kold.
353826	Da es in Eile geschrieben wurde, wimmelt es in dem Buch vor Fehlern.	Um dat 't in draft skreeven wur, wümmelt dat in dat bauk fan feelers.
353828	Fünf Tage, nachdem sie ihren Abschluss gemacht hatte, flog meine Tochter vom Flughafen Ōsaka aus nach Deutschland.	Fiif dóóeğ, nóódeem säi höör ofslus móókt haar, flooğ miin dochter fan d' fluğhóóven Ōsaka uut nóó Düütskland tau.
356097	Ich habe mich gefragt, ob ich vielleicht für ein paar Tage bei dir bleiben kann.	Ik heb mii frağt, of ik fiilicht föör 'n poer dóóeğ bii dii bliiven kan.
357178	Man sagt, dass dieser Tempel vor über 500 Jahren gebaut wurde.	Man säeğt, dat disser tempel fööer oover 500 joer baaut wur.
357188	Ich bin erschöpft, deshalb werde ich es ruhig angehen lassen und ins Teetassenkarussel einsteigen.	Ik bün keput, düs sal ik 't rüstiğ angóón lóóten un in 't teekopkekarussel instappen.
357724	Ich verstehe euch nicht.	Ik ferstóó jau näit.
358082	Nehmen Sie einen Regenschirm mit.	Neement Jii 'n reegenskiirm mit.
359060	Ich kenne einen Englischlehrer, der aus Kanada kommt.	Ik ken 'n Engelskmester, däi fan Kanóódó kumt.
359638	Würden Sie bitte hier Ihren Namen, Ihre Adresse und Ihre Telefonnummer hinschreiben.	Deedent Jii bitte hir Jau nóóm, Jau adräes un Jau telefoonnummer dóólskriiven.
360630	Du kommst immer zu spät.	Duu kumst altiid t' lóót.
360633	Ich würde lieber spazieren gehen, als den Film zu sehen.	Ik wul läiver kaiern góón as däi film t' kiiken.
360700	Ich habe versucht dich telefonisch zu erreichen, aber ich bin nicht durchgekommen.	Ik heb fersöcht dii telefoonsk t' berekken, man ik bün näit döörkoomen.
360721	Einige Blumen blühen im Frühling und andere im Herbst.	Enkeld blöymen blaajent in 't fö'joer un annernt in d' haarst.
360732	CO2 hat viel mit dem so genannten Treibhauseffekt zu tun.	CO2 het fööl mit däi soo nöymt driifhuuseffekt t' daun.
360840	Ist das der Mann, dessen Frau bei dem Autounfall ums Leben kam?	Is dat däi man, däi siin frâau bii däi aautounfal um 't leevend kwam?
360947	Er ging auf die Knie und betete für die Seelen der Verstorbenen.	Häi gung up d' knäjen un beed'de föör däi säilen fan däi ferstüürvenen.
361080	Das Wasser war dort so tief, dass ich den Boden nicht berühren konnte.	Dat wóóter was d'r soo däip, dat ik däi grund näit berören kun.
361099	Er ist vor zehn Jahren nach Italien gegangen und lebt seither dort.	Häi is fööer tain joer nóó Itóóljen góón un leevt siitdeem dor.
361101	Ich hatte zwei Stunden lang gearbeitet, als ich mich plötzlich krank fühlte.	Ik haar twei stüen lang aarbaid't, as ik mii t'móól krank föylde.
361358	Du könntest recht haben.	Duu kust recht hebben.
361366	Angenommen, du hättest 1000 Dollar. Was würdest du damit machen?	Annoomen, duu haarst 1000 duller. Wat deest duu d'r mit móóken?n??
361378	Sie ist 17 Jahre alt.	Säi is 17 joer old.
361384	So wie die Amerikaner Baseball mögen, mögen die Briten Cricket.	Soo as däi Amerikóóners baseball möögent, möögent däi Briiten cricket.
361422	Sie streiten viel, aber die meiste Zeit kommen sie ganz gut miteinander aus.	Säi kibbelnt fööl, man däi mäiest tiid kooment s' häil gaud mitnanner uut.
361441	Es war herzlos von ihm, so etwas zu dem kranken Mann zu sagen.	Dat was haartlös fan hum, soo wat an däi krâank keerl t' säegen.
361457	Ich werde Shigemi nicht vom Kindergarten abholen können.	Ik sal Shigemi näit fan d' kinnertûun ofhóólen köönen.
361484	Ich habe ihn vielleicht schon einmal irgendwo getroffen, aber ich kann mich nicht erinnern wo.	Ik heb hum fiilicht al móól ennerwor druepen, man ik kan mii näit heerinnern wor.
361938	Ich habe mehr als eine Woche gebraucht, um das Modellschiff zusammenzubauen.	Ik heb meer as 'n wêek bruukt, um dat modelskip t'sóómen t' baauen.
361959	Ich möchte ihr meine Dankbarkeit ausdrücken.	Ik muğ höör miin dankborkaid uutdrükken.
362164	Was mich betrifft, ich habe keine Einwände gegen den Plan.	Wat mii anbelangt, ik heb kiin inwendsels teegen däi plóón.
362185	Nach meinem Wissen ist das die einzige Übersetzung.	Nóó miin wäiten is dat dat enkeld ooversetten.
362673	Ich frage mich ob er mir seine Gitarre in den Ferien borgen könnte.	Ik fróóğ mii of häi mii siin gitâar in d' feerjen läinen kun.
362767	Du musst die Tatsache berücksichtigen, dass er zu jung ist.	Duu maust däi dóódsóóek beuemsichtigen, dat häi t' jung is.
363327	Ich habe meinen Schirm verloren und muss einen neuen kaufen.	Ik heb miin skiirm ferlooren un maut 'n näej koopen.
363385	Er war so verwirrt, dass seine Antwort keinen Sinn ergab.	Häi was soo ferwaart, dat siin antern kiin sin mook.
363408	Wir haben unser Flugzeug wegen dem Stau verpasst.	Wii hebbent us fluğtsoiğ weegen däi staau ferpaast.
363916	Seit er nach Amerika ging, hat man nichts mehr von ihm gehört.	Siit häi nóó Amerikó gung, het man niks meer fan hum höört.
364484	Laut einer Studie sterben jährlich 53000 Amerikaner an den Folgen von Passivrauchen.	Nóó 'n stuudie staarvent jorelk 53000 Amerikóóners an däi folgen fan passiifsmooken.
364568	Das Glücksspiel trieb ihn in den Ruin.	Dat glüksspil dreev hum in d' ruiin.
365020	Tennis ist schwierig. Ich weiß nie, wohin der Ball fliegen wird.	Tennis is stur. Ik wäit noojt, wor däi bâal hen fläigen sal.
365023	Du hast dich so sehr verändert, dass ich dich fast nicht wiedererkenne.	Duu hest dii soo staark ferannert, dat ik dii hóóst näit weerkennen dau.
365243	Wie oft gehst du pro Woche im Supermarkt einkaufen?	Woo fóók gaajst duu pro wêek in 't supermâarkt up böskup?
365286	Mit deinem langen, weißen Haar kann ich dich schon von weitem sehen.	Mit diin lâang, wiet hoer kan ik dii al fan feeren säin.
365312	Er war so nett, uns mit seinem Boot zur Insel zu bringen.	Häi was soo net, us mit siin boot nóó 't ailand t' brengen.
365471	Als ich am Bahnhof ankam, war der Zug gerade im Begriff, abzufahren.	Doo ik bii d' bóónhof ankwam, was däi tsuğ net biidaun, of t' foren.
365485	Er hat mit dem Rauchen aufgehört, weil seine Frau und Kinder ihn darum gebeten haben.	Häi het mit 't smooken uphollen, um dat siin frâau un kinner hum d'r um beeden hebbent.
365849	Das Treffen wird auf den 20. dieses Monats verschoben.	Dat dräepen word't up d' 20. fan disser móónd ferskooven.
365856	Wenn du mehr Blätter in die Kanne gibst, schmeckt der Tee besser.	Doo duu meer blóóden in d' kâan daajst, smóókt däi tee beeter.
365867	Wenn du Erfolg haben möchtest, musst du härter arbeiten.	Doo duu erfolğ hebben wult, maust duu haarder aarbaiden.
365890	In diesem Teil des Landes schneit es selten.	In dit däil fan 't land snäjt 't selden.
366386	Der Zug war so voll, dass ich die ganze Fahrt über stehen musste.	Däi tsuğ was soo ful, dat ik däi häiel fort oover stóón mus.
366483	Die Regierung ist korrupt, aber die Opposition ist kaum besser.	Dat regäären is kurrupt, man däi opposisjoon is bold näit beeter.
366513	Ich hätte gerne einen Termin für meinen dreijährigen Sohn.	Ik haar geern 'n termiin föör miin dreijoriğ jung.
366924	Es fällt mir schwer, vor 6 Uhr aufzustehen.	Dat is stur föör mii fööer ses üer up t' stóón.
367026	Laut der Bibel brauchte Gott sechs Tage, um die Welt zu erschaffen.	Nóó däi biibel bruukde God ses dóóeğ, um däi weerld t' ferskeppen.
367243	Die Schulordnung sieht für Schüler das Tragen einer Schuluniform vor.	Dat skaulörnen süğt föör skaulers dat dróógen fan 'n skauluniföörm fööer.
367341	Leider war das Hotel, das du vorgeschlagen hast, völlig ausgebucht.	Spiitelkerwîis was dat hotel, wat duu föörslóón hest, häilundal uutbaukt.
367363	Sie spricht ziemlich schnell.	Säi proot't recht gaau.
367369	"Danke schön, ich hätte gerne noch ein Stück Kuchen", sagte der schüchterne junge Mann.	"Bedankt, ik haar geern noch 'n stük kâauk", see däi skrüchter jueng keerl.
367439	Das wird dich in Gefahr bringen.	Dat sal dii in gefoer brengen.
367461	Gestern Nacht brach jemand in den kleinen Laden in der Nähe meines Hauses ein.	Güster nacht brook äien in däi lütje winkel diecht bii miin huus in.
367462	Leider hatte ich keine Gelegenheit das Schloss zu sehen.	Spiitelkerwîis haar ik kiin geleegenhaid dat slös t' säin.
367567	Unser Lehrer erlaubte es uns, während der Arbeit ein Wörterbuch zu benutzen.	Us mester ferloovde us dat, bii d' aarbaid 'n woordenbauk t' bruuken.
368212	Als Mary an der Haltestelle ankam, war der Bus schon weg.	Doo Mary bii d' haltstee ankwam, was däi bus al weğ.
368234	Gestern sagte unser Lehrer, wir würden heute einen Test schreiben.	Güster see us mester, wii deedent fandóóeğ 'n test skriiven.
368235	Unsere Lehrerin sagte gestern, wir würden heute einen Test schreiben.	Us mesterske see güster, wii deedent fandóóeğ 'n test skriiven.
368237	Wir sind davon überzeugt, dass Sie der Herausforderung, die diese neue Stelle bietet, gewachsen sind.	Wii bünt d'r fan oovertüüğt, dat Jii dat uutdóógen, wat disser näej stee büd't, wuesen bünt.
368241	Erst kümmerten sich unsere Eltern um uns, und nun sind wir an der Reihe, uns um sie zu kümmern.	Eerst kümmerdent sük us ollen um us, un nuu bünt wii an d' rîiğ, us um höör t' kümmern.
368334	Er drehte die Flasche auf den Kopf und schüttelte sie, aber der Honig wollte trotzdem nicht herauskommen.	Häi draajde däi fläes up d' kop un sküddelde höör, man däi hönniğ wul doch näit d'r uut koomen.
368661	Die Erde umkreist die Sonne einmal in ungefähr 365 Tagen.	Däi êer umkraist däi süen äin móól in ruuğweğ 365 dóóeğ.
368689	Der Vogel breitete seine Flügel aus.	Däi föögel dee siin flöögels uutspräiden.
368768	Ein solcher Wirtschaftsplan wird die Armen opfern und den Reichen helfen.	Soo 'n wirtskaftsplóón sal däi aarmen offern un däi riiken helpen.
369146	Ich nahm meine kleine Schwester an die Hand, als wir die Straße überquerten.	Ik nam miin lütje süster an d' hand, doo wii däi stróóet ooverkweerdent.
369185	Du bist überarbeitet.	Duu büst ooveraarbaid't.
369293	Ich habe es mir zur Gewohnheit gemacht, nach neun Uhr kein Fernsehen mehr zu sehen.	Ik heb mii dat tau d' wenst móókt, nóó neegen üer kiin feersäin meer t' säin.
369415	Nach meiner Ansicht wäre es besser, noch ein bisschen zu warten.	Nóó miin mäinen was 't beeter, noch 'n biitje t' wachten.
369819	Wenn es nicht Luft und Wasser gäbe, könnte kein Lebewesen existieren.	Doo 't näit lücht un wóóter gaf, kun kiin leevweesen eksistäären.
369822	Gerechterweise muss man sagen, dass er mit seinem begrenzten Personal und Material sein Bestes geleistet hat.	Eerelkgesäeğt maut man säegen, dat häi mit siin begrenst persoonóól un materióól siin bäest laist't het.
369838	Haben Sie schon einmal den Fuji gesehen? Seine Schönheit ist jenseits aller Beschreibung.	Hebbent Jii al móól däi Fuji säin? Siin moojiğkaid is buuten âal beskriiven.
369897	Sagen Sie diesen Leuten, sie sollen zurückgehen, damit der Hubschrauber landen kann.	Säegent Jii disser lüü, säi söölent t'rüeğgóón, dat däi helikopter lannen kan.
369906	Wir brauchen jemanden, der auf das Baby aufpasst, während wir fort sind.	Wii bruukent wel, däi up dat baby uppaast, wiilst wii weğ bünt.
369910	Die ersten Sätze seiner Rede konnte ich verstehen, aber der Rest war nur Bahnhof.	Däi êerst satsen fan siin räied kun ik ferstóón, man fan däi rest begreep ik niks.
369912	Wenn Sie keine Neigung für moderne Musik haben, wird Ihnen das Konzert nicht gefallen.	Doo Jii kiin sin föör modêern musik hebbent, sal Jau dat kunsert näit gefaalen.
369931	Dank der Hilfe meiner Mutter war ich in der Lage, mir ein Mountainbike zu kaufen.	Dank däi hüelp fan miin mauder was ik kumpóóbel, mii 'n mountainbike t' koopen.
369938	Er fragte den Polizisten, wie viele Menschen am Vortag bei Verkehrsunfällen ums Leben gekommen waren.	Häi frooğ däi skendaarms, woo fööl minsken up d' ferleeden dağ bii ferkeersunfallen um 't leevend koomen wassent.
369953	Es spielt für mich keine Rolle, ob du arm oder reich bist.	Dat spöölt föör mii kiin ruel, of duu aarm of riik büst.
370027	Vor langer, langer Zeit lebte ein alter König auf einer kleinen Insel.	Fööer lâang, lâang tiid leevde 'n oel köönenk up 'n lütjet ailand.
370435	Ich fürchte, der Verlust beläuft sich auf 100 Millionen Dollar.	Ik frees, däi ferlüüs bedrağt 100 miljoonen duller.
370523	Du kannst dich auf ihn verlassen.	Duu kaast dii up hum ferlóóten.
371842	Mit etwas mehr Geduld hättest du das Puzzle lösen können.	Mit wat meer gedür haarst duu dat pussel löesen kunt.
372267	Es gibt viele ethnische Gruppen, die traditionellerweise als Hochzeitsgeschenk Geld verschenken.	Dat gift fööl etnisk gruppen, däi tradisjoonel as hochtiidsgeskenk geld ferskenkent.
372311	Die Bevölkerung von Japan ist bei weitem größer als die von Australien.	Dat befolken fan Jóópóón is wiiduut grooter as dat fan Aaustróólien.
372575	Der Preis war lediglich 3000 Yen, also ungefähr 30 Dollar.	Däi priis was man 3000 jen, alsoo ruuğweğ 30 duller.
372887	Welche Stadt ist die Hauptstadt der USA, Washington oder New York?	Wekker stad is däi hoovdstad fan d' USA, Washington of New York?
374378	Nachdem er drei Wochen lang nach einem Job gesucht hatte, fand er eine gut bezahlte Stelle.	Nóódeem häi drei wêek lang nóó 'n bóóntje söcht haar, fun häi 'n gaud betóólt stee.
380249	Sie hat gegen ihn ausgesagt.	Säi het teegen hum uutsäeğt.
380701	Hallo!	Moin!
380702	Hab keine Angst, Fehler zu machen, wenn du Englisch sprichst.	Wees näit bâang, feelers t' móóken, doo duu Engelsk prootst.
383171	Danke für Ihren Rat.	Bedankt föör Jau róód.
383844	Wenn zwei Personen die gleiche Meinung haben, ist eine von ihnen überflüssig.	Doo twei lüü dat sülviğ mäinen hebbent, is äien fan höör ooverflaudiğ.
384179	Ein alter Mensch ist eine Brücke zwischen der Vergangenheit und der Gegenwart.	'N oel minsk is 'n brüeğ tüsken 't ferleeden un däi teegenwordiğkaid.
386232	Gestern Abend habe ich bei einer Freundin Spargel mit Schinken gegessen.	Güster óóvend heb ik bii 'n fründin speerzje mit skienk eeten.
386884	Ein Teil der Insel wurde durch die riesigen Wellen zerstört.	'N däil fan 't ailand wur döör däi baldóódiğ bulgen fernäilt.
389251	Nutze es aus, dass du keine Diplomarbeit schreiben musst.	Nüts dat uut, dat duu kiin diploomaarbaid skriiven maust.
392556	Der Ursprung des Universums wird wahrscheinlich bis in alle Ewigkeit nicht erklärt werden.	Däi oorsprung fan 't uniwersum sal worskiinelk bit in âal äiwiğkaid näit ferklort worden.
392621	Wir werden nie den Tag vergessen, an dem der Taifun die Ernte zerstörte.	Wii söölent noojt däi dağ fergeeten up däi däi taifuun däi âarnt fernäilen dee.
392768	Ein Wassermolekül besteht aus zwei Wasserstoffatomen und einem Sauerstoffatom.	'N wóótermoleküül bestaajt uut twei wóóterstofatoomen un äin surstofatoom.
392850	Du siehst sehr blass aus.	Duu süğst häil bläik uut.
392852	Du musst zum Friseur gehen.	Duu maust nóó d' kapper góón.
392859	Du hast die Regeln gebrochen.	Duu hest däi reegels brooken.
392881	Du bist sehr tapfer.	Duu büst läip dapper.
392888	Du kannst hier lernen.	Duu kaast hir leeren.
396963	Manchmal, wenn es sehr kalt ist, kann ich mein Auto nicht starten.	Of un tau, doo 't läip kold is, kan ik miin aauto näit starten.
396964	Sie schnitt den Kuchen in 6 Stücke und gab jedem Kind eins.	Säi sneed däi kâauk in 6 stükken un gaf elker kind äien.
396985	Plötzlich begann es zu regnen.	T'móól fung 't an 't reegen.
397489	Danke!	Bedankt!
399126	Gewöhnlich ist es schwer, sich an das Leben in einer fremden Kultur anzupassen.	Föör n'rmóól is 't stur, sük an 't leevend in 'n fröem kultüer an t' paasen.
399519	Sie war so in Eile, dass sie im Zug ihren Regenschirm liegen ließ.	Säi was soo in draft, dat säi in d' tsuğ höör reegenskiirm liegen leet.
400233	Wenn ich seine Adresse kennen würde, würde ich ihm schreiben.	Doo ik siin adräes kennen dee, dee ik hum skriiven.
400879	Es tut mir leid, aber ich bin gegen dieses Projekt.	Dat spit't mii, man ik bün teegen dit projekt.
401654	Gravitation ist die Naturkraft, mit der sich Gegenstände gegenseitig anziehen.	Grawitóósjoon is däi natürkracht, mit däi sük geegenstâan teegensiidiğ antrekkent.
401992	Kann jemand dieses Wort aussprechen?	Kan wel dit woord uutprooten?
403683	Ich benötige einen Umschlag, Papier sowie einen Bleistift oder Füller.	Ik heb 'n umslağ nöödiğ, pepier un ook 'n bläj of 'n füller.
403797	Ich kaufe das Silber von einem Mann, der eine Mine besitzt.	Ik koop dat sülver fan 'n man, däi 'n mîin besit't.
403801	Obwohl sie Zwillinge sind, haben sie kaum gemeinsame Interessen.	Alwoo säi twennels bünt, hebbent s' bold kiin mäinsóóem interessen.
403822	Die Wahlergebnisse werden in der Abendausgabe stehen.	Däi wóólresultóóten söölent in d' óóvenduutgóóev stóón.
403853	"Meiner Meinung nach", sagte der kleine Bruder, "hast du Unrecht."	"Nóó miin mäinen", see däi lütje brör, "hest duu unrecht."
404132	Nachdem ich den Zoll passiert hatte, konnte ich gehen, wohin ich wollte.	Nóódeem ik däi tol passäärt haar, kun ik góón, wor hen ik wul.
404138	Es ist schwierig, ein Gedicht in eine andere Sprache zu übersetzen.	Dat is stur, 'n dichtsel in 'n anner tóól t' ooversetten.
404234	Meine Mutter hat ihre Englischkenntnisse in Amerika erworben.	Miin mauder het höör Engelskkennissen in Amerikó ferwurven.
404238	Die neueste Ausgabe der Zeitschrift wird nächsten Montag erscheinen.	Däi näejst uutgóóev fan däi tiidskrift sal tauken móóndağ ferskiinen.
404656	Am Ende des Unterrichts sagte der Lehrer: "Genug für heute."	Up 't äen fan d' unnerricht see däi mester: "Nauğ föör fandóóeğ."
404662	Ich bin mit ihnen gegangen, um sie durch Nagasaki zu führen.	Ik bün mit höör góón, um höör döör Nagasaki t' fören.
404685	Mein Vater lebt seit über fünfzehn Jahren in Nagoya.	Miin fóóder leevt siit oover fiiftain joer in Nagoya.
404725	Das Baby öffnete seinen Mund.	Dat baby dee siin mund oopen.
404909	Das Essen in meinem Heimatland unterscheidet sich nicht sehr von dem in Spanien.	Dat eeten in miin häimóótland ferskeelt näit wies fan dat in Spóónjen.
404930	Es ist das erste Mal, dass jemand so etwas zu mir gesagt hat.	Dat is dat êerst móól, dat äien soo wat teegen mii säeğt het.
405702	Der Vizepräsident nahm anstelle des Präsidenten an der Feierlichkeit teil.	Däi fiispresident nam in stee fan däi president an däi firelkkaid däil.
406138	Ich denke, solange ich nicht zu viel esse, werde ich auf jeden Fall abnehmen.	Ik denk, soo lâang ik näit t' fööl eet, sal ik seeker ofneemen.
406139	Es ist einfach, in Nagoya den Weg zu finden. Du musst bloß auf die Schilder schauen.	Dat is makkelk, in Nagoya däi weğ t' finnen. Duu maust bloot up däi skiller kiiken.
406580	Die Kinder nahmen ihre Schlittschuhe und gingen in Richtung des gefrorenen Teiches.	Däi kinner namment höör sköövels un gungent nóó d' frooren taich tau.
406789	Entschuldigung, könnten Sie mir vielleicht sagen, wie ich am besten zum Centralpark kommen kann?	Perdong, kunnent Jii mii fiilicht säegen, woo ik best nóó d' Centralpark koomen kan?
406807	Jedes Mal, wenn ich Mary sehe, lerne ich etwas Neues und Wichtiges von ihr.	Elker móól, doo ik Mary säi, leer ik wat näjs un wichtiğs fan höör.
406863	Bitte rufen Sie mich an, sobald Sie entschieden haben, was Sie machen wollen.	Bitte raupent Jii mii an, soo dróó Jii undsked't hebbent, wat Jii móóken willent.
407156	Das ist der unvergessliche Ort, an dem wir uns zum ersten Mal getroffen haben.	Dat is däi unfergeetelk stee, wor wii us föör 't êerst móól druepen hebbent.
407315	"Wie weit ist es von hier zum Bahnhof?" "Ungefähr 2 Meilen."	"Woo wiid is 't fan hir nóó d' bóónhof?" "Ruuğweğ 2 miilen."
407611	Ich muss jetzt auflegen. Es gibt jemanden, der darauf wartet, dass das Telefon frei wird.	Ik maut nuu upläegen. Dat gift wel, däi d'r up wacht't, dat dat telefoon fräj word't.
407667	Der Gärtner pflanzte einen Rosenbaum mitten in den Garten.	Däi görner poot'de 'n rausenboom midden in d' tûun.
407783	Sie sprechen ein bisschen zu schnell für mich, könnten Sie bitte etwas langsamer sprechen?	Jii prootent 'n biitje t' gaau föör mii, kunnent Jii bitte wat sachter prooten?
407854	Der Teil des Eisberges, der im Wasser versteckt ist, ist bei weitem größer als der, der aus dem Wasser herausragt.	Däi däil fan d' iisbaarğ, däi in 't wóóter ferstopt is, is wiiduut grooter as däi, däi tau 't wóóter uutrekt.
408517	Wenn ihr fernseht oder Radio hört, ist die Musik, die ihr hört, oft afrikanischen Ursprungs.	Doo jii feersäint of róódio höörent, is däi musik, däi jii höörent, fóók fan óófrikóónsk oorsprung.
408576	Das Wetter war angenehm, aber es waren kaum Menschen im Park.	Dat wêer was angeneem, man d'r wassent bold kiin minsken in d' park.
408792	Die Menschen leiden unter der Verseuchung des Leitungswassers.	Däi minsken liident unner 't fersüüken fan dat laitungswóóter.
408993	Das Kind wurde von seiner Mutter in Anwesenheit anderer gescholten.	Dat kind wur fan siin mauder in biiweesen fan annernt uutskullen.
409079	Er studierte noch fleißiger, da er von seinem Lehrer gelobt worden war.	Häi stuudäärde noch fliitiger, um dat häi fan siin mester próólt worden was.
411204	Es ist besser, reich zu leben als reich zu sterben.	Dat is beeter, riik t' leeven as riik t' staarven.
412293	Ich hätte gerne mehr Zeit, um mit dir zu reden.	Ik haar geern meer tiid, um mit dii t' prooten.
412950	Die Berge des Himalaya sind höher als die der Anden.	Däi baargen fan d' Himalaya bünt hooger as däi fan d' Anden.
413231	Natürlich, um wertvoll zu sein, muss der alte Teppich in einem guten Zustand bewahrt worden sein.	Fan sülst, um weerdful t' weesen, maut däi oel teppiğ in 'n gâaud taustand bewort worden weesen.
413671	Warum bestehst du darauf, selbst die Studiengebühren zu bezahlen, obwohl deine Eltern dich gerne finanziell unterstützen würden?	Woosoo bestaajst duu d'r up, sülst däi stuudiengeböören t' betóólen, alwoo diin ollen dii geern finansjel stöönen deedent?
413735	Vor dem Bahnhof sind viele Fahrräder widerrechtlich abgestellt.	Fööer d' bóónhof bünt fööl fiitsen weerrechtelk ofstelt.
414030	Mein Bruder und meine Schwester stehen jeden Morgen um ca. halb acht auf.	Miin brör un miin süster stóónt elker mörn um ruuğweğ half âacht up.
414293	Der Mann, den ich für den Verbrecher hielt, hatte mit dem Fall überhaupt nichts zu tun.	Däi man, däi ik föör däi ferbreeker hul, haar mit däi sóóek häilundal niks t' daun.
414315	Machida ist eine interessante Stadt mit einem Gemisch aus alten und neuen Dingen.	Machida is 'n interessâant stad mit 'n mengsel fan oel un näej dingen.
414332	Der Weg, der den Berg überquert, war eng, und dazu noch sehr steil.	Däi weğ, däi oover d' baarğ gaajt, was äeng, un d'r tau noch läip stail.
415268	Sein Benehmen auf der Party war so komisch, dass ich nicht anders konnte als zu lachen.	Siin beneemen up d' fier was soo ror, dat ik näit anners kun as t' laagen.
416632	Sie lag wegen ihrer Krankheit 6 Wochen im Krankenhaus.	Säi lağ um höör krankhaid 6 wêek in 't krankenhuus.
416636	Das starke Erdbeben in Hokkaido verursachte großen Schaden.	Dat stâark eerdbeeven in Hokkaido feroorsóókde grôot skóó.
416860	Du sagst, dass ich ihn gut kennen sollte, aber in Wirklichkeit bin ich ihm erst letzte Woche vorgestellt worden.	Duu säeğst, dat ik hum gaud kennen sul, man in würrelkkaid bün ik hum eerst ferleeden wêek föörstelt worden.
416862	Wenn du auf ein unbekanntes Wort triffst, schlag es im Wörterbuch nach.	Doo duu up 'n unbekent woord dröpst, slóó 't in 't woordenbauk nóó.
416994	Ihre Meinungen haben sowohl Vor- als auch Nachteile.	Höör mäinens hebbent soo wal föör- as ook nóódäilen.
417084	Wegen seiner Erkältung gab er es auf, am Marathon teilzunehmen.	Um siin ferkollen gaf häi dat tau, an d' maróton däil t' neemen.
417562	Es sind schon fast 10 Jahre vergangen, aber du bist unverändert schön.	D'r bünt al hóóst 10 joer ferleeden, man duu büst unferannert mooj.
424772	Wenn es Gott nicht gäbe, dann müsste man ihn erfinden.	Doo 't God näit gaf, dan mus man hum uutfinnen.
425029	Sie ist erst zwei Jahre alt, aber sie kann schon bis 100 zählen.	Säi is eerst twei joer old, man säi kan al bit 100 tellen.
425614	Sie stellte das Radio leiser.	Säi stelde dat róódio sachter.
426076	Es wird oft gesagt, dass Japanisch eine schwer zu erlernende Sprache ist.	Dat word't fóók säeğt, dat Jóópóónsk 'n stur t' leeren tóól is.
426353	Plötzlich fing es an zu regnen.	T'móól fung 't an t' reegen.
426775	Sie hatte Angst vor dem Hund.	Säi was bâang fööer d' hund.
426800	Ich habe ihm nicht die Wahrheit gesagt, weil ich Angst hatte, sein Gefühle zu verletzen.	Ik heb hum näit däi worhaid säeğt, um dat ik bâang was, siin geföylen t' beseeren.
427889	Die Zahl der Schüler in dieser Klasse ist auf 15 beschränkt.	Däi tóól fan däi skaulers in disser klâas is up 15 beskrenkt.
432011	Hör auf, mich zu nerven. Ich bin beschäftigt.	Skaaj uut mii t' nerven. Ik heb 't drok.
433368	Du bist ein guter Koch.	Duu büst 'n gâaud kok.
435998	Dieser Brief ist persönlich. Ich will nicht, dass jemand anders ihn liest.	Disser bräif is persöönelk. Ik wil näit, dat annerswel hum lest.
436049	Viele Firmen haben ihre Belegschaft auf ein Minimum reduziert.	Fööl firmen hebbent höör persoonóól up 'n minimum redusäärt.
436072	Die Regierung ergriff entschlossene Maßnahmen gegen die Inflation.	Dat regäären ergreep undslooten móótreegels teegen däi inflóósjoon.
437337	Hier ist der Fernsehsender, wo mein Onkel als Nachrichtensprecher arbeitet.	Hir is däi feersäisenner, wor miin unkel as nóórichtenspreeker aarbaid't.
437606	Auf seinem Schreibtisch lagen so viele Sachen rum, dass er keinen Platz zum Schreiben hatte.	Up siin skriivtóóvel lağğent soo fööl sóóken rund, dat häi kiin bot tau 't skriiven haar.
437807	Die Party findet nächste Woche Samstag, also am 25.8. statt.	Däi fier fint anner wêek sóóterdağ, alsoo up d' 25.8. plóóts.
438273	Morgen bin ich beschäftigt. Deshalb habe ich jemanden besorgt, der mich vertritt.	Mörn heb ik 't drok. Düs heb ik äien besörğt, däi mii fertreeden daajt.
438292	Du hättest alle Türen abschließen oder zumindest schließen sollen.	Duu haarst âal döören ofsluuten of t'minst diechtmóóken sult.
438362	Die Veröffentlichung der Ausgabe dieses Monats wird sich wahrscheinlich um eine Woche verzögern.	Däi publikóósjoon fan d' uutgóóev fan disser móónd sal sük worskiinelk um 'n wêek ferlóótern.
438431	Das Kraftwerk versorgt den entfernten Bezirk mit Elektrizität.	Dat krachtwaark fersörğt däi undfeert betsirk mit elektrisitäit.
438433	Dieses Kraftwerk allein versorgt mehrere Städte mit Elektrizität.	Dit krachtwaark aläien fersörğt meerder steeden mit elektrisitäit.
438743	Wenn du in Amerika studieren willst, brauchst du ein Studentenvisum.	Doo duu in Amerikó stuudäären wult, bruukst duu 'n stuudentenwiisum.
438752	Gute Nacht!	G' nacht!
439095	Die Frau trank den servierten Lime-Gin in einem Zug aus.	Däi frâau drunk däi serwäärt lime-gin in äin tsuğ uut.
439099	In Amerika hat sich der Verzehr von Fastfood von 1977 bis 1995 verdreifacht.	In Amerikó het sük däi ferteer fan fastfood fan 1977 bit 1995 ferdreifolliğt.
439125	Die Prinzessin jedoch verschanzte sich im Zimmer und kam nicht heraus.	Man dat prinsesske ferskansde sük in d' kóómer un kwam d'r näit uut.
439407	Der Vater der Braut kam zu spät zur Trauung.	Däi fóóder fan d' bruud kwam t' lóót nóó 't traauen.
439766	Ich denke, dass Skateboard fahren stark die Knie belastet.	Ik denk, dat skateboardforen düğtiğ däi knäjen belast't.
439864	Vor kurzem wurden in Afghanistan reichhaltige Mineralvorkommen entdeckt.	Annerlessens wurdent in Afgóónistóón riikholliğ mineróólföörkoomens unddekt.
439865	Ich gab ihm nicht nur einen Ratschlag, sondern auch ein Fahrrad.	Ik gaf hum näit alleniğ 'n róódslağ, man ook 'n fîits.
439872	Ich hätte gerne einen Termin für übermorgen.	Ik haar geern 'n termiin föör oovermörn.
441200	Wir denken, dass der Grund seines Erfolges Fleiß ist.	Wii denkent, dat däi grund fan siin erfolğ fliit is.
441463	Wenn du diesen Artikel liest, wirst du die Schwere des Unfalls verstehen.	Doo duu disser artikkel lest, sast duu däi sworhaid fan däi unfal ferstóón.
441714	Ethnische Minderheiten kämpfen mit Vorurteilen, Armut und Unterdrückung.	Etnisk minnerhaiden kemfent mit fööroordäilen, aarmaud un unnerdrükken.
441783	Ich beriet mich mit meinem Vater und entschloss mich, die Arbeitsstelle zu wechseln.	Ik berood mii mit miin fóóder un undsloot mii, däi aarbaidsstee t' wesseln.
441876	Wenn Gott nicht existieren würde, müsste man ihn erfinden.	Doo God näit eksistäären dee, mus man hum uutfinnen.
441885	Eine Gesellschaft ohne Religion ist wie ein Schiff ohne Kompass.	'N selskup sünner religjoon is as 'n skip sünner kumpas.
441924	Es ist schwierig, es auf dem Landweg zu transportieren, aber einfach, es auf dem Seeweg zu transportieren.	Dat is stur, dat up d' landweğ t' transportäären, man makkelk, dat up d' seiweğ t' transportäären.
441977	Es war ein furchtbarer Tag.	Dat was 'n griiselk dağ.
443083	Ein Thermometer ist ein Instrument zum Messen der Temperatur.	'N termomeeter is 'n instrument tau 't meeten fan däi temperótüer.
443433	Gestern war Freitag, und übermorgen ist Montag.	Güster was freidağ, un oovermörn is móóndağ.
443570	Diese Wohnung ist größer als alle anderen in diesem Gebäude.	Dit woonen is grooter as âal annernt in dit gebôojd.
443602	Er wird zu den größten Wissenschaftlern der Welt gezählt.	Häi word't tau däi grôotst wäitenskuppers fan d' weerld telt.
443827	Die Summe der Winkel eines Dreiecks ist 180 Grad.	Däi suem fan däi winkels fan 'n dreikâant is 180 gróód.
443828	Vielleicht hat das gar nichts mit unserem Problem zu tun.	Fiilicht het dat häil niks mit us probleem t' daun.
444052	Mein Vater schlug vor, heute Abend ins Kino zu gehen.	Miin fóóder slooğ fööer, fanóóvend in 't kiino t' góón.
444519	Unser Betrieb plant, in Russland eine neue Chemiefabrik zu bauen.	Us bedriif plóónt, in Rusland 'n näej skeemiifabrik t' baauen.
444927	Ich möchte, dass das Auto so schnell wie möglich repariert wird.	Ik wil, dat dat aauto soo gaau as möögelk reparäärt word't.
444960	Ich habe meinen Regenschirm irgendwo im Park verloren. Ich muss einen neuen kaufen.	Ik heb miin reegenskiirm ennerwor in d' park ferlooren. Ik maut 'n näej koopen.
445071	Die Schule befindet sich fünf Gehminuten von der Haltestelle.	Däi skaul is fiif loopmenüüten fan d' haltstee.
445104	Im sechsten Jahrhundert übernahmen die Angelsachsen die lateinische Schrift.	In 't säest jorhunnert deedent däi Angelsaksen däi letiinsk skrift ooverneemen.
445854	Die Anzahl Studenten, die zum Studieren ins Ausland gehen, nimmt jedes Jahr zu.	Däi antóól fan stuudenten, däi nóó 't stuudäären in 't buutenland góónt, nimt elker joer tau.
445890	Zieh deine nasse Kleidung aus.	Trek diin nâat kläär uut.
445936	Sie zeigte mir ihr neues Auto.	Säi wees mii höör näej aauto.
446045	Die blinde Krankenschwester widmete sich der Pflege der Älteren.	Däi blien krankenswester widmerde sük däi plêeğ fan däi ollerdern.
446256	Die plötzliche Zunahme ultravioletter Strahlen ließ die Wissenschaftler an die Existenz von Ozonlöchern glauben.	Dat t'móól tauneemen fan ultrófiigeläet stróólen leet däi wäitenskuppers an d' eksistens fan otsoongóóten lööven.
446386	Da kann man nichts machen.	D'r kan man niks an daun.
446425	Ich kann die Einladung nicht annehmen, da ich eine andere Verpflichtung habe.	Ik kan dat nöygen näit anneemen, um dat ik 'n anner ferplichten heb.
448287	Das Baseballspiel war so spannend, dass jeder bis ganz zum Schluss blieb.	Dat baseballspil was soo spannend, dat elk bit häil tau 't slus bleev.
448339	Das Gute an diesem elektronischen Wörterbuch ist, dass man es leicht mit sich führen kann.	Dat gâaud an dit elektroonsk woordenbauk is, dat man 't makkelk mit sük fören kan.
448408	Der Zug entgleiste, und es gab ca. 30 Tote und Verletzte unter den Fahrgästen.	Däi tsuğ undglaisde, un dat gaf ruuğweğ 30 dooden un beseerten unner däi forgasten.
448430	Es gab viele Verletzte, aber kaum Vermisste.	Dat gaf fööl beseerten, man bold kiin fermisten.
448682	Mit 25 Buchstaben ist "anticonstitutionnellement" das längste französische Wort.	Mit 25 letters is "anticonstitutionnellement" dat lâangst fransk woord.
449959	Manche Leute sind auf Ruhm aus.	Menniğ lüü bünt up raum uut.
450732	„Warum hast du angefangen, Klavier zu spielen?“ „Weil ich Musiklehrer werden möchte.“	"Woosoo hest duu anfangen, klewäär t' spöölen?" "Um dat ik musikmester worden wil".
451334	Die Schweiz ist ein wundervolles Land, das einen Besuch wert ist.	Däi Swiits is 'n wunnerbor land, dat 'n besöyk weerd is.
452627	Er trifft die meisten, wenn nicht alle, wichtigen Entscheidungen für seine Firma.	Häi dröpt däi mäiest, wen näit âal, wichtiğ undskäidens föör siin firmó.
454229	1998 überstiegen Japans Exporte die Importe um 77,8 Milliarden Dollar.	1998 ooversteegent Jóópóón siin eksporten däi importen um 77,8 miljaarden duller.
454704	Romeo glaubte, dass Julia gestorben sei, und beschloss, sich umzubringen.	Romeo löövde, dat Julia stüürven was, un besloot, sük um t' brengen.
454726	Wenn Sie die Medizin einnehmen, folgen Sie genau der auf der Flasche abgedruckten Gebrauchsanweisung.	Doo Jii däi medsiin inneement, folgent Jii genaau dat up d' fläes ofdrükt gebruuksanwiisen.
454945	Das nervöse Mädchen hat die Angewohnheit, am Ende ihres Bleistiftes zu kauen.	Dat nervööes wicht het dat anwenst, up 't äen fan höör bläj t' kaauen.
455125	Die Japaner ziehen ihre Schuhe aus, wenn sie ein Haus betreten.	Däi Jóópóóners trekkent höör skau uut, doo säi 'n huus betreedent.
455215	Kann man aus dem Kreisumfang den Durchmesser bestimmen?	Kan man uut däi kraisumfang däi döörmeeter bestemmen?
455259	Ich habe die Nachricht gehört, dass es ein großes Erdbeben in Awaji gegeben hat.	Ik heb däi nóóricht höört, dat 't 'n groot eerdbeeven in Awaji geeven het.
455333	Mein Vater kam heute Morgen wegen eines Staus zu spät zur Arbeit.	Miin fóóder kwam fanmörn um 'n staau t' lóót nóó d' aarbaid.
455348	Da er beträchtlich mit der Miete in Verzug war, wurde er aus seiner Wohnung geworfen.	Um dat häi düğtiğ mit däi hüer in fertsuğ was, wur häi tau siin woonen uut smeeten.
455653	Wir verbinden den Namen Einstein mit der Relativität.	Wii ferbinnent däi nóóm Einstein mit däi relóótiivitäit.
455667	Er hat zwei Töchter, die beide mit Ärzten verheiratet sind.	Häi het twei dochters, däi bâajd mit dokters traaut bünt.
457354	Dieser Ring ist ein magischer Gegenstand, der seinem Träger große Kräfte verleiht.	Disser ring is 'n móóğsk geegenstand, däi siin dróóger grôot krachten ferläint.
457903	Wir verbinden den Namen Darwin mit der Evolutionstheorie.	Wii ferbinnent däi nóóm Darwin mit däi ewulusjoonsteorii.
458892	Der Mann, den ich für seinen Vater hielt, stellte sich als völlig Fremder heraus.	Däi keerl, däi ik föör siin fóóder hul, stelde sük as 'n häilundal fröem d'r uut.
459372	Ich hätte diesen elektrischen Rasierer vor dem Kauf ausprobieren sollen.	Ik haar disser elektrisk skeerapparóót fööer d' koop uutprobäären sult.
459682	Heute ist Schultag. Ich sollte besser nicht zu spät kommen...	Fandóóeğ is skauldağ. Ik sul beeter näit t' lóót koomen.
459788	Frankfurter wurden das erste Mal in den 1860ern in den Vereinigten Staaten verkauft.	Frankfurters wurdent dat êerst móól in däi 1860er in d' Feräint Stóóten ferköft.
460089	Während der Sommerferien habe ich mich mit vielen Dorfbewohnern angefreundet.	In d' sömmerfeerjen heb ik mii mit fööl lauğsters anfründjet.
460609	Ausländische Investoren zogen sich wegen regionaler politischer Unruhen zurück.	Buutenlandsk inwestooren trukkent sük um regjoonóóel politisk wöören t'rüeğ.
461712	Ich wollte gerade das Haus verlassen, als das Telefon klingelte.	Ik wul net dat huus ferlóóten, as dat telefoon klingelde.
463672	Er hielt geheim, dass er seinem Sohn ein Fahrrad gekauft hatte.	Häi hul gehäim, dat häi siin jung 'n fîits köft haar.
465116	Es ist schlimm, andere Menschen zu betrügen, aber noch schlimmer, sich selbst zu betrügen.	Dat is läip, anner minsken t' bedräigen, man noch läiper, sük sülst t' bedräigen.
465235	Wenn du diesen Knopf drückst, öffnet sich die Tür.	Doo duu disser knôop drükst, gaajt däi dööer oopen.
465992	Das ist die Kamera meiner Schwester.	Dat is miin süster höör kameró.
466196	Neben dem Ausleihen von Büchern bieten Büchereien verschiedene weitere Dienste an.	Nóóst dat uutläinen fan bauken bäident bibliotäiken ferskeelend anner densten an.
466491	"Ist es das erste Mal, dass Sie hier sind?" - "Ja, es ist mein erster Besuch."	"Is 't dat êerst móól, dat Jii hir bünt?" - "Jóó, dat is miin êerst fersîit."
466493	Die erste Gruppe studiert am Morgen, die zweite am Abend.	Däi êerst gruep stuudäärt up d' mörn, däi twäied up d' óóvend.
467786	Selbst wenn die Sonne im Westen aufginge, würde ich meine Meinung nicht ändern.	Sülst doo däi süen in 't west upgung, dee ik miin mäinen näit annern.
473562	Die Karten gelten nur zwei Tage, inklusive dem Tag, an dem sie gekauft wurden.	Däi korten gellent bloot twei dóóeğ, inklusiif däi dağ, wor säi up köft wurdent.
474567	Sag mir, warum sie weint.	Säeğ mii woosoo säi bruelt.
475882	Je älter du bist, desto schwieriger ist es, eine Sprache zu lernen.	Woo oller duu büst, soo sturder is 't, 'n tóól t' leeren.
476435	Wir hatten nicht erwartet, dass er die Aufgabe in so kurzer Zeit bewältigt.	Wii haarent näit ferwacht't, dat häi däi upgóóev in soo 'n köert tiid föörnanner kriğt.
478095	Wir hören oft, dass gesagt wird, die Japaner seien gute Arbeiter.	Wii höörent fóók, dat säeğt word't, däi Jóópóóners wassent gâaud aarbaiders.
478461	Wie spät ist es?	Woo lóót is 't?
479618	Neulich ging ich zum ersten Mal in meinem Leben fischen.	Annerlessens gung ik tau 't êerst móól in miin leevend fiskern.
479627	Sie ist eine sehr gute Lehrerin.	Säi is 'n läip gâaud mesterske.
479644	Der Eiffelturm befindet sich in der gleichen Stadt wie der Louvre.	Däi Eiffeltoorn befint sük in d' sülviğ stad as däi Louvre.
479822	Du lügst mich an.	Duu lüğst mii an.
479832	Es hatte den Kopf einer Frau, den Körper eines Löwen, die Flügel eines Vogels und den Schwanz einer Schlange.	Dat haar däi kop fan 'n frâau, däi körper fan 'n lööew, däi flöögels fan 'n föögel un däi steert fan 'n slâang.
479900	Ich hatte Schwierigkeiten, sie von den Gefahren des Rauchens zu überzeugen.	Ik haar sturiğkaiden, höör fan däi geforden fan 't smooken t' oovertüügen.
481140	Das Ziel dieses Spiels ist, alle Bomben auf dem Bildschirm explodieren zu lassen.	Dat tsiil fan dit spil is, âal bumben up d' bildskiirm eksplodäären t' lóóten.
483176	Mein Vater glaubte, dass alle, die in Japan keinen Lebensunterhalt verdienen können, Faulpelze seien.	Miin fóóder löövde, dat âal, däi in Jóópóón kiin leevendsunnerhold ferdäinen köönent, laajwamsen wassent.
483302	Ich möchte diesen Sommer verreisen, aber ich weiß nicht wohin.	Ik wil fansömmer ferraajsen, man ik wäit näit wor hen.
483380	Es schmeckt wirklich gut.	Dat smóókt wies gaud.
484703	Ein neues Team wurde gegründet, um an dem Bootrennen teilzunehmen.	'N näej team wur grünt, um an dat bootrönnen däil t' neemen.
485019	Du bist ganz bleich im Gesicht.	Duu büst häil bläik in ' t gesiecht.
485083	Es ist nutzlos, über seine verlorene Jugend nachzudenken.	Dat is nütslös, oover siin ferlooren jööğd nóó t' denken.
486060	Auf meiner Reise nach Australien habe ich zum ersten Mal den Äquator überquert.	Up miin râajs nóó Aaustróólien heb ik föör 't êerst móól däi ekwóótoor ooverkweert.
486164	Letzten Endes wird die Raumfahrt nützlich für die ganze Menschheit sein.	Lesserhand sal däi ruumfort nütselk föör däi häiel minskhaid weesen.
486439	Ein Buch, das es nicht wert ist, gelesen zu werden, ist es von Anfang an nicht wert, gekauft zu werden.	'N bauk, wat 't näit weerd is, leesen t' worden, is 't fan anfang an näit weerd, köft t' worden.
486443	Anfänglich hatte er Probleme, sich an das Leben in seinem neuen Haus zu gewöhnen.	Up d' anfang haar häi probleemen, sük an 't leevend in siin näej huus t' wennen.
486858	Diplomatische Beziehungen zwischen Japan und Nordkorea sind noch nicht etabliert.	Diploomóótsk betrekkens tüsken Jóópóón un Noordkoreó bünt noch näit etóbläärt.
491044	Die Nationalflagge der Vereinigten Staaten wird Sternenbanner genannt.	Däi nóósjoonóólflâağ fan d' Feräint Stóóten word't steernbanner nöymt.
496811	Ukrainische Mädchen sind die schönsten Mädchen der Welt.	Ukrainsk wichter bünt däi môojst wichter fan d' weerld.
496848	Ich denke, dass er einen großen Fehler macht, wenn er die Arbeit ablehnt.	Ik denk, dat häi 'n grôot feeler móókt, doo häi däi aarbaid ofleent.
496855	Es war dumm von ihm, ihr Angebot abzulehnen.	Dat was dum fan hum, höör anbod of t' leenen.
502052	Bei dem Unfall wurden drei Arbeiter im Lastwagen getötet.	Bii dat melöör wurdent drei aarbaiders in d' lastwóógen dood't.
509168	Wer bist du?	Wel büst duu?
509640	In diesem Aufsatz vergleiche ich deutsche und niederländische Volkssagen.	In disser upsats fergliik ik düütsk un hollandsk folkssäegen.
509842	Zamenhof, Begründer der Plansprache Esperanto, war ein Augenarzt.	Zamenhof, begrünner fan d' plóóntóól Esperanto, was 'n oogendokter.
510018	Sie erbauten ihr Reich in Peru vor ungefähr fünfhundert Jahren.	Säi erbaaudent höör riik in Peruu fööer ruuğweğ fiifhunnert joer.
510148	Es ist besser, dir Zeit für diese Arbeit zu nehmen, als dich zu beeilen und Fehler zu machen.	Dat is beeter, dii tiid föör disser aarbaid t' neemen, as dii t' hóósten un feelers t' móóken.
510964	Mein Vater sagte, dass er sich einen Tag reservieren wollte, um mich mit in den Zoo zu nehmen.	Miin fóóder see, dat häi sük 'n dağ reserwäären wul, um mii mit in d' tsoo t' neemen.
511879	Wenn du zwischen den Zeilen liest, ist dieser Brief eine Geldanforderung.	Doo duu tüsken däi riigen lest, is disser bräif 'n geldanföördern.
511907	Als sie den Bahnhof erreichten, war der Zug schon abgefahren.	Doo säi däi bóónhof berekdent, was däi tsuğ al offoren.
513078	Wenn du unbekannten Wörtern begegnest, musst du sie im Wörterbuch nachschlagen.	Doo duu unbekent woorden t' möyet kumst, maust duu höör in 't woordenbauk nóóslóón.
513092	Du siehst sehr blaß aus.	Duu letst läip bläik.
513439	Demokratie ist eine Idee, die auf die alten Griechen zurückgeht.	Demokróótii is 'n idee, däi up däi oel Gräiken t'rüeğgaajt.
514709	Am selben Tag landete die Apollo 11 erfolgreich auf der Mondoberfläche.	Up d' sülviğ dağ lande däi Apollo 11 erfolğriik up d' móónboovenflâakt.
516304	Ich hätte einen längeren Brief geschrieben, wenn ich mehr Zeit gehabt hätte.	Ik haar 'n langerder bräif skreeven, doo ik meer tiid hat haar.
516344	Cesar Chavez starb 1993 im Alter von sechsundsechzig Jahren. Mehr als 40.000 Menschen wohnten seinem Begräbnis bei.	Cesar Chavez stüürv 1993 up 't oller fan sesuntsestiğ joer. Meer as 40.000 minsken wassent bii siin begrafnis.
517948	Als der Sturm vorbei war, begannen wir mit den Vorbereitungen für das Auslaufen.	Doo däi stöörm f'rbii was, fungent wii mit däi föörberäidens föör 't uutloopen an.
518779	Ihr seid sehr mutig.	Jii bünt läip maudiğ.
518780	Sie sind sehr mutig.	Säi bünt läip maudiğ.
519553	Wenn ich nicht durchfalle, kann ich innerhalb dieses Jahres meinen Führerschein bekommen.	Doo ik näit döörfaal, kan ik binnen dit joer miin förderskiin kriigen.
519686	Wir bemühen uns derzeit, den normalen Service möglichst schnell wiederherzustellen.	Wii bemaient us upstünds, däi n'rmóóel service möögelkst gaau weerheer t' stellen .
519710	In Gesetzestexten werden häufig schwierige Wörter und Ausdrücke verwendet.	In wetteksten wordent fóók stur woorden un uutdrükken bruukt.
520700	Es wird erwartet, dass die Einführung der neuen Steuer die ganze Wirtschaft beeinflussen wird.	Dat word't ferwacht't, dat dat infören fan däi näej stüer däi häiel wirtskaft beinflauden sal.
520711	Britisches Englisch unterscheidet sich in vielen Dingen von amerikanischem Englisch.	Briitsk Engelsk ferskeelt in fööl dingen fan amerikóónsk Engelsk.
520758	Der Optimist schaut in einen Spiegel und wird optimistischer, der Pessimist pessimistischer.	Däi optimist kikt in 'n späigel un word't optimistisker, däi pessimist pessimistisker.
521186	Wo du doch so gern Briefe schreibst, warum schreibst du ihr nicht mal ein paar Zeilen?	Doo duu doch soo geern bräiven skrifst, woosoo skrifst duu höör näit móól 'n poer riigen?
521210	Bitte sagen Sie mir, welche Zuglinie ich vom Flughafen in die Innenstadt nehmen muss.	Bitte säegent Jii mii, wekker tsuğliinje ik fan d' fluğhóóven nóó d' binnenstad neemen maut.
521673	Japan erklärte den Vereinigten Staaten im Dezember 1941 den Krieg.	Jóópóón ferklorde däi Feräint Stóóten in d' desember 1941 däi oorlauğ.
522120	Die Glocke hat noch nicht geläutet.	Däi kloek het noch näit lüd't.
522156	Meine Schwester, eine Studentin, hat beim Redewettbewerb gewonnen.	Miin süster, 'n stuudentske, het bii d' räidwedstriid wunnen.
522277	Leider haben wir den Artikel, nach dem Sie sich erkundigt haben, derzeit nicht auf Lager.	Spiitelkerwîis hebbent wii däi artikkel, däi Jii anfrağt hebbent, upstünds näit up lóóger.
522505	Ich hätte gern die Telefonnummer des nächsten American-Express-Büros.	Ik haar geern däi telefoonnummer fan dat nóóest American-Express-büro.
522880	Der Arzt überwacht den Herzschlag und den Blutdruck des Patienten.	Däi dokter ooverwóókt däi haartslağ un däi blauddrük fan däi pasjent.
524541	Eine fette weiße Katze saß auf einer Mauer und beobachtete sie mit schläfrigen Augen.	'N fäet wiet kâat sat up 'n müer un abserwäärde höör mit slóóperğ oogen.
526503	Kinshasa ist die Hauptstadt der Demokratischen Republik Kongo.	Kinshasa is däi hoovdstad fan d' Demokróótsk Republik Kongo.
527766	Spiel bitte die Aufnahme ab, nachdem die Aufzeichnung beendet ist.	Spööl bitte däi upnóóem of, nóódeem dat uptäiken dóón is.
529765	Der einzige Unterschied zwischen einer schlechten Köchin und einer Giftmischerin ist die Absicht.	Däi enkeld ferskeel tüsken 'n släecht kookske un 'n giftmiskerske is däi ofsicht.
529842	Nachdem ich meine Hausaufgaben erledigt hatte, konnte ich endlich fernsehen.	Nóódeem ik miin huusupgóóven dóón haar, kun ik ennelk feersäin.
531055	"Warum fährst du nach Japan?" - "Um an einer Konferenz in Tokio teilzunehmen."	"Woosoo forst duu nóó Jóópóón?" - "Um an 'n kunferens in Tokio däil t' neemen."
531304	Der einzige Unterschied zwischen einem schlechten Koch und einem Giftmischer ist die Absicht.	Däi enkeld ferskeel tüsken 'n släecht kok un 'n giftmisker is däi ofsicht.
531901	Das wird keine Folgen haben.	Dat sal kiin folgen hebben.
532248	Sie erhalten eine Bestätigung, sobald Ihr Benutzerkonto durch einen Administrator aktiviert worden ist.	Jii kriigent 'n besteedigen, soo dróó Jau benütserkunto döör 'n administróótoor aktiiväärt worden is.
532301	Die Hauptinseln Japans sind Hokkaido, Shikoku, Honshu und Kyushu.	Däi hoovdailâan fan Jóópóón bünt Hokkaido, Shikoku, Honshu un Kyushu.
533730	Es sind die Dinge, die wir nicht besitzen, die uns am begehrenswertesten erscheinen.	Dat bünt däi dingen, däi wii näit besittent, däi us begeerensweerdst lóótent.
534985	Sie mag Antiquitäten sehr.	Säi mağ antikwitäiten läip geern.
535673	Menschen, die in der Stadt wohnen, kennen die Freuden des Landlebens nicht.	Minsken, däi in d' stad woonent, kennent däi fraajten fan 't landleevend näit.
537788	Esperanto, Ido, Interlingua, Klingonisch, Lojban, Na'vi und Volapük sind konstruierte Sprachen.	Esperanto, Ido, Interlinguó, Klingoonsk, Lojban, Na'vi un Volapük bünt kunstruäärt tóólen.
537951	Was ich dir über ihn sagte, gilt auch für seinen Bruder.	Wat ik dii oover hum see, gelt ook föör siin brör.
538099	Da Bier nach seinem Malzgehalt versteuert wird, ist Bier mit niedrigem Malzgehalt billiger.	Um dat bäär nóó siin moltgehalt ferstürt word't, is bäär mit lêeğ moltgehalt billiger.
538193	Die Stadt wird durch ein Wasserreservoir in den Bergen mit Wasser versorgt.	Däi stad word't döör 'n wóóterreserwaar in d' baargen mit wóóter fersörğt.
539186	Das plötzliche Nachlassen von Appetit ist manchmal das Symptom einer Krankheit.	Dat nüüel nóólóóten fan aptiit is of un an dat sümptoom fan 'n krankhaid.
540382	Dieses Haus gehört ihm.	Dit huus höört hum.
540692	Die Erde unterscheidet sich darin von den anderen Planeten, dass es auf ihr Wasser gibt.	Däi êer ferskeelt d'r in fan däi anner planeeten, dat 't up höör wóóter gift.
540948	Nach einigen Minuten begann ich, das Interesse an dem Gespräch zu verlieren.	Nóó wat menüüten fung ik an, dat interäes an dat gesprek t' ferläisen.
541080	Er sagte, wenn er viel Geld hätte, würde er das Wörterbuch kaufen.	Häi see, doo häi fööl geld haar, dee häi dat woordenbauk koopen.
541146	Das wahre Geheimnis, einen guten Brief zu schreiben, ist zu schreiben, als ob du sprechen würdest.	Dat woer gehäimnis, 'n gâaud bräif t' skriiven, is t' skriiven, as of duu prooten deest.
543723	Während sie hinter dem einen Streich spielenden Jungen herrannte, verlor sie einen Schuh.	Wiilst säi achter däi 'n sküüfke spöölend jung an loopen dee, ferloor säi 'n skau.
543858	Aufgrund seines Wissens und seiner Erfahrung konnte er mit den Schwierigkeiten umgehen.	Um siin wäiten un siin erforen kun häi mit däi last umgóón.
543860	Anstatt auf den offiziellen Vertrag zu warten, können wir den Fall auch schon am Telefon klären.	In stee fan up däi offisjäel kuntrakt t' wachten, köönent wii dat gefal ook al an 't telefoon kloren.
544618	Es waren einmal ein armer, alter Mann und eine reiche Frau.	D'r wassent insent 'n âarm, oel keerl un 'n rîik frâau.
545597	Lass die verrauchte Luft aus dem Zimmer und frische Luft hinein.	Lóót däi fersmookt lücht tau d' kóómer uut un frisk lücht binnen.
546273	Es bewerben sich mehr Studenten an der Universität, als zugelassen werden können.	D'r bewaarvent sük meer stuudenten an d' uniwersitäit, as taulóóten worden köönent.
547141	Anwälte und Automechaniker sind die Leute, denen ich am wenigsten vertraue.	Afkóóten un aautomechóónikkers bünt däi lüü, däi ik minst fertrau.
548097	Der Verkehrsunfall hinderte mich daran den Zug zu erwischen.	Däi ferkeersunfal hinnerde mii d'r an däi tsuğ t' kriigen.
548352	Der Apfel ist noch nicht reif.	Däi appel is noch näit riip.
551689	Er stellte klar, dass er mit der Sache nichts zu tun hatte.	Häi dee klorstellen, dat häi mit däi sóóek niks t' daun haar.
553013	Frauen reden gerne.	Fraaulüü prootent geern.
554545	Wenn ich Ihre Telefonnummer gekannt hätte, hätte ich Sie angerufen.	Doo ik Jau telefoonnummer kent haar, haar 'k Jau anraupen.
555862	Ohne es zu merken, sagte er ihr genau das, was sie wissen wollte.	Sünner dat t' maarken, see häi höör net akróót dat, wat säi wäiten wul.
556082	Nach dem Gewinn der Meisterschaft war die gesamte Fußballmannschaft auf Wolke sieben.	Nóó däi winst fan d' maisterskaft was däi häiel fautbaalmanskup up wuelk sööem.
556100	Wegen dem schlechten Wetter hatte das Flugzeug drei Stunden Verspätung.	Um dat släecht wêer haar dat fluğtsoiğ drei stüen ferlóótern.
556114	Wegen des schlechten Wetters hatte das Flugzeug drei Stunden Verspätung.	Um dat släecht wêer haar dat fluğtsoiğ drei stüen ferlóótern.
556125	Sechs von uns machen dieses Wochenende einen Ausflug an den Strand.	Säes fan us móókent fanweekenäen 'n uutfluğ an d' strand.
557550	So weit ich sehen konnte, sah ich nichts außer Maisfeldern.	Soo wiid ik säin kun, sağ ik niks as maisfäel.
557898	Ich habe beim Origami zwei linke Hände.	Ik heb bii d' origami twei linker hâan.
558067	Erst nachdem ich Australien besucht hatte, wurde mir klar, wie klein Japan ist.	Eerst nóódeem ik Aaustróólien besöcht haar, wur mii klor, woo lütjet Jóópóón is.
558379	Wenn du im Lotto gewinnen würdest, was würdest du mit dem Geld machen?	Doo duu in 't lotto winnen deest, wat deest duu mit dat geld móóken?
559901	Wenn ich als Kind etwas falsch machte, bekam ich den Hintern versohlt.	Doo ik as kind wat ferkeert mook, kreeğ ik wat fööer d' moers.
560072	Mein Wunsch, Arzt zu werden, entstand, als ich mich um meinen kränkelnden Bruder kümmerte.	Miin wünsk, dokter t' worden, undstun, doo ik mii um miin krenkelnd brör kümmerde.
560092	Es steht außer Zweifel, dass Kamele im mittleren Osten sehr nützlich sind.	Dat staajt buuten twiivels, dat kemeelen in 't Middeloost läip nütselk bünt.
561023	Obwohl er in England geboren wurde, spricht er sehr schlecht Englisch.	Alwoo häi in Engelland booren wur, proot't häi läip slecht Engelsk.
561311	Der Normalzug ist nicht so komfortabel wie der Expresszug.	Däi n'rmóóltsuğ is näit soo kumfoortóóbel as däi eksprestsuğ.
562293	Es dauert Jahre, bis man eine Fremdsprache beherrscht.	Dat dürt joren bit man 'n frömdtóól beheerskert.
562580	Der Sohn meines Nachbarn hat heute meine Tochter in der Schule ausgelacht.	Däi jung fan miin nóóber het fandóóeğ miin dochter in d' skaul uutlaağt.
566230	Er ist nicht faul. Im Gegenteil, ich glaube, dass er hart arbeitet.	Häi is näit laaj. In 't teegendäil, ik lööv, dat häi haard aarbaid't.
566477	Sie ist sehr unbekümmert.	Säi is läip unbekümmert.
567051	Meistens schläft er nicht vor zwei, ja sogar drei Uhr morgens ein.	Mäisttiids slöpt häi näit fööer twäj, je sülst drei üer 's mörns in.
567349	Sie müssen Ihre Abreise nach England auf nächste Woche verschieben.	Jii mautent Jau ofrâajs nóó Engelland up tauken wêek ferskuuven.
568454	1978 wurde ein Friedensvertrag zwischen Japan und China unterzeichnet.	1978 wur 'n freedenskuntrakt tüsken Jóópóón un Skiinó unnertäikent.
568988	Tom stand im U-Bahnhof Westminster auf dem Bahnsteig.	Tom stun in d' u-bóónhof Westminster up d' perong.
570141	Mary tanzt zwar im Moment nicht viel, aber ich weiß, dass sie früher viel getanzt hat.	Mary danst wal upstünds näit fööl, man ik wäit, dat säi frauer fööl danst het.
570738	Konrad Adenauer war der erste Kanzler der Bundesrepublik Deutschland.	Konrad Adenauer was däi êerst kansler fan d' Bundsrepublik Düütskland.
570796	Wenn ich damals vorsichtig gewesen wäre, wäre der schreckliche Unfall nicht passiert.	Doo ik doo f'rsichtiğ west haar, was dat griiselk melöör näit geböört.
571198	Da es schon spätabends war und ich schon sehr müde war, blieb ich im Gasthaus.	Um dat 't al lóót s' óóvends was un ik al läip möej was, bleev ik in 't weertshuus.
571894	Ein sehr gut aussehender Prinz traf eine außergewöhnlich schöne Prinzessin.	'N häil gaud lóótend prins dee 'n buutengewôon môoj prinsesske dräepen.
572965	Hör auf, um den heißen Brei herumzureden, und sag uns, was du wirklich denkst.	Skaaj uut, um däi häiet bräj umtau t' prooten, un säeğ us, wat duu wies denkst.
574598	Ich fuhr 120 Stundenkilometer, als die Polizei mich anhielt.	Ik fur 120 stünnenkilomeeter, doo däi skendaarms mii anhullent.
575295	Plötzlich begannen dicke Regentropfen vom düsteren Himmel zu fallen.	T'móól fungent diek reegendrüppen an fan d' düüsterğ heemel t' faalen.
575580	Komm morgen nachmittag wieder, wenn ich mehr Zeit haben werde, mit dir zu reden.	Kum mörn nóómiddağ weer, doo ik meer tiid hebben sal, mit dii t' prooten.
575879	Alle eure Anschuldigungen haben keine Grundlage. Sie ist unschuldig, und wir werden es beweisen!	Âal jau anskülligens hebbent kiin grundlóóeğ. Säi is unskülliğ, un wii söölent dat bewiisen!
575889	Hilfe!	Hüelp!
576130	Delegierte aus vielen Ländern nahmen an der Konferenz teil.	Delegäärten uut fööl lâan namment an däi kunferens däil.
576177	Ich bin so schnell wie möglich gerannt, aber ich habe es nicht auf den letzten Zug geschafft.	Ik bün soo gaau as möögelk loopen, man ik heb 't näit up däi läest tsuğ skaft.
579307	Die Geschichte einer großen Flut ist weit verbreitet in der Mythologie der Welt.	Dat ferhóól fan 'n grôot flaud is wiid ferbred't in d' müütoloogii fan d' weerld.
579310	Willst du mit mir tanzen?	Wult duu mit mii dansen?
579324	Jeder sollte sich zumindest ein Gedicht aussuchen und dieses auswendig lernen.	Elk sul sük t'minst äin dichtsel uutsöyken un dit uutwendiğ leeren.
579349	Du wirst einen Strafzettel bekommen, wenn du dein Auto vor einem Hydranten parkst.	Duu sast 'n stróóftseedel kriigen, doo duu diin aauto fööer 'n hüüdrant parkst.
579480	Geld ist nicht alles, aber wenn Sie kein Geld haben, können Sie nichts machen.	Geld is näit âals, man doo Jii kiin geld hebbent, köönent Jii niks daun.
579481	Geld ist nicht alles, aber wenn ihr kein Geld habt, könnt ihr nichts machen.	Geld is näit âals, man doo jii kiin geld hebbent, köönent jii niks daun.
579485	Geld ist nicht alles, aber wenn du kein Geld hast, kannst du nichts machen.	Geld is näit âals, man doo duu kiin geld hest, kaast duu niks daun.
579491	Geld ist nicht alles, aber wenn man kein Geld hat, kann man nichts machen.	Geld is näit âals, man doo man kiin geld het, kan man niks daun.
580779	Wenn du etwas früher von zuhause aufgebrochen wärst, wärst du pünktlich gewesen.	Doo duu wat frauer fan huus uut upbrooken wast, haarst duu up tiid west.
582427	Es sind so viele Sterne am Himmel, ich kann sie nicht alle zählen.	D'r bünt soo fööl steerns an d' heemel, ik kan höör näit âal tellen.
582433	Sie weinte die ganze Nacht.	Säi bruelde däi häiel nacht.
582670	Sie geht ihren eigenen Weg.	Säi gaajt höör äigen pad.
583005	Iss deinen Teller leer, oder du bekommst keinen Nachtisch.	Eet diin teller leeğ, of duu kriğst kiin nóóspîis.
584156	Eifersucht in einer Beziehung kommt oft aus Mangel an Vertrauen zu Stande.	Zjelurskhaid in 'n betrekken kumt fóók uut gebrek an fertrauen t'stâan.
584993	Ich schaute mich um und stellte fest, dass ich das einzige Auto auf der Straße war.	Ik keek mii um un stelde fast, dat ik dat enkeld aauto up d' stróóet was.
585221	Das Buch ist zu teuer.	Dat bauk is t' dür.
586081	Ich mag Steak lieber als alles andere und esse es jeden zweiten Tag.	Ik mağ steak läiver as âal anner un eet dat äien up d' anner dağ.
586981	Das ist die richtige Einstellung.	Dat is dat räecht instellen.
587059	Das Herz eines Menschen ist ungefähr genauso groß wie seine Faust.	Dat haart fan 'n minsk is ruuğweğ net soo groot as siin fuust.
587388	Es ist schwer für mich, mit meinem kleinen Einkommen zu leben.	Dat is stur föör mii, mit miin lütje inkoomen t' leeven.
587903	Sei lieber fünf Minuten lang feige als ein Leben lang tot!	Wees läiver fiif menüüten lang bâang as 'n leevend lang dood!
588681	Obwohl sie so schnell rannte, wie sie konnte, verpasste sie den Bus.	Alwoo säi soo gaau leep, as säi kun, ferpaasde säi däi bus.
588685	Wenn du seine Arbeit beurteilst, solltest du seinen Mangel an Erfahrung berücksichtigen.	Doo duu siin aarbaid beoordäilst, sust duu siin gebrek an erforen beuemsichtigen.
588697	Die Nachricht von ihrem plötzlichen Tod kam wie ein Blitz aus heiterem Himmel.	Däi nóóricht fan höör nüüel dood kwam as 'n blits uut heller heemel.
588727	Sie verlangten, dass alle Exemplare des Buches zerstört wurden.	Säi ferlangdent, dat âal eksemplaaren fan dat bauk fernäilt wurdent.
589205	Stratford-on-Avon, die Geburtsstadt Shakespeares, wird jedes Jahr von vielen Touristen besucht.	Stratford-on-Avon, däi boortsstad fan Shakespeare, word't elker joer fan fööl turisten besöcht.
589841	Das hier ist ein Satz, dessen Silbenanzahl die, eines Haikus ist.	Dat hir is 'n sats, däi siin sülvenantóól däi fan 'n Haiku is.
589860	Es liegt ein Gerücht in der Luft, dass die Firma bald bankrott geht.	D'r liğt 'n gerücht in d' lücht, dat däi firmó bold bankröt gaajt.
589934	Obwohl jeder seinen eigenen Weg geht, sind unsere Ziele dieselben.	Alwoo elk siin äigen weğ gaajt, bünt us tsiilen däi sülviğ.
590336	Du bist sehr mutig.	Duu büst läip maudiğ.
592891	Ihm geht es nicht viel besser und es gibt wenig Hoffnung auf Besserung.	Hum gaajt 't näit fööl beeter un dat gift min hôop up beeterskup.
592901	Der Zirkusbesuch war sehr aufregend für die Kinder.	Däi tsirkusbesöyk was läip upreegend föör däi kinner.
592961	Zürich ist nach London der weltweit zweitgrößte Goldmarkt.	Zürich is nóó London däi weerldwiid twäidgrôotst goldmâarkt.
592987	Ich habe zwei Jahre in Japan gelebt, aber jetzt lebe ich in Kalifornien.	Ik heb twei joer in Jóópóón leevt, man nuu leev ik in Kalifornien.
592996	Die Japaner können sich glücklich schätzen, in einem Land mit natürlichen heißen Quellen zu leben.	Däi Jóópóóners köönent blîid weesen, in 'n land mit natürelk häiet wellen t' leeven.
593357	Er kleidet sich wie ein Gentleman, aber er spricht und benimmt sich wie ein Clown.	Häi kled't sük as 'n gentleman, man häi proot't un tirt sük as 'n kloon.
593611	Nimm die Pfanne vom Feuer.	Nim däi pâan fan 't füer.
593620	Sie wusste nicht, was sie den Kindern zu Weihnachten schenken sollte.	Säi wus näit, wat säi däi kinner tau wiinachten skenken sul.
594397	Letzte Nacht hat es in der Nähe gebrannt, und ich konnte nicht schlafen.	Ferleeden nacht het 't diecht bii braant, un ik kun näit slóópen.
594398	Es gibt einen feinen Bedeutungsunterschied zwischen den beiden Worten.	Dat gift 'n fîin bedüüdensferskeel tüsken däi bâajd woorden.
594510	Das Wetter wurde im Verlauf des Tages immer schlechter.	Dat wêer wur in d' loop fan d' dağ altiid maaler.
594760	Die Insel ist während des Winters von Eis und Schnee bedeckt.	Dat ailand is 's winterdóóğs fan iis un snäj bedekt.
594778	Du machst Witze!	Duu móókst grappen!
594779	Das sollte uns genug Geld einbringen, um wieder schwarze Zahlen zu schreiben.	Dat sul us nauğ geld inbrengen, um weer swâart tóólen t' skriiven.
594883	In Tokio gibt es Jahr für Jahr weniger Wildvögel.	In Tokio gift dat joer föör joer minner wildföögels.
595621	Ich sah einen jungen Mann auf der Bank unter dem Kirschbaum im Park liegen.	Ik sağ 'n jueng keerl up d' bâank unner d' kaarsenboom in d' park liegen.
596382	Sechzig Prozent der erwachsenen japanischen Männer trinken regelmäßig Alkohol.	Tsestiğ prosent fan däi grootwuesen jóópóónsk manlüü drinkent reegelmóótiğ kuer.
596588	Glück hängt nicht so sehr von den äußeren Umständen ab wie von der inneren Einstellung zum Leben.	Glük hangt näit soo fööl fan däi ekstêern umstâan of as fan 't inwendiğ instellen tau 't leevend.
596881	In Kanada gibt es viele Gebiete, wo das Fällen von Bäumen verboten ist.	In Kanóódó gift dat fööl gewesten, wor dat kappen fan boomen ferbooden is.
597260	Sie beherrscht Englisch gut, obwohl Sie in Japan aufgewachsen ist.	Säi beheerskert Engelsk gaud, alwoo säi in Jóópóón upwuesen is.
597271	Dieses Buch ist für Studenten, deren Muttersprache nicht Japanisch ist.	Dit bauk is föör stuudenten, däi höör maudertóól näit Jóópóónsk is.
597343	Er macht niemals den Mund auf, ohne sich über etwas zu beschweren.	Häi móókt noojt mund oopen, sünner Sük oover wat t' besweeren.
599295	Um Missverständnisse zu vermeiden, gingen sie den Vertrag noch einmal durch.	Um misferstennissen t' fermiiden, gungent s' däi kuntrakt noch insent döör.
599299	Das Buch ist auf dem Tisch und der Stift liegt auf dem Fenster.	Dat bauk is up d' tóóvel un däi stift liğt up 't fenster.
600508	Sei nicht schüchtern! Deine Aussprache ist mehr oder weniger korrekt.	Wees näit skrüchter! Diin uutprooten is meer of minner kurrekt.
600509	Seien Sie nicht schüchtern! Ihre Aussprache ist mehr oder weniger korrekt.	Weesent Jii näit skrüchter! Jau uutprooten is meer of minner kurrekt.
601432	Seit er dort angekommen war, hörte er nicht auf, den Arzt mit der Frage zu nerven, wann er nach Hause gehen könne.	Siit häi d'r ankoomen was, hul häi näit up, däi dokter mit däi fróóeğ t' nerven, wenner häi nóó huus tau góón kun.
601444	Diese Firma stellt zweihundert Autos am Tag her.	Disser firmó daajt tweihunnert aautos up d' dağ heerstellen.
601454	Die Gespräche zwischen Arbeitern und Management kamen zu keinem eindeutigen Ergebnis.	Däi gespreeken tüsken aarbaiders un management kwamment tau kiin äindüüdiğ resultóót.
601477	In den 1860er Jahren wurden die ersten Frankfurter Würstchen in den Vereinigten Staaten verkauft.	In d' 1860er joren wurdent däi êerst Frankfurter wustjes in d' Feräint Stóóten ferköft.
601488	Wie geht es dir und deiner Frau, jetzt, wo die Küken alle das Nest verlassen haben?	Woo gaajt dat dii un diin frâau, nuu, wor däi küükens âal dat nüst ferlóóten hebbent?
601519	Kaum hatte ich mich auf sie gesetzt, fand ich heraus, dass die Bank frisch gestrichen war.	Knap haar ik mii up höör set't, fun ik d'r uut, dat däi bâank frisk streeken was.
601887	Das Unglaublichste an Wundern ist, dass sie geschehen.	Dat ungloovelkst an wunners is, dat säi geböörent.
602729	Ich würde diese Uhr kaufen, sie ist nur leider zu teuer.	Ik dee disser kloek koopen, säi is bloot spiitelkerwîis t' dür.
602767	Auf meinem Schulweg sehe ich für gewöhnlich viele Hunde und Katzen.	Up miin skaulweğ säi ik föör gewoon fööl huen un katten.
602769	Die Mathe-Hausaufgaben waren leichter als erwartet.	Däi matemóótik-huusupgóóven wassent makkelker as ferwacht't.
603683	Das Baby braucht seine Mutter.	Dat baby bruukt siin mauder.
604242	Ganz ehrlich: Ich verstehe die Gründe für solche Taten nicht.	Häil eerelk: Ik begriip däi gruen föör sükker dóóden näit.
604246	Entschuldige die Störung.	Undskülliğ dat stöören.
604571	Sie hat ihren Pullover angezogen.	Säi het höör ploover antrukken.
608512	Ich machte ihr ein für alle Mal klar, dass ich keinen Einkaufsbummel mit ihr machen würde.	Ik mook höör föör insent un altiid klor, dat ik kiin inkoopsbummel mit höör móóken sul.
608615	Ich hoffe sehr, dass du bald von deiner Krankheit genesen wirst.	Ik hoop läip, dat duu bold fan diin krankhaid geneesen sast.
608623	Die Universität wurde von seinem Vater vor zwanzig Jahren gegründet.	Däi uniwersitäit wur fan siin fóóder fööer twintiğ joer grünt.
608710	Gestern regnete es, nachdem es lange Zeit trocken geblieben war.	Güster reegende dat, nóódeem 't lâang tiid drööeğ bleeven was.
608719	Wenn Sie diese Rechnung noch nicht beglichen haben, nehmen Sie bitte Kontakt mit uns auf.	Doo Jii dit reeken noch näit begleeken hebbent, neement Jii bitte kuntakt mit us up.
609248	Sie stieg eine Leiter hinauf.	Säi stapde 'n ledder umhooğ.
612143	„Keine guten Nachrichten in der heutigen Zeitung?“ – „Nein, nichts Besonderes.“	"Kiin gâaud nóórichten in 't fandóóğsk bladje?" - "Nee, niks besünners."
612151	Dieses Märchen ist für ein siebenjähriges Kind leicht zu lesen.	Dit maarke is föör 'n söömjoriğ kind makkelk t' leesen.
612330	Er vergaß einen Teil seiner Rede und musste eine Weile improvisieren.	Häi fergat 'n däil fan siin räied un mus 'n setje improwisäären.
612337	Ich glaube nicht, dass sich das Wetter nächste Woche verschlechtern wird.	Ik lööv näit, dat sük dat wêer tauken wêek ferslechtern sal.
612439	Sie war noch nie zuvor in New York, also bot ich ihr an, sie herumzuführen.	Säi was noch noojt t'fööer in New York, alsoo bood ik höör an, höör rund t' fören.
612444	Es gab viele, die ihn in seiner Verkleidung nicht erkennen konnten.	Dat gaf 'n büelt lüü, däi hum in siin ferkläiden näit erkennen kunnent.
613150	Englische und japanische Autos haben das Lenkrad auf der rechten Seite.	Engelsk un jóópóónsk aautos hebbent dat stüer up d' rechter siid.
613434	Das Unternehmen schenkte ihm eine goldene Uhr in Anerkennung seiner Verdienste.	Dat unnerneemen skunk hum 'n gollen kloek as ankennen fan siin ferdensten.
613572	Es ist mutig von dir, so etwas zu sagen.	Dat is maudiğ fan dii, soo wat t' säegen.
613577	Wird es heute regnen?	Sal 't fandóóeğ reegen?
613602	Falls du es nicht bemerkt haben solltest, ich warte schon zwei Stunden.	Doo duu 't näit murken hebben sust, ik wacht al twei stüen.
613618	Die Haut eines Hais ist viel rauer als die eines Thunfisches.	Däi huud fan 'n hâaj is fööl ruuger as däi fan 'n tuunfisk.
614018	Mutter Teresa nutzte das Preisgeld für ihre Arbeit in Indien und in der ganzen Welt.	Mauder Teresa bruukde dat priisgeld föör höör aarbaid in Injen un in d' häiel weerld.
614809	Der Präsident saß auf dem Stuhl, mit dem Rücken zum Fenster.	Däi president sat up d' staul, mit rüeğ nóó 't fenster.
614812	Entschuldigen Sie bitte, könnten Sie mir den Weg zur Post zeigen?	Undskülligent Jii bitte, man kunnent Jii mii däi weğ nóó d' post wiisen?
614823	Sie führten die niedrige Kindersterblichkeitsrate auf den Fortschritt in der Medizin zurück.	Säi fördent däi lêeğ kinnerstaarvelkkaidsróóet up däi f'ruutgaang in d' medsiin t'rüeğ.
615171	Von allen Häusern, die wir besichtigt haben, ist dieses bei Weitem das beste.	Fan âal huusen, däi wii besichtiğt hebbent, is dit bii wiiden dat bäest.
615207	Die Handelsbilanz des Landes verbesserte sich letztes Jahr, da bei konstantem Import der Export zulegte.	Däi hannelsbiilans fan dat land ferbeeterde sük ferleeden joer, um dat bii kunstâant import däi eksport tauläegen dee.
615232	Macht korrumpiert; absolute Macht korrumpiert absolut.	Macht kurrumpäärt; absolûut macht kurrumpäärt absoluut.
615396	Die amerikanischen Streitkräfte gaben den Erfolg ihrer Mission im Irak bekannt.	Däi amerikóónsk striidkrachten gaffent däi erfolğ fan höör misjoon in Iróók bekent.
615449	Streiche die Leute, die ihre Schulden beglichen haben.	Striik däi lüü, däi höör sküllen begleeken hebbent.
615475	Dieser Brauch wurde von Generation zu Generation weitergereicht.	Disser bruuk wur fan generóósjoon tau generóósjoon wiiderrekt.
616065	"Dreißig Dollar sind viel Geld für das kleine Zimmer," dachte er.	"Daartiğ duller bünt fööl geld föör däi lütje kóómer", doch häi.
616070	Die Zwillinge sehen sich so ähnlich, dass es so gut wie unmöglich ist, den einen vom anderen zu unterscheiden.	Däi twennels säint sük soo eenelk, dat 't soo gaud as unmöögelk is, däi äien fan d' anner t' ferskeelen.
616074	Man lernt nie aus.	Man leert noojt uut.
616345	Ich kann Ihnen eine Kopie des Berichts geben, aber ich kann nicht für seine Korrektheit garantieren.	Ik kan Jau 'n kupii fan däi bericht geeven, man ik kan näit föör siin kurrekthaid garantäären.
616374	Glück ist nicht das Ziel, Glück ist der Weg.	Glük is näit dat tsiil, glük is däi weğ.
616876	Philosophen neigen dazu, wenig Kontakt mit der Außenwelt zu haben.	Filosoofen hebbent däi hang d'r tau, min kuntakt mit däi buutenweerld t' hebben.
616909	Das Paar gab viel Geld aus, um sein Haus einzurichten.	Dat poer gaf fööl geld uut, um siin huus in t' richten.
617868	Als er das Geld annahm, verlor er den Respekt der Leute.	As häi dat geld annam, ferloor häi däi respekt fan däi lüü.
618946	2020 wird sich die Bevölkerung dieser Stadt verdoppelt haben.	2020 sal sük dat befolken fan disser stad ferdübbelt hebben.
620326	Ich sollte es dir vielleicht nicht sagen, aber ich bin wirklich fasziniert von deiner Schönheit.	Ik sul dii dat fiilicht näit säegen, man ik bün wies fassinäärt fan diin moojiğkaid.
621086	Die Angst vor Umweltverschmutzung schreckte die Leute davon ab, Häuser in der Nähe von Kraftwerken zu bauen.	Däi nood fööer umweerldferfuulen skruk däi lüü d'r fan of, huusen diecht bii krachtwaarken t' baauen.
621314	Wir hätten die Flugtickets gekauft, wenn der Preis etwas niedriger gewesen wäre.	Wii haarent däi fluğtikkets köft, doo däi priis wat leeger west haar.
621620	Montag, Dienstag, Mittwoch, Donnerstag, Freitag, Samstag, Sonntag sind die sieben Tage einer Woche.	Móóndağ, dingsdağ, middewêek, dönnerdağ, freidağ, sóóterdağ, söndağ bünt däi sööm dóóeğ fan 'n wêek.
622196	Wenn ich von deiner Krankheit gewusst hätte, hätte ich dich im Krankenhaus besuchen können.	Doo ik fan diin krankhaid wust haar, haar ik dii in 't krankenhuus besöyken kunt.
622715	Von ferne gesehen, sieht der Felsen aus wie ein altes Schloß.	Fan feeren säin, let't däi fels as 'n ol slöt.
622954	Das Stadtleben hat Vor- und Nachteile.	Dat stadleevend het föör- un nóódäilen.
623465	Die Zwillinge sehen sich so ähnlich, dass ich sie nicht auseinanderhalten kann.	Däi twennels säint sük soo eenelk, dat ik höör näit uutnanner hollen kan.
623470	Ein Politiker soll stets Rechenschaft über das Geld ablegen können, das er erhält.	'N politikker sal altiid reekenskup oover dat geld ofläegen köönen, wat häi kriğt.
624290	Warum kümmert mich das eigentlich?	Woosoo keert mii dat äinliik?
625693	Im Allgemeinen sind Männer stärker als Frauen.	In 't almäien bünt manlüü staarker as fraaulüü.
626467	Stopp!	Stop!
627576	Eine Zeitbombe explodierte im Flughafen und tötete dreizehn Menschen.	'N tiidbuemb eksplodäärde in d' fluğhóóven un dood'de daartain minsken.
627857	Wir werden nächsten Monat in unser neues Haus einziehen, falls es bis dahin fertig ist.	Wii söölent anner móónd in us näej huus intrekken, doo 't teegendes klor is.
629847	Viele Gruppen von Immigranten haben sich in der amerikanischen Gesellschaft assimiliert.	Fööl gruppen fan immigranten hebbent sük in däi amerikóónsk selskup assimiläärt.
630395	Gerechterweise muss man zugeben, dass seine Absichten gut waren.	Eerelkgesäeğt maut man taugeeven, dat siin ofsichten gaud wassent.
630539	Die Blüten überschwemmten den Markt am Wochenende.	Däi blössems ooverswemdent dat mâarkt up 't weekenäen.
630540	Die gefälschten Wechsel überschwemmten am Wochenende den Markt.	Däi falskert wessels ooverswemdent up 't weekenäen dat mâarkt.
632445	Sie verkleideten sich als Fischer und flüchteten in einem Boot.	Säi ferkleddent sük as fiskers un flüğt'dent in 'n boot.
634633	Je mehr ich über das Problem nachdachte, desto schwieriger schien es mir.	Woo meer ik oover dat probleem nóódoch, woo sturder leet mii 't.
637288	Es gibt viele schöne Dinge auf der Welt, die ich nicht brauche.	Dat gift fööl môoj dingen in d' weerld, däi ik näit bruuk.
637841	Angeblich wird Firefox über 8 Millionen Mal am Tag heruntergeladen.	Fermäinelk word't Firefox oover 8 miljoonen móól up d' dağ dóólhóólt.
638136	Ich würde lieber zuhause bleiben als angeln zu gehen.	Ik dee läiver in huus bliiven as angeln t' góón.
638241	Die Demonstration am Rathaus begann außer Kontrolle zu geraten.	Däi demonstróósjoon bii 't róódhuus fung an uut hand t' loopen.
638317	Das ist nicht völlig falsch.	Dat is näit häilmóóls ferkeert.
638752	Wegen des Regens war das Konzert nur gering besucht.	Weegen däi reegen was dat kunsert man min besöcht.
639189	Ich hatte nicht lange gewartet, als ich Schritte die Treppe hinauf kommen hörte.	Ik haar näit lâang wacht't, doo ik stappen däi trappen anhooğ koomen höörde.
639214	Abraham Lincoln wurde in seiner Heimatstadt Springfield in Illinois begraben.	Abraham Lincoln wur in siin häimóótstad Springfield in Illinois bedulven.
639528	Sie sehen sehr blass aus.	Jii lóótent läip bläik.
640566	Abraham Lincoln, der 16. Präsident der Vereinigten Staaten, wurde in einem Blockhaus in Kentucky geboren.	Abraham Lincoln, däi 16. president fan d' Feräint Stóóten, wur in 'n blokhuus in Kentucky booren.
641185	Ich warte schon seit zwei Uhr auf dich.	Ik wacht al siit twei üer up dii.
641186	Ich warte schon seit zwei Uhr auf euch.	Ik wacht al siit twei üer up jau.
641187	Ich warte schon seit zwei Uhr auf Sie.	Ik wacht al siit twei üer up Jau.
641740	Mein Fahrrad hatte einen Platten, deshalb verpasste ich den 7-Uhr-Zug.	Miin fîits haar 'n plâat raifen, düs ferpaasde ik däi 7-ür-tsuğ.
641742	Während ich auf den Bus wartete, sah ich einen Verkehrsunfall.	Wiilst ik up d' bus wacht'de, sağ ik 'n ferkeersunfal.
641796	Du musst die Schuhe ausziehen, bevor du dieses Zimmer betrittst.	Duu maust däi skau uuttrekken, eer duu disser kóómer betreeden daajst.
642032	Sie redete über Paris, als ob sie häufig dort gewesen wäre.	Säi proot'de oover Pariis, as of säi fóók d'r west haar.
642078	Wir müssen versuchen, die Überbleibsel alter Zivilisationen zu bewahren.	Wii mautent fersöyken, däi ooverbliivsels fan oel tsiwiilisóósjoonen t' beworen.
642082	Ich habe eintausend Dollar in Reiseschecks und fünfhundert in bar.	Ik heb äinduusend duller in raajsskeks un fiifhunnert in bor.
642212	Das Wohl der Nation ist die Pflicht der Regierung.	Däi wâalt fan däi nóósjoon is däi plicht fan 't regäären.
642483	Er war gut in allen Fächern, vor allem in Mathematik.	Häi was gaud in âal fakken, f'râal in matemóótik.
642917	Ohne auf die Leute um sie herum zu achten, sprachen die Jungen laut miteinander.	Sünner up däi lüü um höör tau t' achten, proot'dent däi jungse fäel mitnanner.
642918	Ich dachte immer, dass ein Schlaganfall ein Hinweis der Natur ist, dass es Zeit ist zu sterben.	Ik doch altiid, dat 'n slağanfal 'n henwiis fan d' natüer is, dat 't tiid is t' staarven.
642943	Seit sie in der Küche gefallen ist, ist sie geistig nicht mehr ganz da.	Siit säi in d' kööken faalen is, is säi gäistiğ näit meer häil dor.
643272	Am Tag seiner Pensionierung beschenkte ihn das Unternehmen mit einer goldenen Uhr.	Up d' dağ fan siin pensjoonäären beskunk hum dat unnerneemen mit 'n gollen kloek.
643554	Ich habe die Idee aufgegeben, mir ein Haus zu kaufen.	Ik heb däi idee taugeeven, mii 'n huus t' koopen.
643848	Wirst du ihnen helfen?	Sast duu höör helpen?
644253	Wir können weiterspielen, solange wir nicht zu viel Lärm machen.	Wii köönent wiiderspöölen, soo lâang wii näit t' fööl skendóól móókent.
644408	Als sie Studentin war, ging sie oft in die Disko.	Doo säi 'n stuudentske was, gung säi fóók in d' disko.
644410	Als sie Schülerin war, ging sie oft in die Disko.	Doo säi 'n skaulerske was, gung säi fóók nóó d' disko.
644468	Sie hat große Angst vor Hunden.	Säi is läip bâang fööer huen.
644913	Du verlässt dich zu sehr auf deine Eltern. Du musst unabhängiger sein.	Duu ferletst dii t' fööl up diin ollen. Duu maust unofhangelker weesen.
645718	Allein gehe ich nicht ins Kino, weil ich nach dem Film gern mit jemand darüber spreche.	Aläien góó ik näit in 't kiino, um dat ik nóó d' film geern mit wel d'r oover proot.
646806	Es ist schade, dass Maria keinen Sinn für Humor hat.	Dat is skóó, dat Marió kiin sin föör humoor het.
646827	In einfachem Englisch geschrieben, eignet sich das Buch auch für Anfänger.	In äinfolliğ Engelsk skreeven, äigent sük dat bauk ook föör begünners.
646868	Wenn sie keine gute Weinkarte haben, möchte ich hier nicht essen.	Doo säi kiin gâaud wiinkoert hebbent, wil ik hir näit eeten.
647152	Sie ließ absichtlich ihr Taschentuch fallen, um seine Aufmerksamkeit zu erregen.	Säi leet ofsichtelk höör taaskendauk faalen, um siin upmaarksóómkaid t' erreegen.
647702	Das ist mir egal.	Dat is mii ne'ğeliik.
649743	Wir haben unser Bestes gegeben, um ihm zu helfen, aber er bedankte sich noch nicht einmal.	Wii hebbent us bäest geeven, um hum t' helpen, man häi bedankde sük noch näit móól.
651328	Ich möchte mit der Seilbahn fahren, habe aber Höhenangst.	Ik wil mit d' sailbóón foren, man heb höğtnood.
651500	Ich kann nicht ausgehen, weil ich mich vor einer Woche bei einem Unfall verletzt habe.	Ik kan näit uutgóón, um dat ik mii fööer 'n wêek bii 'n unfal beseert heb.
651621	Der Zug war dermaßen überfüllt, dass ich während der gesamten Fahrt stehen musste.	Däi tsuğ was soo bastend ful, dat ik bii d' häiel fort stóón mus.
651835	Sage mir, wessen Hut das ist!	Säeğ mii, wel siin haud dat is!
651909	Drei Jungen kamen herein. Ich sprach den an, der mir der älteste zu sein schien.	Drei jungse kwamment binnen. Ik proot'de däi an, däi mii däi oelst t' weesen leet.
651994	Leider kann ich heute Abend nicht an der Versammlung teilnehmen.	Spiitelkerwîis kan ik fanóóvend näit an dat fergóódern däilneemen.
652754	Er ist der letzte Mensch, den ich um Hilfe bitten würde, denn man kann sich überhaupt nicht auf ihn verlassen.	Häi is däi läest minsk, däi ik um hüelp beeden dee, dan man kan sük häilundal näit up hum ferlóóten.
653116	Wenn du das glaubst, was Politiker sagen, bist du wirklich selbst schuld.	Doo duu dat löövst, wat politikkers säegent, büst duu wies sülst sküld.
653373	Der Herbst steht vor der Tür. Es wird auch Zeit, dass es kühler wird.	Däi haarst staajt fööer d' dööer. Dat word't ook tiid, dat 't köyler word't.
655082	Es ist ein Riesenunterschied zwischen „sich verständlich machen“ und „Englisch vollkommen beherrschen“.	D'r is 'n baldóódiğ grôot ferskeel tüsken "sük ferstennelk móóken" un "Engelsk häilundal beheerskern".
655088	Ein solcher Lebensstil erscheint Amerikanern ziemlich uninteressant.	Soo 'n leevendsstiil skint Amerikóóners recht uninteressant.
655247	Die Waren, die letzten Monat aus England bestellt wurden, sind noch nicht angekommen.	Däi wooren, däi ferleeden móónd uut Engelland bestelt wurdent, bünt noch näit ankoomen.
655564	Meine Großmutter war schon eine Woche krank, als ich sie besuchte.	Miin bäep was al 'n wêek krank, doo ik höör besöch.
655578	Die Granate explodierte, bevor der Terrorist sie werfen konnte; es zerfetzte ihm den Arm.	Däi grenóóet eksplodäärde eer däi terroorist hum smiiten kun; dat tofetsde hum däi aarm.
655835	Sie versprach, dass sie mich diese Woche bezahlen würde, aber sie hielt nicht Wort.	Säi beloovde, dat säi mii fanwêek betóólen sul, man säi hul näit woord.
656423	Er kehrte in sein Heimatdorf zurück, wo er die letzten Jahre seines Lebens verbrachte.	Häi keerde in siin häimóótlauğ t'rüeğ, wor häi däi läest joren fan siin leevend taubroch.
656455	Ich kann dieses Bild nicht sehen, ohne an meine Kindheit erinnert zu werden.	Ik kan dit bild näit säin, sünner an miin kinnertiid heerinnert t' worden.
656932	Wir freuen uns alle darauf, dich und deine Familie zu sehen.	Wii fraajent us âal d'r up, dii un diin femiilje t' säin.
656939	Das neue Bahnhofsgebäude ist im Bau und wird bald fertiggestellt sein.	Dat näej bóónhofsgebôojd is in d' baau un sal bold klorstelt weesen.
656957	Er kleidet sich wie ein Gentleman, aber er redet und benimmt sich wie ein Clown.	Häi kled't sük as 'n gentleman, man häi proot't un tirt sük as 'n kloon.
656991	Es ist auch viel so genannte Arbeit hinter den Kulissen dabei.	D'r is ook fööl soo nöymt aarbaid achter d' kulissen mit bii.
658192	Ich habe das Gefühl, dass etwas Schreckliches passieren wird.	Ik heb dat geföyl, dat wat skrikkelks geböören sal.
658248	Ein Dackel ist ein deutscher Hund mit langem Körper und kurzen Beinen.	'N tekkel is 'n düütsk hund mit lâang liif un köert bäien.
659104	Infolge meines Hexenschusses werde ich nicht in der Lage sein an Koizumi's Party teilzunehmen.	Nóó miin heksenskööt sal ik näit kumpóóbel weesen an Koizumi höör party däil t' neemen.
659497	Dein Telegramm kam gerade als ich dich anrufen wollte.	Diin telegram kwam net as ik dii anraupen wul.
659794	Wenn Du den Plan änderst, dann musst Du die Gruppenmitglieder über die Änderungen informieren.	Doo duu däi plóón annern daajst, dan maust duu däi gruppenleeden oover däi annerns inf'rmäären.
659804	Dieses Programm hat beide Möglichkeiten, herunterladen und hochladen.	Dit program het bâajd möögelkkaiden, dóólhóólen un hooğlóóden.
659813	Grüß Gott!	Moin!
660537	Einige von den Studenten haben Tennis gespielt und die anderen Volleyball.	Wat fan däi stuudenten hebbent tennis spöölt un däi annernt volleybâal.
660595	Er ist so vernarrt in sein neues Auto, dass er jeden Sonntag damit fährt.	Häi is soo fernaart in siin näej aauto, dat häi elker söndağ d'r mit fort.
660619	Der heutige Wetterbericht sagt, dass es morgen wahrscheinlich schön wird.	Däi fandóóğsk weerbericht säeğt, dat 't mörn worskiinelk mooj word't.
660989	Die Arbeiter treffen sich gern in der Kneipe, wo sie aus sich herausgehen können.	Däi aarbaiders dräepent sük geern in d' knâajp, wor säi sük uutleeven köönent.
662115	Sie sind ein vielbeschäftigter Mann, also passe ich meinen Zeitplan an Ihren an.	Jii hebbent 't läip drok, alsoo paas ik miin tiidplóón an Jâaus an.
662116	Du bist ein vielbeschäftigter Mann, also passe ich meinen Zeitplan an deinen an.	Duu hest 't läip drok, alsoo paas ik miin tiidplóón an dîin an.
662131	Sie sind an einer Laufbahn im Auswärtigen Amt interessiert, nicht wahr?	Jii bünt an 'n loopbóón in 't Uutwordiğ Amt interessäärt, of näit?
662133	Es ist nicht schwer zu glänzen, wenn man von Idioten umgeben ist.	Dat is näit stur t' brilläären, doo man fan idiooten umgeeven is.
662134	Es ist nicht schwer, sich abzuheben, wenn man von Idioten umgeben ist.	Dat is näit stur, sük of t' heeven, doo man fan idiooten umgeeven is.
662208	Du musst die Schuhe ausziehen, bevor du das Zimmer betrittst.	Duu maust däi skau uuttrekken, eer duu däi kóómer betreeden daajst.
662332	Ich konnte kaum den Eingang des Gebäudes finden.	Ik kun knap däi ingaang fan dat gebôojd finnen.
663545	Zuerst fand er Englisch sehr schwer, aber jetzt findet er es einfach.	Eerst fun häi Engelsk läip stur, man nuu fint häi 't makkelk.
663956	Er erklärte Mary, warum er zu spät zu ihrer Geburtstagsfeier kam.	Häi ferklorde Mary, woosoo häi t' lóót nóó höör boorsdóóğsfier kwam.
664772	Du sagtest ihr, dass du die Arbeit vor drei Tagen beendet hast.	Duu seest höör, dat duu däi aarbaid fööer drei dóóeğ dóón hest.
665651	Ich werde die verlorene Zeit aufholen, indem ich so hart arbeite, wie ich kann.	Ik sal däi ferlooren tiid uphóólen, indeem ik soo haard aarbaid, as ik kan.
666367	Er klopfte wieder und wieder an die Tür, aber es gab keine Antwort.	Häi klopde weer un weer teegen d' dööer, man dat gaf kiin antern.
666552	Trotz der Sprachschwierigkeiten wurden wir bald Freunde.	Trots däi tóólsturiğkaiden wurdent wii bold früen.
668216	Dieser Zeitschrift zufolge wird die wirtschaftliche Lage in Japan von Jahr zu Jahr schlechter.	Nóó disser tiidskrift word't däi wirtskaftelk lóóeğ in Jóópóón fan joer tau joer slechter.
669617	Ein Gentleman ist einer, der weiß, wie man ein Banjo spielt und es nicht tut.	'N gentleman is äien, däi wäit, woo man 'n banjo spöölt un dat näit daajt.
669625	Eine Person, die nicht lesen will, hat keinen Vorteil gegenüber einer anderen, die nicht lesen kann.	'N persoon, däi näit leesen wil, het kiin föördäil teegenoover 'n anner, däi näit leesen kan.
669647	Die, die es vorziehen nicht zu lesen, haben keinen Vorteil vor denen, die nicht lesen können.	Däi, däi 't föörtrekkent näit t' leesen, hebbent kiin föördäil fööer däient, däi näit leesen köönent.
669654	Eine Person mit einer neuen Idee ist ein komischer Kauz, bis die Idee Erfolg hat.	'N persoon mit 'n näej idee is 'n roer kaauter, bit däi idee erfolğ het.
669666	Mache immer das Richtige. Das wird einige erfreuen und den Rest erstaunen lassen.	Móók altiid dat räecht. Dat sal wattent ferbliiden un däi rest ferwunnern lóóten.
669786	Wir haben die Tür nicht öffnen können, weil sie von innen verschlossen war.	Wii hebbent däi dööer näit oopenmóóken kunt, um dat häi fan binnen up slöt was.
669851	Iss jeden Morgen einen lebenden Frosch und dir wird für den Rest des Tages nichts Schlimmeres passieren.	Eet elker mörn 'n leevend poeğ un dii sal föör däi rest fan d' dağ niks läipers geböören.
669887	Weil sie von innen verschlossen war, haben wir die Tür nicht öffnen können.	Um dat häi fan binnen up slöt was, hebbent wii däi dööer näit oopenmóóken kunt.
669890	Wir haben, weil sie von innen verschlossen war, die Tür nicht öffnen können.	Wii hebbent, um dat häi fan binnen up slöt was, däi dööer näit oopenmóóken kunt.
669891	Wir konnten, weil sie von innen verschlossen war, die Tür nicht öffnen.	Wii kunnent, um dat häi fan binnen up slöt was, däi dööer näit oopenmóóken.
671342	Seine Schuhe waren so alt, dass seine Zehen herausguckten.	Siin skau wassent soo old, dat siin töönen d'r uut keekent.
672292	Er erinnert sich noch an den Tag, an dem seine Mutter herausfand, dass er rauchte.	Häi heerinnert sük noch an däi dağ, up däi siin mauder uutfun, dat häi smooken dee.
672342	Nichts lässt uns schneller altern als die Furcht, dass wir schnell alt werden.	Niks let't us gaauer ollern as däi nood, dat wii gaau old wordent.
672606	Ob das Problem wichtig oder unwichtig ist, du musst es lösen.	Of dat probleem wichtiğ of unwichtiğ is, duu maust 't löesen.
673288	Er baute Krankenhäuser und verhalf den Menschen Afrikas zu einem besseren Leben.	Häi baaude krankenhuusen un ferhulp däi minsken fan Óófrikó tau 'n beeterder leevend.
673466	Wir halten Sie über das, was hier in Japan passiert, auf dem Laufenden.	Wii hollent Jau oover dat, wat hir in Jóópóón geböört, up d' höeğt.
673520	Sechs Monate sind vergangen, seit der Autor bei einem Unfall ums Leben gekommen ist.	Ses móónd bünt ferleeden, siit däi aautoor bii 'n melöör um 't leevend koomen is.
673525	Du brauchst einen Führerschein, bevor du Auto fahren darfst.	Duu bruukst 'n förderskiin, eer duu aauto foren dürst.
673551	Zwischen Japan, Deutschland, Großbritannien und den Vereinigten Staaten wurde ein Abkommen getroffen.	Tüsken Jóópóón, Düütskland, Grôot Briitanien un däi Feräint Stóóten wur 'n ofkoomen slooten.
673679	Der Verkehr war sehr dicht. Die Autos standen Stoßstange an Stoßstange.	Däi ferkeer was läip diecht. Däi aautos stunnent stöytstâang an stöytstâang.
675123	Manchmal ist es schwierig, taktvoll und ehrlich zugleich zu sein.	Mitunner is 't stur, taktful un eerelk t'gliik t' weesen.
675137	Er rüstete sich mit allem für das Besteigen des Bergs Notwendigen aus.	Häi rüst'de sük mit âals, wat föör 't bestiigen fan d' baarğ nöödiğ was, uut.
675585	Ich ging nach Sendai und kam rechtzeitig zurück, ohne dort über Nacht zu bleiben.	Ik gung nóó Sendai un kwam biitiids weeruem, sünner d'r oover nacht t' bliiven.
675611	Wenn du willst, dass etwas richtig gemacht wurde, dann musst du es selbst gemacht haben.	Doo duu wult, dat wat recht móókt wur, dan maust duu 't sülst móókt hebben.
675613	Manchmal ist das erste Symptom einer Koronarkrankheit der Tod.	Of un tau is dat êerst sümptoom fan 'n koroonaarkrankhaid däi dood.
676062	Wenn du so weitermachst, wirst du wahrscheinlich 120 Jahre werden.	Doo duu soo wiidermóókst, sast duu worskiinelk 120 joer worden.
676082	Guten Tag!	Gâaud dağ!
676159	Der Jongleur beeindruckte die Zuschauer, indem er zehn Orangen in der Luft halten konnte.	Däi zjonglöör beindrükde däi taukiikers, indeem häi tain appelsiinen in d' lücht hollen kun.
676957	Er schreibt noch von Zeit zu Zeit Romane, aber nicht mehr so oft wie früher.	Häi skrift noch of un tau romóónen, man näit meer soo fóók as frauer.
677018	Sie wurde gezwungen, ein Geständnis abzulegen.	Säi wur dwungen, 'n gestennis of t' läegen.
677887	Würde es dir etwas ausmachen, wenn ich das Fenster schließe? Ich habe eine leichte Erkältung.	Dee dii dat wat uutmóóken, doo ik dat fenster sluuten dee? Ik heb 'n licht ferkollen.
677916	Ich hätte gerne ein Einzelzimmer mit Bad für zwei Nächte.	Ik haar geern 'n enkelkóómer mit bad föör twei nachten.
677943	Das Feuer, welches diese Katastrophe verursacht hatte, brach im zweiten Stock des Krankenhauses aus.	Dat füer, wat disser katastrôof feroorsóókt haar, brook in d' twäied etóózje fan 't krankenhuus uut.
677960	Wir müssen immer die Gefühle anderer respektieren.	Wii mautent altiid däi geföylen fan annernt respektäären.
678188	Ich habe so viele Klamotten, ich weiß nicht, was ich morgen anziehen soll.	Ik heb soo fööl klutten, ik wäit näit, wat ik mörn antrekken sal.
678826	Wenn ich genug Geld hätte, würde ich das Buch kaufen.	Doo 'k nauğ geld haar, dee 'k dat bauk koopen.
679707	Bevor Manet dieses Bild malte, waren seine weiblichen Akte auf Göttinnen beschränkt.	Eer Manet dit bild móólde, wassent siin wiivelk akten up goodinnen beskrenkt.
682595	Passen Sie auf, dass Sie in einer Einbahnstraße nicht in die falsche Richtung fahren.	Paasent Jii up, dat Jii in 'n äinbóónstróóet näit ferkeert kâant an forent.
682730	Ein Samurai, selbst wenn er nichts gegessen hat, benutzt einen Zahnstocher wie ein Lord.	'N samurai, sülst doo häi niks eeten het, bruukt 'n kuuspröökel as 'n lord.
682752	Die Pyramiden von Ägypten sind eines der sieben Weltwunder.	Däi pürómiiden fan Egüpten bünt äien fan däi sööm weerldwunners.
682782	Es ist eine amerikanische Tradition, sich an seinem Geburtstag etwas zu wünschen.	Dat is 'n amerikóónsk tradisjoon, sük up siin boorsdağ wat t' wünskern.
682967	Im Hotel gab es im Badezimmer eine Leine zum Aufhängen nasser Kleidung.	In 't hotel gaf dat in d' bóódkóómer 'n lîin tau 't uphangen fan nâat kläär.
683151	Ich bin mir nicht sicher, ob ich zu Hause bleiben oder ausgehen soll.	Ik bün mii näit, seeker of ik in huus bliiven of uutgóón sal.
683161	Es ist nicht bekannt, wer zuerst das Rad erfand.	Dat is näit bekent, wel t'eerst dat rad erfinnen dee.
683816	Ich wollte das Buch kaufen, aber ich stellte fest, dass ich nicht mehr als 200 Yen bei mir hatte.	Ik wul dat bauk koopen, man ik stelde fast, dat ik näit meer as 200 jen bii mii haar.
683982	Das Buch handelt von den Gesetzen.	Dat bauk hannelt fan däi wetten.
684720	Charles Moore entwickelte Forth in einem Versuch, die Produktivität des Programmierers zu steigern, ohne Rechenleistung zu opfern.	Charles Moore undwikkelde Forth in 'n fersöyk, däi produktiivitäit fan d' programäärder t' stiigern, sünner reekenlaistung t' offern.
684726	Bei der Firmenweihnachtsfeier schlugen wir uns alle die Bäuche voll, besonders mit dem Roastbeef.	Bii däi firmenwiinachtsfier sloogent wii us âal däi buuken ful, besünners mit dat roastbeef.
684727	Wir sollten anfangen, Weihnachtsgeschenke für die Kinder zu besorgen.	Wii sullent anfangen, wiinachtsgeskenken föör däi kinner t' besörgen.
684981	Die Vereinigten Staaten heißen Einwanderer aus vielen Ländern willkommen.	Däi Feräint Stóóten ferwilkooment inwannerders uut fööl lâan.
688418	Es wäre das Beste, es jemandem zu überlassen, der weiß, wie die Sache läuft.	Dat was dat bäest, dat wel t' ooverlóóten, däi wäit, woo däi sóóek löpt.
688478	Der Kaffeefleck war schwer zu entfernen.	Däi kofjeflek was stur d'r uut t' kriigen.
688485	Der Säbelzahntiger ist während der Eiszeit ausgestorben.	Däi tsóóbeltantiiger is in d' iistiid uutstüürven.
689206	Du solltest das schöne Wetter nutzen um den Zaun zu streichen.	Duu sust dat môoj wêer nütsen um däi sküt t' striiken.
689459	Zum Erstaunen der ganzen Stadt, wurde der Bürgermeister verhaftet.	Tau 't ferwunnern fan däi häiel stad, wur däi börğmester ferhaft't.
690591	Wenn du nicht weißt, was das Wort bedeutet, schau im Wörterbuch nach!	Doo duu näit wäist, wat dat woord bedüd't, kiik in 't woordenbauk nóó!
690668	Wegen technischer Probleme wurde anstelle der angekündigten Sendung ein Film gezeigt.	Um technisk probleemen wur in stee fan dat ankünniğt sennen 'n film weesen.
690693	Zu meiner Überraschung heiratete er eine sehr schöne Schauspielerin.	Tau miin ferraskern traaude häi 'n häil môoj skaauspöölerske.
690698	Er ist bei der Bank verschuldet, weil er dieses große Haus gekauft hat.	Häi is bii d' bank ferskült, um dat häi dit grôot huus köft het.
690701	Ich schaue nie auf dieses Bild, ohne an diese glücklichen Tage zu denken.	Ik kiik noojt up dit bild, sünner an disser glükkelk dóógen t' denken.
691685	Wenn du ihn Französisch sprechen hörtest, würdest du ihn für einen Franzosen halten.	Doo duu hum Fransk prooten höören deest, deest duu hum föör 'n Franskman hollen.
691689	Wenn ich reich wäre, würde ich das tun. So, wie es ist, kann ich nichts machen.	Doo ik riik was, dee ik dat daun. Soo, as 't is, kan ik niks daun.
691908	Obwohl der Doktor sein Bestes gab, erholte sich der Patient nur langsam.	Alwoo däi dokter siin bäest gaf, ferhool sük däi pasjent man sâacht.
691913	Sie war spindeldürr.	Säi was stokdün.
691922	Das Wetter hier wird jetzt kalt, und das mag ich wirklich nicht.	Dat wêer hir word't nuu kold, un dat mağ ik wies näit.
692129	Die Polizei verglich die Fingerabdrücke an der Waffe mit denen an der Tür.	Däi skendaarms fergleekent däi fingerofdrükken an 't wóópen mit däi an d' dööer.
692252	Charles Lindberg gelang 1927 der erste Alleinflug über den Atlantik.	Charles Lindberg glükde 1927 däi êerst aläinfluğ oover d' Atlantik.
693348	Meine Frau und ich gehen gerne ab und zu chinesisch essen.	Miin frâau un ik góónt geern of un tau skiineesk eeten.
693371	Gewöhnlich trinkt meine Frau abends keinen Kaffee und ich auch nicht.	Föör n'rmóól drinkt miin frâau 's óóvends kiin kofje un ik ook näit.
693372	Meine Frau verschwendet Geld, als wäre ich der reichste Mann in der Stadt.	Miin frâau ferklaajt geld, as was ik däi rîikst man in d' stad.
693573	Selbst wenn ich mein Haus verkaufen muss, halte ich mein Geschäft am Laufen.	Sülst doo ik miin huus ferkoopen maut, hol ik miin geskeft an 't loopen.
694636	Jedes Jahr werden viele Kinder von eigenen Familienmitgliedern entführt.	Elker joer wordent fööl kinner fan höör äigen femiiljenleeden undfört.
694756	Die Anzahl der Europäer, die jedes Jahr Thailand besuchen, ist sehr hoch.	Däi antóól fan däi Europeers, däi elker joer Tailand besöykent, is läip hooğ.
695199	Der Präsident wurde von der Königin bei der Ankunft am Palast begrüßt.	Däi president wur fan dat köönenkske bii d' ankumst an d' plaajs begröt't.
695654	Du solltest vernünftig genug sein, nicht zu trinken, zumindest während du krank bist.	Duu sust fernünftiğ nauğ weesen, näit t' drinken, t'minst wiilst duu krank büst.
696007	Ich würde gerne meine Wertsachen in ein Schließfach legen, wenn eines erhältlich ist.	Ik dee geern miin weerdsóóken in 'n sluutfak läegen, doo äien t' ferkriigen is.
696030	Sie kam im letzten Jahr das erste Mal in Kontakt mit der japanischen Kultur.	Säi kwam in 't ferleeden joer dat êerst móól in kuntakt mit däi jóópóónsk kultüer.
696302	Die Bezahlung war gut, und das war ihre einzige Motivation an der Studie teilzunehmen.	Dat betóólen was gaud, un dat was höör enkeld motiivóósjoon an däi stuudie däil t' neemen.
696312	Dieses Zimmer ist zu heiß zum Lernen. Ich halte es nicht mehr aus.	Disser kóómer is tau häit um t' leeren. Ik hol dat näit meer ful.
696644	Das ist wie ein Kampf gegen jemand mit einem Arm an den Rücken gefesselt.	Dat is as 'n kamf teegen wel mit 'n aarm an d' rüeğ fesselt.
698131	Wenige Schätze sind so viel wert wie ein weiser und hilfreicher Freund.	Mien skatten bünt soo fööl weerd as 'n klâauk un hülpsóóem fründ.
698186	Das ist eine sehr wichtige Sitzung, du solltest sie nicht verpassen.	Dat is 'n häil wichtiğ fergóódern, duu sust hum näit ferpaasen.
699275	Diese Strohmatten, die auf Japanisch "Tatami" heißen, werden nicht mehr in Handarbeit hergestellt.	Disser streimatten, däi up Jóópóónsk "Tatami" häitent, wordent näit meer in handaarbaid heerstelt.
699406	Wenn er ein bisschen vorsichtiger gewesen wäre, wäre der Unfall zu vermeiden gewesen.	Doo häi 'n biitje f'rsichtiger west haar, haar dat melöör t' fermiiden west.
699407	Wenn er ein bisschen vorsichtiger gewesen wäre, wäre der Unfall vermieden worden.	Doo häi 'n biitje f'rsichtiger west haar, was dat melöör fermeeden worden.
699472	Ich bin wegen des trockenen Hustens meiner Frau besorgt.	Ik bün um miin frâau höör drööeğ hausten besörğt.
699605	Dieser Schornstein ist sehr hoch.	Disser skösstäin is läip hooğ.
699881	In Zukunft hast du pünktlich hier zu sein.	In taukumst hest duu up tiid hir t' weesen.
699909	Er bestand darauf, mit seiner Mutter ins Warenhaus zu gehen.	Häi bestun d'r up, mit siin mauder in 't woorenhuus t' góón.
699926	Es tut mir leid, dass ich so einen langen Brief schrieb. Ich hatte keine Zeit, einen kurzen zu schreiben.	Dat spit't mii, dat ik soo 'n lâang bräif skreev. Ik haar kiin tiid, 'n köert t' skriiven.
700588	Er war zu stolz, als dass er es über sich gebracht hätte, die Beleidigung zu ignorieren.	Häi was t' stolt, as dat häi 't oover sük brocht haar, dat beläidigen t' iğnoräären.
700807	In einer Demokratie ist es wichtig, dass die Presse unabhängig ist.	In 'n demokróótii is dat wichtiğ, dat däi präes unofhangelk is.
700914	Er bestand darauf, mit seiner Mutter ins Kaufhaus zu gehen.	Häi bestun d'r up, mit siin mauder in 't koophuus t' góón.
701275	Du kannst dich auf sie verlassen.	Duu kaast dii up höör ferlóóten.
701396	Sein großes Einkommen ermöglicht ihm jedes Jahr Überseereisen.	Siin grôot inkumst fermöögelkt hum elker joer ooverseiraajsen.
701741	Was zählt ist, wie effektiv du die verfügbare Zeit nutzt.	Wat telt is, woo effektiif duu däi beskikboer tiid bruukst.
702845	Die Familienmitglieder stimmten darüber ab, in was für einem Restaurant sie zu Abend essen sollten.	Däi femiiljenleeden deedent d'r oover ofstemmen, in wat föör 'n restaaurant säi eeten sullent.
703373	Es war weniger als ein Kilometer bis zu dem Dorfpostamt.	Dat was minner as 'n kilomeeter bit nóó 't lauğpostamt.
703391	Die Reduzierung des Haushaltsdefizits ist ein wichtiges Anliegen der Regierung.	Dat redusäären fan dat huushollensdefisiit is 'n wichtiğ anliegen fan 't regäären.
703744	Schon lange wolltest du dorthin gehen, nicht wahr?	Al lâang wulst duu d'r hen góón, of näit?
703780	Warum liebst du mich?	Woosoo läivst duu mii?
704271	Eine Frau schrieb 30 Bücher darüber, wie man glücklich wird, und beging dann Selbstmord.	'N frâau skreev d'r 30 bauken oover, woo man blîid word't, un begung dan sülstmoord.
705151	Ist das der richtige Ort um sich für fremdsprachliche Kurse einzuschreiben?	Is dat däi räecht stee um sük föör frömdtóóliğ kursen in t' skriiven?
705180	Sie lebten zwei Jahre zusammen, bevor sie heirateten.	Säi leevdent twei joer t'sóómen, eer säi traaudent.
705443	Eine salzreiche Ernährung kann zu erhöhtem Blutdruck führen.	'N soltriik erneeren kan tau ferhoogert blauddrük fören.
705825	Was würdest du tun, wenn morgen die Welt unterginge?	Wat deest duu daun, doo mörn däi weerld unnergung?
705965	Wenn du ihn mit seinem älteren Bruder vergleichst, dann wirst du den Unterschied sehen.	Doo duu hum mit siin ollerder brör ferglikst, dan sast duu däi ferskeel säin.
706113	Sie haben ihn nicht getötet, sie waren gerade ein bisschen grob zu ihm als Warnung.	Säi hebbent hum näit dood't, säi wassent net 'n biitje ruuğ teegen hum as worskaauen.
706212	Sie haben ihn nicht umgebracht, sie haben ihm nur zur Warnung eine kleine Abreibung verpasst.	Säi hebbent hum näit umbrocht, säi hebbent hum bloot as worskaauen 'n lütje ofwriiven ferpaast.
706277	Soweit ich es sicher weiß, der See ist an dieser Stelle am tiefsten.	Soo wiid ik 't seeker wäit, däi kûul is up disser stee däipst.
706279	Soweit ich es sicher weiß, ist der See hier am tiefsten.	Soo as ik 't seeker wäit, is däi kûul hir däipst.
707064	Ich habe viele Visa in meinem Pass, da ich aufgrund meiner Arbeit viel reise.	Ik heb fööl wiisó in miin pas, um dat ik weegen miin aarbaid fööl raajs.
707516	Viele Eltern glauben, dass es im Fernsehen zu viel Gewalt gibt.	Fööl ollen löövent, dat 't up 't feersäin t' fööl gewalt gift.
707521	Aufgrund der Gewalt in den Straßen wurden die Menschen aufgefordert, zu Hause zu bleiben.	Weegen däi gewalt in d' stróóten wurdent däi minsken upföördert, in huus t' bliiven.
707529	Wir haben das Versicherungsunternehmen verklagt, weil es gegen die Bestimmungen unseres Versicherungsvertrags verstoßen hat.	Wii hebbent dat ferseekernsunnerneemen ferklóóğt, um dat 't teegen däi bestemmens fan us ferseekernskuntrakt ferstöt't het.
707533	Als er das Rennen als Erster beendete, war dies ein Sieg für das ganze Land.	As häi dat rönnen as êerst beennen dee, was dit 'n siiğ föör 't häiel land.
707536	Der Wahlsieg war ein großer Triumph für die Partei des Kandidaten.	Däi wóólsiiğ was 'n grôot triumf föör däi partäj fan däi kandidóót.
707538	Die Opfer des Hurrikans erhielten finanzielle Unterstützung von der Regierung.	Däi offers fan d' hurrikan kreegent finansjäel stöön fan 't regäären.
708159	Das Buch ist als broschierte und als gebundene Ausgabe erhältlich.	Dat bauk is as paperback un as bunnen uutgóóev t' ferkriigen.
708233	Portugal hat den persönlichen Besitz von Drogen entkriminalisiert.	Portugal het däi persöönelk besit fan droogen undkriminóólisäärt.
708242	Die Testergebnisse eines Lügendetektors sind vor Gericht unzulässig.	Däi testresultóóten fan 'n löögendetektoor bünt fööer gericht näit taulessiğ.
708491	Squaw Valley in Kalifornien ist einer der größten Skiorte in den Vereinigten Staaten.	Squaw Valley is äien fan däi grôotst skiioorden in d' Feräint Stóóten.
708502	Arbeiter in Frankreich haben vier Wochen bezahlten Urlaub pro Jahr.	Aarbaiders in Frankriik hebbent fäär wêek betóólt uurlaaub pro joer.
708560	Er war gerade beim Einschlafen, als er seinen Namen rufen hörte.	Häi was net bii 't inslóópen, doo häi höörde, woo siin nóóm raupen wur.
708581	Der Chef sagte, dass es dringend ist!	Däi bóós see, dat 't drok is!
708582	Der Chef hat gesagt, dass es dringend ist!	Däi bóós het säeğt, dat 't drok is!
709181	Hätte ich heute Morgen gefrühstückt, wäre ich jetzt nicht hungrig.	Haar 'k fanmörn früüstükt, was 'k nuu näit smachtiğ.
709465	Wir liehen uns einen Kran, um die neue Klimaanlage hochzuziehen und auf dem Dach abzulegen.	Wii läindent us 'n króón, um däi näej kliimóanlóóeğ hooğ t' trekken un up 't dak of t' läegen.
709471	Der Wechselkurs des Dollars zum Euro ist gefallen.	Däi wesselkoors fan d' duller nóó d' euro is faalen.
709681	Ob Shakespeare dieses Gedicht schrieb oder nicht, wird wahrscheinlich ein Rätsel bleiben.	Of Shakespeare dit dichtsel skreev of näit, sal worskiinelk 'n róódsel bliiven.
710082	Überall, wo er war, lehrte er Liebe, Geduld und vor allem Gewaltfreiheit.	Allerweegens, wor häi was, leerde häi läieft, gedür un f'râal gewaltfreihaid.
710700	Mary drängte ihre Eltern dazu, sie mit ihren Freunden ausgehen zu lassen.	Mary drung höör ollen d'r tau, höör mit höör früen uutgóón t' lóóten.
711594	Als ich klein war, hat mein Vater mich immer in die Luft geworfen.	Doo ik lütjet was, het miin fóóder mii altiid in d' lücht smeeten.
711966	Nach dem Tod ihres Mannes zog sie die vier Kinder allein auf.	Nóó däi dood fan höör man truk säi däi fäär kinner alleniğ up.
712494	Sie kaufte etwas Papier, das sie zum Briefeschreiben nutzen konnte.	Säi köf wat pepier, wat säi tau 't bräifskriiven bruuken kun.
712950	Das Fest endete mit einer spektakulären Feuerwerksvorführung.	Dat fest ende mit 'n spektóókuleer fürwaarksföörfören.
714071	Was hättest du gern als Nachtisch, Eis oder frisches Obst?	Wat haarst duu geern as nóóspîis, iis of frisk oobst?
714341	Nachdem er mit drei Jahren Waise wurde, wurde er von einem fernen Verwandten aufgezogen.	Nóódeem häi mit drei joer 'n wäies wur, wur häi fan 'n fêer ferwant uptrukken.
714483	Gesalzene Erdnüsse sind in vielen Teilen der Welt populär.	Solten eerdnööten bünt in fööl däilen fan d' weerld populeer.
714491	Weißt du nicht, dass man in der ganzen Stadt über dich lacht?	Wäist duu näit, dat man in d' häiel stad oover dii laağt?
714635	2008 fusionierten Delta und Northwest Airlines zur weltgrößten Fluggesellschaft.	2008 fusjoonäärdent Delta un Northwest Airlines tau d' grôotst fluğselskup fan d' weerld.
714664	Aus dieser Raupe wird einmal ein schöner Schmetterling.	Uut disser rûup word't insent 'n môoj fiilapper.
715096	Ich bin regelmäßig in einem Restaurant in der Nähe. Lasst uns dort heute zu Mittag essen.	Ik bün reegelmóótiğ in 'n restaaurant diecht bii. Lóót't us dor fandóóeğ t' middağ eeten.
715101	Es hat noch einen anderen Fall von Cholera in der Nachbarschaft gegeben.	Dat het noch 'n anner gefal fan koleró in d' nóóberskup geeven.
715105	Die plötzliche Zunahme von Autos verursacht jeden Tag viele Verkehrsunfälle.	Däi nüüel taunóóem fan aautos feroorsóókt elker dağ fööl ferkeersunfallen.
716304	Wenn du weiter so trinkst, dann wirst du bald betrunken sein.	Doo duu wiider soo drinkst, dan sast duu bold duun weesen.
717334	In den Vereinigten Staaten wird dem Trinkwasser Fluorid beigefügt.	In d' Feräint Stóóten word't fluoriid in 't drinkelwóóter dóón.
718375	Tag für Tag saß der Hund vor dem Bahnhof und wartete auf sein Herrchen.	Dağ um dağ sat däi hund fööer d' bóónhof un wacht'de up siin bóós.
718556	Bis hierher ist sie nicht gekommen. Ich fürchte, sie hat den Weg verfehlt.	Bit hir heer is säi näit koomen. Ik bün bâang, säi het däi weğ mist.
718688	Magier lassen ihr Publikum denken, sie hätten Zauberkräfte.	Móógiers lóótent höör publikum denken, säi haarent tooverkrachten.
718690	Der Zeuge schien nicht nervös zu sein, als er vor Gericht eine Aussage machte.	Däi tüüeğ leet näit nervöös t' weesen, doo häi fööer gericht 'n uutsäeğ mook.
719147	Holmes ging aus dem Zimmer, ohne dass dies jemand bemerkte.	Holmes gung tau d' kóómer uut, sünner dat dit wel gewoer wur.
719477	In Mexiko gibt es eine Pyramide, die größer ist als die in Ägypten.	In Meksiko gift dat 'n pürómîid, däi grooter is as däi in Egüpten.
719533	Es wird mich mehr als drei Stunden kosten, das Dokument durchzusehen.	Dat sal mii meer as drei stüen kösten, dat dokument döör t' kiiken.
719976	Der alte Mann wurde von einem Auto angefahren und sofort ins Krankenhaus gebracht.	Däi oel keerl wur fan 'n aauto anforen un fut in 't krankenhuus brocht.
719977	Der alte Mann wurde überfahren und sofort ins Krankenhaus gebracht.	Däi oel keerl wur ooverforen un fut in 't krankenhuus brocht.
720248	Viele Länder haben einen Vertrag zur nuklearen Abrüstung unterzeichnet.	Fööl lâan hebbent 'n kuntrakt tau 't nukleâar ofrüsten unnertäikent.
720264	In manchen Ländern wird Hochverrat mit lebenslanger Haft bestraft.	In menniğ lâan word't hooğferróód mit leevendslâang haft bestróóft.
720357	Militärische Geheimnisse an Feinde zu verkaufen ist Verrat.	Militeersk gehäimnissen an fäien t' ferkoopen is ferróód.
720359	Die Maus wurde von einem großen Stück Käse in die Falle gelockt.	Däi muus wur fan 'n groot stük käies in d' fâal lokt.
721015	Sie besuchte den alten Mann jeden Tag außer Sonntag im Krankenhaus.	Säi besöch däi oel man elker dağ behalven söndağ in 't krankenhuus.
721329	Wenn du morgen früh aufwachst, wirst du etwas Wunderbares finden.	Doo duu mörnfrau upwóókst, sast duu wat wunnerbors finnen.
722559	Eine der größten Hürden, der Mittelschüler beim Englischlernen begegnen, sind Relativpronomen.	Äien fan däi grôotst hürden, däi middelskaulers bii 't Engelsk leeren t' möyet kooment, bünt relóótiifpronoomens.
723738	Der Doktor versuchte jedes Mittel, um seinen Patienten zu retten.	Däi dokter fersöch elker middel, um siin pasjent t' redden.
723772	Als ich das Gespenst sah, erschrak ich so sehr, dass mir die Haare zu Berge standen.	Doo ik dat spöyk sağ, ferfeerde ik mii soo staark, dat mii däi hoer t' baargen stunnent.
723888	Die japanische Schrift ist sehr kompliziert, sie hat drei Alphabete mit über zweitausend Zeichen.	Däi jóópóónsk skrift is läip kumplisäärt, häi het drei alfóbeeten mit oover tweiduusend täikens.
724974	Er klopfte mir auf die Schulter und dankte mir für meine Hilfe.	Häi klopde mii up d' skuller un dankde mii föör miin hüelp.
725195	Er begreift es nicht, dass er keine Zeit hat für diese Dinge.	Häi begript dat näit, dat häi kiin tiid het föör disser dingen.
725271	Die Sprache ist eine der wichtigsten Erfindungen der Menschheit.	Däi tóól is äien fan däi wichtiğst erfinnens fan d' minskhaid.
727053	Genau genommen besteht das Chinesische aus hunderten von Dialekten.	Genaau noomen bestaajt dat Skiineesk uut hunnerten fan dióólekten.
727386	Sie beauftragten eine Umzugsfirma, um ihr Hab und Gut zu ihrem neuen Zuhause zu transportieren.	Säi beupdrağğent 'n umtsuğsfirmó, um höör hóóev un gaud nóó höör näej huus t' transportäären.
727390	Ich habe meinem Hund beigebracht, mir morgens die Zeitung zu bringen.	Ik heb miin hund leert, mii 's mörns dat bladje t' brengen.
727711	Nachdem er die tragische Nachricht gehört hatte, ging er nach draußen, um allein zu sein.	Nóódeem häi däi tróógisk nóóricht höört haar, gung häi in buuten, um alleniğ t' weesen.
728076	Die Polizei bekam von ihm eine wichtige Information.	Däi skendaarms kreegent fan hum 'n wichtiğ inf'rmóósjoon.
728786	Er wird als einer der größten Wissenschaftler in unserem Land erachtet.	Häi word't as äien fan däi grôotst wäitenskuppers in us land eracht't.
728806	Er gab uns eine detaillierte Beschreibung seiner Forschungen in Afrika.	Häi gaf us 'n detailäärt beskriiven fan siin föörskerns in Óófrikó.
729169	Kürzlich fanden wir heraus, dass Füchse hier auf diesem Berg leben.	Annerlessens funnent wii uut, dat fossen hir up disser baarğ leevent.
729726	Die tropischen Regenwälder produzieren Sauerstoff und absorbieren Kohlendioxid.	Däi troopsk reegenweller produsäärent surstof un absorbäärent köölendioksiid.
730675	Mein Heimatort befindet sich circa 20 Minuten von einer Großstadt.	Miin häimóótoord befint sük ruuğweğ 20 menüüten fan 'n grôot stad.
730680	Den verwirrten Reisenden wurde klar, dass sie sich auf dem Weg in die falsche Stadt befanden.	Däi ferwaart raajsders wur klor, dat säi sük up d' weğ nóó d' ferkeert stad befunnent.
730685	Blinde Menschen lesen durch Berühren, dabei benutzen sie ein System von erhabenen Punkten, das Brailleschrift genannt wird.	Blien minsken leesent döör berören, d'r bii bruukent s' 'n süsteem fan ferhooven punkten, dat brailleskrift nöymt word't.
730697	Ich will diesen Oldtimer haben, egal wie teuer er ist.	Ik wil disser oldtimer hebben, ne'ğeliik woo dür häi is.
730698	In den USA ist es illegal, Menschen zu foltern, um von diesen Informationen zu erhalten.	In d' USA is 't illegóól minsken t' foltern, um fan dissent inf'rmóósjoonen t' ferkriigen.
731218	Wir hörten das Echo unserer Stimmen von der anderen Seite des Tales.	Wii höördent dat echo fan us stemmen fan d' güntsiid fan 't dóól.
731295	In den Vereinigten Staaten ist es den Vollzugsbehörden verboten, Folter zur Gewinnung von Informationen einzusetzen.	In d' Feräint Stóóten is 't däi fultsuğsbehöörden ferbooden, folter tau 't ferwinnen fan inf'rmóósjoonen in t' setten.
731388	Seine Freundin mit einem anderen Mann zu sehen war Folter für ihn.	Siin fründin mit 'n anner keerl t' säin was folter föör hum.
731428	Das Lungengewebe des Patienten ist durch jahrelange Arbeit in einem Kohlenbergwerk geschädigt worden.	Dat lungenweevsel fan däi pasjent is döör jorenlâang aarbaid in 'n köölenbaarğwaark skóódiğt worden.
733431	Eine gut gemachte Tasse Kaffee sollte keine Sahne oder Zucker benötigen.	'N gaud móókt tâas kofje sul kiin room of tsukker bruuken.
733445	Benütze ein Wörterbuch, um die Bedeutungen der nachstehenden Sätze herauszufinden.	Bruuk 'n woordenbauk, um däi bedüüdens fan däi koomend satsen uut t' finnen.
734228	Beim Baseball ist der Pitcher der Spieler, der den Ball wirft.	Bii baseball is däi pitcher däi spööler, däi däi bâal goojt.
734542	Albert Einsteins Relativitätstheorie ist die berühmteste Formel der Welt.	Albert Einstein siin relóótiivitäitsteorii is däi beraumtst föörmel fan d' weerld.
735393	Die Wissenschaftler diskutieren seine Theorie zum Verschwinden der Dinosaurier.	Däi wäitenskuppers diskutäärent siin teorii tau 't ferdwiinen fan däi dinosaauriers.
736682	Ich fresse einen Besen, wenn mein Kandidat die Wahl nicht gewinnt.	Ik freet 'n bessem, doo miin kandidóót däi wóól näit wint.
737165	2001 griffen Terroristen das World Trade Center in New York City an.	2001 greepent terrooristen dat World Trade Center in New York City an.
737345	Wenn man einen Vertrag unterzeichnet, stimmt man bestimmten Bestimmungen und Bedingungen zu.	Doo man 'n kuntrakt unnertäikent, stemt man bepóólt bestemmens un kundiisjes tau.
737350	Die Straßensperre besteht nur vorübergehend. Sie wird aufgehoben, sobald die Bauarbeiten abgeschlossen sind.	Däi stróótenspêer bestaajt bloot föörhands. Häi word't uphooven, soo dróó däi baauaarbaiden ofslooten bünt.
738069	Sag mir den Grund, warum du auf dem Land leben möchtest.	Säeğ mii däi grund, woosoo duu up 't land leeven wult.
738145	Der Programmierer behebt ein technisches Problem mit dem Server.	Däi programäärder beheft 'n technisk probleem mit däi server.
738146	Man braucht technischen Sachverstand, um zu verstehen, wie dieses System funktioniert.	Man bruukt technisk sóókferstand, um t' ferstóón, woo dit süsteem funksjoonäärt.
739673	Reg dich nicht auf! Selbst wenn ich trinke hat das keine Auswirkung auf meine Fahrkunst.	Reeğ dii näit up! Sülst doo 'k drink het dat kiin uutwirken up miin forkünst.
739907	Ich habe gehört, dass man Werwölfe töten kann, wenn man mit Silberkugeln auf sie schießt.	Ik heb höört, dat man weerwulven dooden kan, doo man mit sülvern kuugels up höör sküt't.
739933	Mein Sohn trainiert jedes Wochenende mit seiner Little-League-Baseballmannschaft.	Miin jung trainäärt elk weekenäen mit siin Little-League-baseballmanskup.
739971	Mein Fernseher ist fast 15 Jahre alt, aber das Bild ist noch gut.	Miin feersäier is hóóst 15 joer old, man dat bild is noch gaud.
740312	Sogar die Experten hielten das Gemälde für einen echten Rembrandt.	Sülst däi eksperten hullent däi skilderäj föör 'n äecht Rembrandt.
740314	Als ich heute Morgen aufwachte, war der Regen in Schnee übergegangen.	Doo ik fanmörn upwóóken dee, was däi reegen in snäj oovergóón.
740329	Als ich die Nachrichten im Radio hörte, lief es mir kalt den Rücken hinunter.	Doo ik däi nóórichten up 't róódio höörde, leep 't mii kold oover d' rüeğ.
741198	Du solltest auf der Hut sein, wenn du Geschäfte mit Fremden machst.	Duu sust up d' höyed weesen, doo duu geskeften mit frömmen móókst.
741277	Wir sahen etwas, das aussah wie eine Oase in der Wüste.	Wii sağğent wat, dat leet as 'n oóóes in d' wöysten.
741321	Die USA exportieren Passagierflugzeuge im Wert von mehreren Milliarden Dollar.	Däi USA eksportäärent passóózjäärfluğtsoigen in d' weerd fan meerder miljaarden duller.
742399	Wir setzten uns hin und prüften alle Einzelheiten bis wir eine Übereinstimmung erreichten.	Wii set'dent us dóól un prüüfdent âal enkelhaiden bit wii 'n ooveräinstemmen berekdent.
742438	Ich bin der Typ, der vor Leuten nervös wird, deshalb bin ich ein schlechter Redner.	Ik bün däi tüüp, däi fööer lüü nervöös word't, düs bün ik 'n släecht räidner.
743108	Sie isst morgens selten etwas.	Säi et't 's mörns selden wat.
743158	Sie war den ganzen Morgen dort.	Säi was däi häiel mörn dor.
743824	„Wann bist du denn wiedergekommen?“ – „Vorgestern.“	"Wenner büst duu dan weerkoomen?" - "Eergüster."
744380	Der Fahrer ist für die Sicherheit der Fahrgäste verantwortlich.	Däi forder is föör däi seekerhaid fan däi forgasten ferantwoordelk.
744413	Es gibt einen grundsätzlichen Unterschied zwischen Ihrer Meinung und meiner.	Dat gift 'n grundsettelk ferskeel tüsken Jau mäinen un mîin.
744415	Es gibt einen grundsätzlichen Unterschied zwischen deiner Meinung und meiner.	Dat gift 'n grundsettelk ferskeel tüsken diin mäinen un mîin.
744474	Die Polizei untersuchte die Unfallursache sorgfältig.	Däi skendaarms unnersöchent däi unfaloorsóóek akróót.
745993	Ich erwarte schon die Wiederkehr des Frühlings.	Ik ferwacht al däi weerkumst fan 't fö'joer.
747032	Japan ist eine der größten Wirtschaftsmächte der Welt.	Jóópóón is äien fan däi grôotst wirtskaftsmachten fan d' weerld.
747090	Wenn ein Restaurant Parkservice hat, ist es wahrscheinlich ziemlich teuer.	Doo 'n restaaurant parkservice het, is 't worskiinelk recht dür.
747169	Was geschah mit dem Buch, das ich vor ein paar Minuten hier hergelegt habe?	Wat geböörde mit dat bauk, wat ik fööer 'n poer menüüten hir dóólläeğt heb?
747469	Erst wenn du krank wirst, lernst du den Wert einer guten Gesundheit schätzen.	Eerst doo duu krank worst, leerst duu däi weerd fan 'n gâaud sundhaid t' weerdäären.
747962	Unser Urlaub hat so viel Spaß gemacht, dass wir uns entschieden haben eine weitere Woche zu bleiben.	Us uurlaaub het soo fööl spóós móókt, dat wii us undsked't hebbent noch 'n wêek t' bliiven.
748354	Es war ein trockenes Jahr, und viele Tiere verhungerten.	Dat was 'n drööeğ joer, un fööl däären fersmacht'dent.
748684	Von unserem Hotelzimmer aus haben wir einen großartigen Blick auf das Meer.	Fan us hotelkóómer uut hebbent wii 'n baldóódiğ môoj blik up d' säj.
748725	Bist du zufrieden mit der politischen Situation in deinem Land?	Büst duu t'free mit däi politisk situóósjoon in diin land?
748727	Sind Sie zufrieden mit der politischen Situation in Ihrem Land?	Bünt Jii t'free mit däi politisk situóósjoon in Jau land?
748728	Seid ihr zufrieden mit der politischen Situation in eurem Land?	Bünt jii t'free mit däi politisk situóósjoon in jau land?
748734	Die Ruhe in der Bibliothek wurde vom Klingeln eines Handys gestört.	Däi rüst in d' bibliotäik wur döör 't klingeln fan 'n handy stöört.
748800	Es ist gefährlich, das Lichtzeichen an einem Bahnübergang zu missachten.	Dat is gefordelk, dat lüchttäiken an 'n bóónoovergaang t' iğnoräären.
748824	Wir waren schockiert, als der Vermieter unsere Miete um 200 $ erhöhte.	Wii wassent skokäärt, doo däi ferhürder us hüer um 200 $ ferhoogerde.
748842	Musstet ihr euch ein Schlafzimmer mit euren Brüdern oder Schwestern teilen?	Mussent jii jau 'n slóópkóómer mit jau brörs of süsters däilen?
748845	Mussten Sie sich ein Schlafzimmer mit Ihren Brüdern oder Schwestern teilen?	Mussent Jii Jau 'n slóópkóómer mit Jau brörs of süsters däilen?
748848	Musstest du dir ein Schlafzimmer mit deinen Brüdern oder Schwestern teilen?	Must duu dii 'n slóópkóómer mit diin brörs of süsters däilen?
749650	Während wir im Urlaub waren, hat sich ein Nachbar um unsere Katze gekümmert.	Wiilst wii in d' uurlaaub wassent, het sük 'n nóóber um us kâat kümmert.
750270	Der Baum war von dem Taifun am Vortag umgeweht worden.	Däi boom was fan däi taifuun up d' föördağ umwaajt worden.
750304	Manche Schlangen sind giftig.	Menniğ slangen bünt giftiğ.
750313	Das nennt man in manchen Ländern 'Geschenk' und in anderen 'Bestechung'.	Dat nöymt man in menniğ lâan 'geskenk' un in anner 'bekoopen'.
750966	Es ist leicht, etwas zu planen aber schwer, es auszuführen.	Dat is makkelk, wat t' plóónen man stur, dat uut t' fören.
751263	Als ich kein Geld hatte, hatte ich nur einen Teppich als Bett.	Doo ik kiin geld haar, haar ik man bloot 'n teppiğ as bäer.
752152	Da du jetzt 18 bist, kannst du deinen Führerschein machen.	Um dat duu nuu 18 büst, kaast duu diin förderskiin móóken.
752283	Jedes Mal wenn ich dieses Lied höre, denke ich an meine Tage im Gymnasium.	Elker móól doo ik dit läid höör, denk ik an miin dóógen up 't gümnóósium.
752292	Damit ich einen besseren Blick auf dieses Bild habe, würde ich gern ein bisschen dichter herangehen.	Dat ik 'n beeterder blik up dit bild heb, dee ik d'r geern 'n biitje dichter angóón.
752297	Der Bergsteig war unter einer Blätterdecke, weich und leicht, um darauf zu gehen.	Däi baarğstiiğ was unner 'n blóóden deeken, wäik un licht, um d'r up t' góón.
752300	Er wurde wegen eines Mordanschlags schuldig gesprochen, da er seine Mutter mit einem Messer angegriffen hatte.	Häi wur um 'n moordanslağ skülliğ sprooken, um dat häi siin mauder mit 'n mest angreepen haar.
752361	Sie wird wahrscheinlich seinen Rat nicht befolgen, weil sie ihn nicht leiden kann.	Säi sal worskiinelk siin róód näit befolgen, um dat säi hum näit liiden kan.
752481	Das Leben auf dem Lande ist sehr ruhig, verglichen mit dem in der Stadt.	Dat leevend up 't land is läip rüstiğ, fergleeken mit dat in d' stad.
753119	Ursprünglich wollte Abraham Lincoln alle Sklaven nach Afrika oder in die Karibik deportieren lassen.	Oorsprungelk wul Abraham Lincoln âal slóóven nóó Óófrikó of in d' Kariibik deportäären lóóten.
753353	Mein Großvater ging ins Krankenhaus, um seine Magenschmerzen behandeln zu lassen.	Miin besfóóer gung in 't krankenhuus, um siin móóğkellen behanneln t' lóóten.
753525	Das Bier wird dir vielleicht zuerst nicht schmecken. Man muss auf den Geschmack kommen.	Dat bäär sal dii fiilicht t'eerst näit smóóken. Man maut up d' smóók koomen.
753588	Wenn du irgendwelche Zweifel hast, lasse mich das ohne Zögern wissen.	Doo duu ennerwekker twiivels hest, lóót mii dat fut wäiten.
753602	Ich würde eher in friedvoller Armut leben als in Wohlstand und Furcht.	Ik sul eerder in freedfuel aarmaud leeven as in walstand un nood.
753925	Es gibt einige wichtige Fragen, die die Wissenschaft nicht beantworten kann.	Dat gift wat wichtiğ fróógen, däi däi wäitenskup näit beantern kan.
753931	Der erste künstliche Satellit war Sputnik 1 und wurde 1957 von der Sowjetunion gestartet.	Däi êerst künstelk satelliit was Sputnik 1 un wur in 1957 fan d' Sowjetunjoon start't.
753995	Trotz unseres Engagements entschloss er sich, die Flinte ins Korn zu werfen.	Trots us angóózjmong undsloot häi sük, moers teegen d' diiselboom t' smiiten.
754161	Ich habe erst gestern von dem Unfall erfahren.	Ik heb eerst güster fan däi unfal erforen.
754266	In die Kirche gehen macht noch keinen Christen aus dir, genau wie in einer Garage aus dir noch kein Auto wird.	In d' kâark góón móókt noch kiin krist uut dii, net as in 'n garóózje uut dii noch kiin aauto word't.
754334	Wir standen auf, als die Nationalhymne gespielt wurde.	Wii stunnent up, doo däi nóósjoonóólhüemn spöölt wur.
754350	Glaubst du, dass die Erderwärmung das Ergebnis menschlichen Handelns ist?	Löövst duu, dat dat eerdferwaarmen dat resultóót fan minskelk hanneln is?
754351	Glauben Sie, dass die Erderwärmung das Ergebnis menschlichen Handelns ist?	Löövent Jii, dat dat eerdferwaarmen dat resultóót fan minskelk hanneln is?
754352	Glaubt ihr, dass die Erderwärmung das Ergebnis menschlichen Handelns ist?	Löövent jii, dat dat eerdferwaarmen dat resultóót fan minskelk hanneln is?
754355	Das Krankenhaus beschränkt die Zahl der Besucher, die die Intensivstation betreten können.	Dat krankenhuus begrenst däi tóól fan däi besöykers, däi däi intensiifstóósjoon betreeden köönent.
754752	Du hast schöne Haut.	Duu hest môoj huud.
754758	Sie machte das Licht aus.	Säi mook dat lücht uut.
754858	Wenn es etwas gibt, was ich für dich tun kann, dann zögere nicht und lasse es mich wissen.	Doo 't wat gift, wat ik föör dii daun kan, dan trüegel näit un lóót mii 't wäiten.
754859	Gibt es etwas, was ich tun kann, um dir zu helfen?	Gift dat wat, wat ik daun kan um dii t' helpen?
755386	Der Präsident trat von seinem Amt zurück, nachdem eine Untersuchung feststellte, dass er Wählern gegenüber gelogen hatte.	Däi president trad fan siin amt t'rüeğ, nóódeem 'n unnersöyken faststelde, dat häi teegenoover weelers loogen haar.
755756	Der Vizepräsident vertrat auf der internationalen Konferenz sein Land.	Däi fiispresident fertrad up däi internóósjoonóóel kunferens siin land.
756032	In den Vereinigten Staaten werden die meisten Güter noch auf der Schiene transportiert.	In d' Feräint Stóóten wordent däi mäiest gauden noch up d' skîin transportäärt.
756058	In Schwimmbädern wird das Wasser ständig gefiltert.	In swembóóden word't dat wóóter stielweğ filtert.
756066	Das Kind protestierte dagegen, die Medizin schlucken zu müssen.	Dat kind protestäärde d'r teegen, däi medsiin sluuken t' mauten.
756092	Sie verläuft sich sehr schnell. Sie hat keinen Orientierungssinn.	Säi ferlöpt sük läip gaau. Säi het kiin orientäärenssin.
756122	Man sagt, dass die globale Erderwärmung direkt mit dem Kohlendioxidausstoß zusammenhängt.	Man säeğt, dat dat globóóel eerdferwaarmen direkt mit däi köölenstofdioksiiduutstöyt t'sóómenhangt.
756882	Sowohl mein Vater als auch ich haben das Museum zum ersten Mal besucht.	Soo wal miin fóóder as ook ik hebbent dat museum föör 't êerst móól besöcht.
757065	Kannst du das wiederholen?	Kaast duu dat weerhóólen?
757200	Die Ursprünge der Heeresflieger der Vereinigten Staaten, diese waren der Vorläufer der Luftstreitkräfte, lassen sich in das Jahr 1918 zurückverfolgen.	Däi oorsprungen fan däi heersfläigers fan d' Feräint Stóóten, dissent wassent däi föörlooper fan d' lüchtstriidkrachten, lóótent sük in 't joer 1918 t'rüeğferfolgen.
757204	In Atlanta (Georgia) befindet sich einer der verkehrsreichsten Flughäfen der Welt.	In Atlanta (Georgia) befint sük äien fan däi ferkeersrîikst fluğhóóvens fan d' weerld.
757289	Uns werden die Gefahren des Passivrauchens deutlich bewusst.	Us wordent däi geforden fan dat passiifsmooken düüdelk bewust.
757472	Seine Lieblings-Baseballmannschaft sind die Giants, aber er mag auch die Lions.	Siin läiefst baseballmanskup bünt däi Giants, man häi mağ ook däi Lions.
757475	Da er müde war, saß er mit geschlossenen Augen auf dem Sofa.	Um dat häi möej was, sat häi mit slooten oogen up 't soofó.
757494	Er wird selten krank, da er sorgfältig mit seiner Gesundheit umgeht.	Häi word't selden krank, um dat häi kittiğ mit siin sundhaid umgaajt.
757635	Ich werde niemals den Tag vergessen, an dem wir uns das erste Mal begegnet sind.	Ik sal noojt däi dağ fergeeten, up däi wii us dat êerst móól t' möyet koomen bünt.
758131	Millionen von Menschen lebten nach dem Erdbeben in Armut.	Miljoonen fan minsken leevdent nóó dat eerdbeeven in aarmaud.
758137	Geschäftsleute tauschen am Anfang oder am Ende einer Versammlung Visitenkarten aus.	Geskeftslüü tuuskernt up d' anfang of up 't äen fan 'n fergóódern wisiitenkorten uut.
758144	Geschäftsleute tauschen am Anfang oder am Ende einer Zusammenkunft Visitenkarten aus.	Geskeftslüü tuuskernt up d' anfang of up 't äen fan 'n biiäinkumst wisiitenkorten uut.
758364	Besucher werden üblicherweise gebeten, ihre Schuhe auszuziehen, bevor sie ein japanisches Haus betreten.	Besöykers wordent gewoon beeden, höör skau uut t' trekken, eer säi 'n jóópóónsk huus betreedent.
758369	Der Raum war so voller Rauch, dass ich kaum atmen konnte.	Däi ruum was soo ful fan rook, dat ik bold näit óómen kun.
758786	Wir hören oft, dass gesagt wird, dass das japanische Volk konservativ ist.	Wii höörent fóók, dat säeğt word't, dat dat jóópóónsk folk kunserwóótiif is.
758799	Ein japanischer Geschäftsmann kaufte das Kunstwerk für 200 Millionen Yen.	'N jóópóónsk geskeftsman köf dat künstwaark föör 200 miljoonen jen.
759073	Tom überredete den Geschäftsführer, ihm sein Geld zurückzugeben.	Tom beproot'de däi geskeftsläider, hum siin geld t'rüeğ t' geeven.
759261	Tom bat seine Freundin um Verzeihung dafür, dass er ihren Geburtstag vergessen hatte.	Tom beed'de siin fründin um fergeeven d'r föör, dat häi höör boorsdağ fergeeten haar.
759263	Möchtest du gerne zur Mardi Gras-Parade in New Orleans?	Wult duu geern nóó d' Mardi Gras-paróóed in New Orleans?
759264	Möchtet ihr gerne zur Mardi Gras-Parade in New Orleans?	Willent jii geern nóó d' Mardi Gras-paróóed in New Orleans?
759265	Möchten Sie gerne zur Mardi Gras-Parade in New Orleans?	Willent Jii geern nóó d' Mardi Gras-paróóed in New Orleans?
759270	Es dauerte drei Tage, das ganze Haus zu streichen.	Dat dürs drei dóóeğ dat häiel huus t' striiken.
759408	Wie viel Bier man trinkt, hängt meistens vom Wetter ab.	Woo fööl bäär man drinkt, hangt mäisttiids fan 't wêer of.
759473	In keinem anderen Land kommen Erdbeben so häufig vor wie in Japan.	In kiin anner land kooment eerdbeevens soo fóók fööer as in Jóópóón.
759786	Ich bin dir sehr dankbar, was du für meine Familie getan hast.	Ik bün dii läip dankbor, wat duu föör miin femiilje dóón hest.
761236	Wenn du auf diesen Hocker steigst, kannst du auf den Schrank fassen.	Doo duu up disser hukker stiğst, kaast duu up dat skap fóóten.
761377	Sie lehnte meine Einladung ab.	Säi dee miin nöygen ofleenen.
761407	Wusstest du das nicht?	Wust duu dat näit?
762399	Sie beschimpften sich gegenseitig, so laut sie konnten.	Säi beskullent sük teegensiidiğ, soo fäel as säi kunnent.
764808	Das Haus war drei Jahre im Angebot, bevor es verkauft wurde.	Dat huus was drei joer in 't anbod, eer 't ferköft wur.
764880	Haben Sie je darüber nachgedacht, nach ihrem Tod ihre Organe zu spenden?	Hebbent Jii d'r oojt oover nóódocht, nóó höör dood höör orgóónen t' spenden?
765711	Der Abstand zwischen Sonne und Erde ist ungefähr 150 Millionen Kilometer.	Däi ofstand tüsken süen un êer is ruuğweğ 150 miljoonen kilomeeter.
765713	Der Abstand zwischen Sonne und Erde ist ungefähr 93 Millionen Meilen.	Däi ofstand tüsken süen un êer is ruuğweğ 93 miljoonen miilen.
766658	Wäre sie mit mir befreundet gewesen, hätte ich ihr geraten, dies nicht zu tun.	Haar säi mit mii befründjet west, haar ik höör róóden, dat näit t' daun.
767028	Wenn du ein wenig geduldiger gewesen wärst, hättest du es schaffen können.	Doo duu wat gedüriger west haarst, haarst duu dat skiren kunt.
767199	Danke für die Zeit, die du mit mir während meines Aufenthaltes in Atlanta verbracht hast.	Bedankt föör däi tiid, däi duu mit mii wiilst miin ferbliif in Atlanta taubrocht hest.
767313	Ich denke, sie denkt möglicherweise an sich selbst als an einen der Jungs.	Ik denk, säi denkt möögelkerwîis an sük sülst as an äien fan däi jungse.
767539	Mein Roboter wird Essen machen, aufräumen, abwaschen und noch andere Hausarbeiten erledigen.	Miin roboter sal eeten móóken, uprüümen, ofwaaskern un noch anner huusaarbaiden daun.
767586	Es lohnt sich nicht, dieses alte Gebäude zu renovieren. Es sollte lieber abgerissen werden.	Dat is näit bewend't um dit oel gebôojd t' renowäären. Dat sul läiver ofreeten worden.
768993	Wenn wir einmal ein Buch anlesen, sollten wir es in einem Zug durchlesen.	Doo wii insent 'n bauk anleesen daunt, sullent wii 't in äin tsuğ döörleesen.
769065	Du hättest sie nicht warten lassen sollen, in so einer kalten Nacht.	Duu haarst höör näit wachten lóóten sult, in soo 'n koel nacht.
769289	Der Mann fragte, wer ich sei, aber ich hielt es nicht für notwendig, seine Frage zu beantworten.	Däi keerl frooğ, wel ik was, man ik hul dat näit föör nöödiğ, up siin fróóeğ t' antern.
769970	Er zieht immer Vorteile aus den Fehlern seiner Rivalen.	Häi trekt altiid föördäilen uut däi feelers fan siin riwóólen.
770416	Die Welt ist besorgt über die nuklearen Fähigkeiten Irans und Nordkoreas.	Däi weerld is besörğt oover däi nukleâar feeiğkaiden fan Iróón un Noordkoreó.
770423	Unser Preis ist beträchtlich höher als der derzeitige Marktpreis.	Us priis is düüdelk hooger as däi upstündsk maarktpriis.
770425	Wir haben Ihren Vorschlag erwogen, und wir haben entschieden, dass wir nicht in der Lage sind, den Preis zu reduzieren.	Wii hebbent Jau föörslağ erwoogen, un wii hebbent undsked't, dat 't us näit möögelk is, däi priis t' redusäären.
770426	Wir glauben, dass Sie uns beim Preis entgegenkommen können.	Wii löövent, dat Jii us bii d' priis t' möyet koomen köönent.
770441	Die Nachfrage nach importierten Autos steigt aufgrund geringerer Preise.	Däi nóófróóeğ nóó importäärt aautos stiğt weegen leegerder priisen.
770450	Die Regierung tut nicht ihr Bestes, um das Wohnraumproblem zu lösen.	Dat regäären daajt näit siin bäest, um dat woonruumprobleem t' löesen.
770453	Mehr als 70 Prozent der Einwohner begünstigen das Programm.	Meer as 70 prosent fan däi inwooners begünstigent dat program.
770462	Das Volk protestierte gegen das Tiefflugtraining.	Dat folk protestäärde teegen dat däipfluğtraining.
770477	Wir kamen zu dem Schluss, dass jedenfalls der Preis von 5.000.000 Yen zu hoch war.	Wii reselwäärdent us d'r up, dat elker gefal däi priis fan 5.000.000 jen t' hooğ was.
770483	Zu diesem Preis wäre Ihr Produkt auf dem japanischen Markt nicht wettbewerbsfähig.	Tau disser priis was Jau produkt up dat jóópóónsk mâarkt näit wedbewaarfsfeeiğ.
770490	Ich kaufe immer Produkte höchster Qualität, selbst wenn sie geringfügig mehr kosten.	Ik koop altiid produkten fan hôoğst kwalitäit, sülst doo säi 'n biitje meer köstent.
771033	Tom merkte in seinem Bericht an, dass die Börse beim Scheitern der Firma eine Rolle spielte.	Tom dee in siin bericht anmaarken, dat däi bööers bii 't skaajtern fan däi firmó 'n ruel spöölde.
771916	Blinde Menschen lesen durch Berühren, indem sie ein System von erhabenen Punkten namens Brailleschrift benutzen.	Blien minsken leesent döör berören, indeem s' 'n süsteem fan hôoğ punkten nöymt brailleskrift bruukent.
772242	Wir kauften unseren neuen Nachbarn eine Uhr als Begrüßungsgeschenk.	Wii köffent us näej nóóber 'n kloek as begröytensgeskenk.
772250	Wenn das Wetter aufklart, gehen wir im Wald spazieren.	Doo dat wêer upklort, góónt wii in d' wald kaiern.
772263	In Tokio beginnt die kalte Jahreszeit Mitte November.	In Tokio begünt däi koel jorstiid in d' middent fan nowember.
772276	Man weiß nicht, wann ein schweres Erdbeben in Tokio sein wird.	Man wäit näit, wenner 'n swoer eerdbeeven in Tokio weesen sal.
772277	Es gibt keine Vorhersage, wann ein schweres Erdbeben Tokio trifft.	Dat gift kiin f'ruutsäegen, wenner 'n swor eerdbeeven Tokio róókt.
772291	Kommen sie um zehn Uhr morgens oder abends an?	Kooment säi teegen tain üer 's mörns of 's óóvends an?
772432	Los Angeles ist die zweitgrößte Stadt in den Vereinigten Staaten.	Los Angeles is däi twäidgrôotst stad in d' Feräint Stóóten.
772552	Wenn du etwas Geld brauchst, warum borgst du es nicht von deiner Mutter?	Doo duu wat geld bruukst, woosoo börğst duu 't näit fan diin mauder?
772669	Stadtausrufer sagten den Leute früher, was sie gemäß den Anordnungen des Königs tun sollten.	Staduutraupers seedent däi lüü waleer, wat säi nóó däi anörnens fan d' köönenk daun sullent.
772875	Sie renovierten das Haus ihrer Großmutter und statteten es mit modernen Möbeln aus.	Säi renowäärdent dat huus fan höör bäep un deedent 't mit modêern mööbels inrichten.
773876	Sie ist nicht hier, um sich gegen diese Anschuldigungen zu verteidigen.	Säi is näit hir, um sük teegen disser anskülligens t' ferdeegen.
773927	Eine Stunde hat sechzig Minuten, und eine Minute hat sechzig Sekunden.	'N stüen het tsestiğ menüüten, un 'n menüüet het tsestiğ sekunnen.
773929	Es ist verboten, Zigaretten an Minderjährige zu verkaufen.	Dat is ferbooden tsigretten an minnerjorigen t' ferkoopen.
773931	In Amerika ist man minderjährig, wenn man jünger als 18 Jahre ist.	In Amerikó is man minnerjoriğ, doo man junger is as 18 joer is.
774300	Mir schwant nichts Gutes.	Mii swóónt niks gauds.
774744	Es war an diesem Tag sehr windig, und mein Schirm hatte sich umgestülpt.	Dat was up disser dağ läip winniğ, un miin skiirm haar sük umstülpt.
774977	Ich habe einen guten Vorrat an Briefmarken, um Wege in das Postamt zu sparen.	Ik heb 'n gâaud föörróód an bräifmaarken, um weegen nóó 't postamt t' sporen.
774981	Ich werde das Postamt von meiner Adressänderung informieren.	Ik sal dat postamt fan miin adresannern inf'rmäären.
775137	Die Führer der G7 wollen sich 2000 in Okinawa treffen.	Däi förders fan däi G7 willent sük 2000 in Okinawó dräepen.
775389	Der Autor ist siebzig, aber er ist nicht weniger produktiv als vor zwanzig Jahren.	Däi aautoor is tsöömtiğ, man häi is näit minner produktiif as fööer twintiğ joer.
775506	Die Bürgerwehr wurde gegründet, um im Ernstfall die Bürger zu schützen.	Däi börgerweer wur grünt, um in 't eernstgefal däi börgers t' skütsen.
775874	Da ich nicht gefrühstückt habe, bin ich jetzt sehr hungrig.	Um dat ik näit früüstükt heb, bün ik nuu läip smachtiğ.
776161	Sie hat viele Wettbewerbe gewonnen.	Säi het fööl wedstriiden wunnen.
776212	Sie wurde von einem Auto überfahren.	Säi wur fan 'n aauto ooverforen.
776886	Die Ursache des Problems liegt im Mangel an Kommunikation zwischen den Abteilungen.	Däi oorsóóek fan dat probleem liğt in gebrek an kummunikóósjoon tüsken däi ofdäilens.
777176	Unter den zur Feier geladenen Gästen waren auch zwei ausländische Damen.	Unner däi tau d' fier nöyğt gasten wassent ook twei buutenlandsk dóómen.
777180	Ich habe mich entschlossen, auf die Feier zu gehen, aber ich freue ich mich nicht darauf.	Ik heb mii undslooten, up däi fier t' góón, man ik fraaj mii d'r näit up.
777473	Ich interessiere mich sehr für klassische Literatur.	Ik interessäär mii läip föör klassisk litteróótüer.
777874	Ich habe gerade die Nachricht erhalten, dass das Meeting abgesagt wurde.	Ik heb net däi nóóricht kreegen, dat dat meeting ofsäeğt wur.
777876	Ich habe gerade die Nachricht erhalten, dass die Konferenz abgesagt wurde.	Ik heb net akróót däi nóóricht kreegen, dat däi kunferens ofsäeğt wur.
777878	Ich habe gerade eine Nachricht erhalten, dass die Besprechung abgesagt wurde.	Ik heb net 'n nóóricht kreegen, dat dat beprooten ofsäeğt wur.
777880	Das Vietnam Veterans Memorial ehrt die Mitglieder der US-Streitkräfte, die im Vietnamkrieg kämpften.	Dat Vietnam Veterans Memorial eert däi leeden fan däi US-striidkrachten, däi in d' Wjetnamoorlauğ kemfdent.
778366	Laut Zeitung gab es heute Nacht ein großes Feuer.	Nóó dat bladje gaf dat fannacht 'n groot füer.
779227	Prüfungen behindern den wahren Zweck von Bildung.	Prüüfens behinnernt däi woer tswek fan 't bilden.
779308	Lichtwellen durchdringen den Raum und verschiedene Materialien.	Lüchtwellen döördringent däi ruum un ferskeelend materióólen.
779867	Weißt du, wie viele Menschen auf der Welt jährlich verhungern?	Wäist duu, woo fööl minsken in d' weerld jorelk fersmachtent?
779925	Der Lehrer wies auf die Grammatikfehler hin, die die Schüler gemacht haben.	Däi mester wees up däi gramóótikfeelers hen, däi däi skaulers móókt hebbent.
781797	Indem er das Geld annahm, verlor er die Achtung des Volkes.	Indeem häi dat geld annam, ferloor häi dat achten fan 't folk.
781864	Es könnte eine Hochzeit sein.	Dat kun wal 'n hochtiid weesen.
781907	Diese Vogelart soll vom Aussterben bedroht sein.	Disser föögeltsoord sal fan 't uutstaarven bedraiğt weesen.
781931	Niemand trug zum Verständnis der Träume so viel bei wie Freud.	Nüms drooğ tau 't ferstennis fan däi dröömen soo fööl bii as Freud.
781941	Ich vermutete, dass er eine Lüge erzählte, aber das wunderte mich nicht.	Ik fermaud'de, dat häi 'n löögen fertelde, man dat ferwunnerde mii näit.
781947	Seine Ideen sind den meisten Leuten zu radikal.	Siin ideen bünt däi mäiest lüü t' radikóól.
781973	Er kann überhaupt nicht schwimmen, aber beim Skifahren ist er der Beste.	Häi kan häilundal näit swemmen, man bii 't skiiforen is häi däi bäest.
781995	Warum erhöhen sich die Erträge bei herbizidresistenten Sorten?	Woosoo ferhoogernt sük däi erdróógen bii herbisiidresistäent tsoorden?
782000	Die Zahl der Schüler, die zu spät in die Schule kommen, hat in der letzten Zeit zugenommen.	Däi tóól fan däi skaulers, däi t' lóót in d' skaul kooment, het in d' läest tiid taunoomen.
782029	Ihre Hände sind klein, aber nicht so klein, dass sie nicht Klavier spielen könnte.	Höör hâan bünt lütjet, man näit soo lütjet, dat säi näit klewäär spöölen kun.
782032	Unser Leben hängt weitgehend von Öl ab, das aus anderen Ländern importiert wird.	Us leevend hangt grootendäils fan ölje of, wat uut anner lâan importäärt word't.
782048	Als ich aus dem Bett stieg, war die Sonne schon hoch am Himmel.	Doo ik tau 't bäer uut stapde, was däi süen al hooğ an d' heemel.
782080	Da er das Problem so nicht lösen konnte, versuchte er es anders.	Um dat häi dat probleem soo näit löesen kun, fersöch häi 't anners.
782152	Jetzt, wo du nicht mehr jung bist, musst du an deine Zukunft denken.	Nuu, wor duu näit meer jung büst, maust duu an diin taukumst denken.
782160	Er spielt den Unparteiischen und Unbefangenen, aber ich glaube, er ist einfach ein Typ ohne eigene Meinung.	Häi spöölt däi unparteisk un unbefangen, man ik lööv, häi is äinfach 'n keerl sünner äigen mäinen.
782161	Als seine Lippen blau wurden, wartete ich nervös auf den Krankenwagen.	Doo siin lippen blaau wurdent, wacht'de ik nervöös up däi krankenwóógen.
782178	Die Reichen werden reicher und die Armen werden ärmer.	Däi riiken wordent riiker un däi aarmen wordent aarmer.
782199	Es wird wichtig für uns, zu wissen, wie man einen Computer benutzt.	Dat word't wichtiğ föör us, t' wäiten, woo man 'n computer bruukt.
782221	Weil unser Kapitän krank war, ging ich für ihn zum Treffen.	Um dat us kaptain krank was, gung ik föör hum nóó 't dräepen.
782233	Ein Gebäude mit hohen Decken und riesigen Räumen mag weniger praktisch sein als der farblose Büroblock, der es ersetzt, aber dafür fügt es sich oft gut in seine Umgebung ein.	'N gebôojd mit hôoğ bööns un baldóódiğ kóómers mağ minner praktisk weesen as 'n klöörlöes büroblok, däi 't ersetten daajt, man d'r föör skikt 't sük fóók gaud in siin umgeeven.
782239	Der Tod eines Mannes ist eine Tragödie, der Tod von Millionen ist eine Statistik.	Däi dood fan 'n man is 'n tróógöödie, däi dood fan miljoonen is 'n stóótistik.
782255	Sie sagten mir, ich würde mich besser fühlen, wenn ich diese Medizin nehme.	Säi seedent teegen mii, ik sul mii beeter föylen, doo ik disser medsiin neemen dee.
782305	Es war ihre kleine Schwester, die ihr Spielzeug kaputt gemacht hat.	Dat was höör lütje süster, däi höör spöölrêev kötmóókt het.
782418	Man erwartet, dass Sie ihre Schuhe ausziehen, wenn Sie in Japan ein Haus betreten.	Man ferwacht't, dat Jii Jau skau uuttrekkent, doo Jii in Jóópóón 'n huus betreedent.
782445	Sie schickten ihn ins Gefängnis für all seine Verbrechen.	Säi stürdent hum in 't gefangenis föör âal siin ferbreekens.
782460	Die Wissenschaft ist seit dem 16. Jahrhundert weit vorangeschritten.	Däi wäitenskup is siit dat 16. jorhunnert wiid f'ruutgóón.
782467	Ihre finanziellen Probleme begannen in der zweiten Jahreshälfte.	Höör finansjäel probleemen fungent in d' twäied jorshâalft an.
782736	Wälder regulieren den Wasserkreislauf und nehmen schädliches Kohlendioxid auf.	Weller reguläärent däi wóóterkraisloop un neement skóódelk köölendioksiid up.
782947	Dieser Skandal hat den öffentlichen Auftritt unseres Unternehmens schwer beschädigt.	Disser skandóól het dat öffenlîik uptreeden fan us unnerneemen swor beskóódiğt.
783001	Ich hoffe, dass Japan Artikel 9 seiner Verfassung einhalten wird.	Ik hoop, dat Jóópóón artikkel 9 fan siin ferfóóten inhollen sal.
783014	Sie hat sich entschieden und lässt sich nicht mehr davon abbringen.	Säi het sük undsked't un let't sük d'r näit meer fan ofbrengen.
783036	Die Zahl der Schüler, die zu spät zur Schule kamen, war viel geringer, als ich erwartet hatte.	Däi tóól fan däi skaulers, däi t' lóót nóó d' skaul kwamment, was fööl minner, as ik ferwacht't haar.
783159	Die Bevölkerung von Tōkyō ist etwa fünfmal so groß wie die unserer Stadt.	Dat befolken fan Tōkyō is ruuğweğ fiif móól soo groot as dat fan us stad.
783177	Das ist ein sehr wichtiges Meeting. Sie sollten es nicht verpassen.	Dat is 'n häil wichtiğ meeting. Jii sullent dat näit ferpaasen.
783270	Er ist von Hause aus Franzose, aber jetzt ist er ein US-Bürger.	Häi is fan huus uut Franskman, man nuu is häi 'n US-börger.
783303	Er hatte das Auto repariert und sah müde aus, als ich zu Hause ankam.	Häi haar dat aauto reparäärt un leet möej, doo ik in huus ankwam.
783354	Ohne deinen Regenmantel wäre ich nass bis auf die Haut geworden.	Sünner diin reegenmantel was 'k mäesnat worden.
783360	Die Besucher warteten in einer langen Schlange, um in das Museum zu kommen.	Däi besöykers wacht'dent in 'n lâang slâang, um in 't museum t' koomen.
783364	Die Stahlproduktion wird diesen Monat gegenüber dem letzten Monat um 2 % zunehmen.	Däi stóólproduksjoon sal fanmóónd teegenoover ferleeden móónd um 2 % tauneemen.
783375	Das Unternehmen ging an die Börse und war ab 1990 börsennotiert.	Dat unnerneemen gung an d' bööers un was fan 1990 of an böörsennotäärt
783428	Vergiss nicht, das Gas abzustellen, bevor du aus dem Haus gehst.	Fergeet näit, dat gas of t' stellen, eer duu tau 't huus uut gaajst.
783431	Vergessen Sie nicht, den Gashahn zu schließen, bevor Sie das Haus verlassen.	Fergeetent Jii näit, däi gashóón t' sluuten, eer Jii dat huus ferlóótent.
783443	Dieser alte Mann hatte seit fünfzig Jahren Whisky selbst gebrannt.	Disser oel keerl haar siit fiiftiğ joer whisky sülst braant.
783454	Sie müssen Sich entscheiden, ob Sie mit dem Zug oder mit dem Flugzeug reisen.	Jii mautent Jau undskäiden, of Jii mit tsuğ of mit fluğtsoiğ raajsent.
783457	Es ist wichtig, dass wir an die Zukunft der Welt denken.	Dat is wichtiğ, dat wii an däi taukumst fan d' weerld denkent.
783709	Mein Gatte ist ein Experte, wenn es um das Zubereiten chinesischen Essens geht.	Miin keerl is 'n ekspäert, doo 't um 't räiden fan skiineesk eeten gaajt.
783890	Tauben finden den Heimweg mithilfe des Magnetfeldes der Erde.	Duuven finnent däi häimweğ middels dat mağneetfeld fan d' êer.
784001	Ich konnte die Farbe seines Hemds nicht erkennen, denn es war zu dunkel draußen.	Ik kun däi klööer fan siin hemd näit erkennen, dan dat was t' düüster up buuten.
784022	Seine wahren Gefühle zu zeigen wird in Japan nicht als Tugend angesehen.	Siin woer geföylen t' wiisen word't in Jóópóón näit as döyğd bekeeken.
784077	Es ist schwer, einen Engländer nur an seinem Aussehen von einem Amerikaner zu unterscheiden.	Dat is stur, 'n Engelskman bloot döör siin uutsäin fan 'n Amerikóóner t' ferskeelen.
784128	Ich werde ihn als Vorsitzenden vorschlagen, ob es Ihnen gefällt oder nicht.	Ik sal hum as föörsitter föörslóón, of Jau 't gefaalt of näit.
784147	Angeblich wohnt er in Nagano. Was macht er dann am Bahnhof von Tokyo?	Fermäinelk woont häi in Nagano. Wat daajt häi dan bii d' bóónhof fan Tokyo?
784165	Computer spielen in jedem Fall eine wichtige Rolle in unserem Leben, ob es uns gefällt oder nicht.	Computers spöölent in elker gefal 'n wichtiğ ruel in us leevend, of us dat gefaalt of näit.
784192	Meine Großmutter wurde allmählich vergesslich und gebrechlich.	Miin bäep wur mit läiverlóó fergeetelk un gebrekkelk.
784235	Den Wert seiner Entdeckung erfasste man erst nach seinem Tod.	Däi weerd fan siin unddekken begreep man eerst nóó siin dood.
784266	Wenn meine Mutter noch gelebt hätte, hätte sie mir damals geholfen.	Doo miin mauder noch leevt haar, haar säi mii doo hulpen.
784297	Ich bin mir nicht sicher, was da los ist. Wir sollten längst von ihm gehört haben.	Ik bün mii näit seeker, wat d'r lös is. Wii sullent al lâang fan hum höört hebben.
784310	Wird er es jemals machen?	Sal häi dat oojt móóken?
784328	Sein Name lag mir auf der Zunge, aber er fiel mir nicht ein.	Siin nóóm lağ mii up d' tueng, man häi ful mii näit in.
784347	Darauf kann ein Vater oder eine Mutter keine zufriedenstellende Antwort geben.	D'r kan 'n fóóder of 'n mauder kiin befreedigend antern up geeven.
784374	Tief gerührt von der bemitleidenswerten Geschichte des alten Mannes, brach das kleine Mädchen in Tränen aus.	Däip rört fan dat bedröyvt ferhóól fan däi oel man, brook dat lütje wicht in tróónen uut.
784430	Eine Freundin von uns hat letzte Woche eine Reise in ein kleines Dorf gemacht.	'N fründin fan us het ferleeden wêek 'n râajs in 'n lütjet lauğ móókt.
784437	Den Apfel habe ich gegessen.	Däi appel heb ik eeten.
784465	"Aber finden Sie nicht, dass er ein bisschen groß ist?" fragte die Geschäftsinhaberin.	"Man finnent Jii näit, dat häi 'n biitje groot is?" frooğ dat geskeftsinhebberske.
784529	Selbst bei der Arbeit gebe ich heimlich meiner Internetsucht nach.	Sülst bii d' aarbaid dau ik stilkens miin internetsücht nóógeeven.
784731	Sollte jemand während meiner Abwesenheit bei mir vorbeischauen, dann sag ihm, dass ich bald zurück sein werde.	Sul äien wiilst miin ofweesenhaid bii mii inkiiken, dan säeğ hum, dat ik bold t'rüeğ weesen sal.
784933	Heute Morgen war das Wetter so schlecht, dass ich mir ein Taxi nehmen musste.	Fanmörn was dat wêer soo slecht, dat ik mii 'n taksii neemen mus.
785179	Der Tatverdächtige verbarg sich drei Wochen lang in den Bergen.	Däi dóódferdechtiğ ferburğ sük drei wêek lang in d' baargen.
785331	Deal liegt im Südosten Englands, ungefähr 110 Kilometer entfernt von London.	Deal liğt in 't süüdoost fan Engelland, ruuğweğ 110 kilomeeter weğ fan London.
786333	Ich bin sauer auf meinen Freund, weil er den Valentinstag vergessen hat.	Ik bün dül up miin fründ, um dat häi däi Wallentiinsdağ fergeeten het.
786497	Dank deiner Hilfe konnte ich das Buch ganz gut verstehen.	Dank diin hüelp kun ik dat bauk häil gaud ferstóón.
786512	Wenn überhaupt, dann geht es ihr heute ein bisschen besser als gestern.	Wen ooverhôop, dan gaajt 't höör fandóóeğ 'n biitje beeter as güster.
786566	Vergewissern Sie sich, dass die Lichter ausgeschaltet sind, bevor Sie gehen.	Ferseekernt Jii Jau, dat däi lüchten uutskalt't bünt, eer Jii góónt.
786911	Wenn du in die Firma zurück kommst, vergiss nicht, mich zu kontaktieren.	Doo duu in däi firmó t'rüeğ kumst, fergeet näit, mii t' kuntaktäären.
786912	Die Firma beschenkte ihn mit einer goldenen Uhr am Tage seines Ausscheidens.	Däi firmó beskunk hum mit 'n gollen kloek up d' dağ fan siin uutskäiden.
787282	Ihrer Meinung nach ist er der beste Musiker, den sie je gesehen hat.	Nóó höör mäinen is häi däi bäest musikker, däi säi oojt säin het.
787409	Kinder lernen von einem sehr jungen Alter ab, auf rhythmische Geräusche anzusprechen.	Kinner leerent fan 'n läip jueng oller of an, up rütmisk geluuden in t' góón.
787445	Er hatte all das Geld aufgebraucht, das seine Freunde ihm geliehen hatten.	Häi haar âal dat geld upbruukt, wat siin früen hum läint haarent.
787646	Wenn du alles bezweifelst, bezweifle wenigstens auch deinen Zweifel.	Doo duu âals betwiivelst, betwiivel t'minst ook diin twiivels.
788369	Sofort nach dem Läuten kam der Lehrer in die Klasse.	Fut nóó 't lüüden kwam däi mester in d' klâas.
788453	In diesem Unternehmen muss man entweder Englisch oder Spanisch sprechen können.	In dit unnerneemen maut man Engelsk of Spóónsk prooten köönen.
788457	Als ich das Fenster öffnete, sah ich Kinder Baseball spielen.	Doo ik dat fenster oopendee, sağ ik kinner baseball spöölen.
788523	Eine Art Party im oberen Geschoss hielt mich gestern Abend bis um eins wach.	'N tsoord party in 't boovenhuus hul mii güster óóvend bit teegen äien wóóker.
788609	Wir gehen in die Berge. Warum kommst du nicht mit?	Wii góónt in däi baargen. Woosoo kumst duu näit mit?
789322	Ich glaube, Beethoven ist der größte Komponist, der je gelebt hat.	Ik lööv, Beethoven is däi grôotst kumponist, däi oojt leevt het.
789374	Das Gesicht des Feuerwehrmannes war erbittert, als er aus dem brennenden Haus kam.	Dat gesiecht fan däi fürweerman was ferbittert, doo häi tau 't braanend huus uut kwam.
789379	Tsunamis fegten durch Reisfelder und überfluteten die Städte.	Tsunóómiis feğğent döör riisfäel un ooverflaud'dent däi steeden.
789452	Es war solch ein schöner Tag, dass viele Kinder im Park spielten.	Dat was soo 'n môoj dağ, dat fööl kinner in d' park spööldent.
789479	Ich kann mich damit abfinden, wenn ein Haus unordentlich ist, aber ich mag es nicht, wenn es schmutzig ist.	Ik kan mii d'r mit offinnen, doo 'n huus unörnelk is, man ik mağ 't näit, doo 't fuul is.
790682	Man kann sein Geld lieber gleich wegschmeißen, als es zu verspielen.	Man kan siin geld läiver fut weğsmiiten, as 't t' ferspöölen.
790683	Du kannst dein Geld lieber gleich wegschmeißen, als es zu verspielen.	Duu kaast diin geld läiver fut weğsmiiten, as 't t' ferspöölen.
790684	Ihr könnt euer Geld lieber gleich wegschmeißen, als es zu verspielen.	Jii köönent jau geld läiver fut weğsmiiten, as 't t' ferspöölen.
790685	Sie können Ihr Geld lieber gleich wegschmeißen, als es zu verspielen.	Jii köönent Jau geld läiver fut weğsmiiten, as 't t' ferspöölen.
792293	Dieser Hund hat einen kurzen Schwanz.	Disser hund het 'n köert steert.
792328	Niemand, der recht bei Sinnen ist, würde nachts in diesem Wald spazieren gehen.	Nüms, däi recht bii sük is, dee 's nachts in disser wald kaiern góón.
792430	Er versprach, neue Branchen in der Region anzusiedeln, aber Politiker halten selten Wort.	Häi beloovde, näej branzjen in d' regjoon an t' siideln, man politikkers hollent selden woord.
792453	Der Unfall schien etwas mit dem tiefen Schnee zu tun zu haben.	Dat melöör skeen wat mit däi däiep snäj t' daun t' hebben.
792472	Gibt es irgendein anderes Land, das so sehr den Patriotismus anfacht wie Amerika?	Gift dat enner 'n anner land, wat soo staark däi póótriootismus upböt't as Amerikó?
792604	Das Flugzeug fliegt mit einer Geschwindigkeit von fünfhundert Kilometern pro Stunde.	Dat fluğtsoiğ flüğt mit 'n gaauiğkaid fan fiifhunnert kilomeeter pro stüen.
792628	Jede Verbindung mit jenem Flugzeug war plötzlich wie abgeschnitten.	Elker ferbinnen mit dat fluğtsoiğ was t'móól as ofsneeden.
792772	Er hob das Glas an seine Lippen und leerte es in einem Zuge.	Häi tielde dat glas nóó siin lippen un löesde 't in äin tsuğ.
792909	Auf all meinen Reisen habe ich nie einen schöneren Berg gesehen als den Mt. Everest.	Up âal miin raajsen heb ik noojt 'n moojerder baarğ säin as däi Mt. Everest.
793441	Vom Flugzeug aus gesehen sieht die Insel aus wie eine riesige Spinne.	Fan 't fluğtsoiğ uut säin let't dat ailand as 'n baldóódiğ spien.
793519	Beim Fußballspielen hat mich ein Ball am Hinterkopf getroffen.	Bii 't fautbaalspöölen het mii 'n bâal an d' achterkop róókt.
793776	Sie wird am 10. Juni dieses Jahres 6 Jahre verheiratet sein.	Säi sal up d' 10. junii fan dit joer 6 joer traaut weesen.
793872	Gesundheit ist nicht alles, aber ohne Gesundheit ist alles nichts.	Sundhaid is näit âals, man sünner sundhaid is âals niks.
793935	Er kaufte das Land, um darauf sein Haus zu bauen.	Häi köf dat land, um d'r up siin huus t' baauen.
794874	Ein Quadrat ist immer ein Rechteck, aber ein Rechteck ist nicht immer ein Quadrat.	'N kwadróót is altiid 'n rechthauk, man 'n rechthauk is näit altiid 'n kwadróót.
794926	Du fährst zu schnell.	Duu forst t' gaau.
795433	Die Passagiere schliefen in ihren Kabinen, als das Schiff mit einem riesigen Eisberg kollidierte.	Däi passóózjäären sleepent in höör kebiinen, doo dat skip mit 'n baldóódiğ iisbaarğ kullidäärde.
796309	Du musst deine Hand heben, wenn du in der Sitzung etwas sagen willst.	Duu maust diin hand heeven, doo duu in 't fergóódern wat säegen wult.
796314	Als Kawazoe mich in der Sitzung niedermachte, brach bei mir kalter Schweiß aus.	Doo Kawazoe mii in 't fergóódern dóólmook, brook bii mii koel swäit uut.
796315	Ich sollte alle Papiere wegräumen, die wir in der Sitzung benutzt hatten.	Ik sul âal pepiren weğrüümen, däi wii in 't fergóódern bruukt haarent.
796990	Es war bedauerlich, dass es gestern regnete.	Dat was bedurelk, dat 't güster reegende.
797380	Mein Vater hat die Gewohnheit, die Zeitung vor dem Frühstück zu lesen.	Miin fóóder het däi wenst, dat bladje fööer 't früüstük t' leesen.
797619	Er verlor die Achtung seines Volkes, als er das Geld annahm.	Häi ferloor dat achten fan siin folk, doo häi dat geld annam.
798269	Alle Menschen haben irgendein natürliches Talent; die Frage ist nur, ob sie es auch verwenden können.	Âal minsken hebbent enner 'n natürelk talent; däi fróóeğ is bloot, of säi 't ook ferwenden köönent.
799591	Bitte vergewissern Sie sich, dass Ihr Sicherheitsgurt fest geschlossen ist.	Bitte ferseekernt Jii Jau, dat Jau seekerhaidsgörd fast slooten is.
799597	Er versprach, mir zu helfen, aber in letzter Minute ließ er mich im Stich.	Häi beloovde, mii t' helpen, man in d' läest menüüet leet häi mii in steek.
799835	Er wurde von vier Polizeibeamten mitten in der Nacht abgeführt.	Häi wur fan fäär skendaarms midden in d' nacht offört.
799876	Die Schreibweise aller rot unterstrichenen Wörter sollte überprüft werden.	Däi skriivwîis fan âal rood unnerstreeken woorden sul ooverprüüft worden.
800780	Er scheint den Konflikt zwischen meinem Vater und mir nicht wahrzunehmen.	Häi skint däi kunflikt tüsken miin fóóder un mii näit woer t' neemen.
801508	Ich bleibe bis auf weiteres bei meiner Tante.	Ik bliiv föörhands bii miin tâant.
801611	Fernseher mit Vakuumröhren werden als veraltet angesehen.	Feersäiers mit wóókuumrörs wordent as ferollert bekeeken.
801653	Nach dem wie der Himmel aussieht werden wir schönes Wetter bekommen.	Nóó dat as däi heemel let't sööl' wii môoj wêer kriigen.
802298	Niemand hat verstanden, warum der Elefant plötzlich seinen Besitzer angefallen hat.	Nüms het begreepen, woosoo däi öljefant t'móól siin besitter anfaalen het.
802755	Es war 1912, als die Titanic während ihrer ersten Reise sank.	Dat was 1912, doo däi Titanic bii höör êerst râajs sunk.
802756	Die Dinge sind mehr so, wie sie jetzt sind, als sie es je zuvor gewesen sind.	Däi dingen bünt meer soo, as säi nuu bünt, as säi 't oojt t'fööer west hebbent.
803576	Ich bin mit der Art, wie er Fragen stellt, vertraut.	Ik bün mit däi ord, woo häi fróógen stelt, fertraut.
806501	Die meisten Entwicklungsländer leiden an Überbevölkerung.	Däi mäiest undwikkelnslâan liident an ooverbefolken.
806684	Seit wir das Haus isoliert haben, haben wir schon eine Menge Heizöl gespart.	Siit wii dat huus isoläärt hebbent, hebbent wii al 'n büelt haitsölje sport.
806770	Weil wir das Haus isoliert haben, haben wir beim Heizöl eine Menge gespart.	Um dat wii dat huus isoläärt hebbent, hebbent wii bii 't haitsölje 'n büelt sport.
807780	Als Maria die Haltestelle erreichte, war der letzte Bus schon fort.	Doo Marió bii d' haltstee kwam, was däi läest bus al weğ.
807805	Der kleine Junge hat das Geld verloren, das sein Vater ihm gegeben hatte.	Däi lütje fent het dat geld ferlooren, wat siin fóóder hum dóón haar.
808249	Man sagt, in naher Zukunft wird es ein starkes Erdbeben geben.	Man säeğt, in d' nóóe taukumst sal 't 'n staark eerdbeeven geeven.
808973	Der Doktor sagte mir, ich solle langsam und tief ein- und ausatmen.	Däi dokter see teegen mii, ik sul sâacht un däip in- un uutóómen.
809105	Wenn du abnehmen willst, solltest du auf Zwischenmahlzeiten verzichten.	Doo duu ofneemen wult, sust duu up tüskenmóóltiiden fertsichten.
809464	Ich habe nun gerade einen Brief von einer Freundin bekommen in dem steht, dass sie nächste Woche kommen wird, um mich zu sehen.	Ik heb net akróót 'n bräif fan 'n fründin kreegen, wor in staajt, dat säi anner wêek koomen sal, um mii t' säin.
810203	Danke für dieses Buch, ich habe einige interessante Tatsachen über dieses Insekt gelernt.	Bedankt föör dit bauk, ik heb wat interessâant dóódsóóken oover dit insekt leert.
810205	Ich habe beide Bücher gelesen, aber keines von ihnen ist interessant.	Ik heb bâajd bauken leesen, man kiin fan höör is interessant.
810218	Ich schätze, es macht keinen Unterschied, welchem Schwimmverein ich beitrete.	Ik denk, dat móókt kiin ferskeel, wekker swemferäien ik biitreeden dau.
810422	Amerikaner über fünfundsechzig Jahre bilden 12,5 % der Gesamtbevölkerung.	Amerikóóners oover fiifuntsestiğ joer bildent 12,5 % fan 't gehäilbefolken.
811088	Wir müssen ihn davon abhalten, solche dummen Sachen zu machen.	Wii mautent hum d'r fan ofhollen, sükker duem sóóken t' móóken.
811406	Du warst letztes Jahr in der zweiten Klasse der Mittelschule, nicht wahr?	Duu wast ferleeden joer in d' twäied klâas fan d' middelskaul, of näit?
811859	Um im Leben erfolgreich zu sein, braucht man zwei Dinge: Unwissenheit und Selbstvertrauen.	Um in 't leevend erfolğriik t' weesen, bruukt man twei dingen: Unwäitenhaid un sülstfertrauen.
811973	Nach einem langen Streit habe ich sie endlich überzeugt, campen zu gehen.	Nóó 'n lâang skäel heb ik höör ennelk oovertüüğt, campen t' góón.
812185	Alle großen Männer sind tot, und auch ich fühle mich nicht allzu gut.	Âal grôot manlüü bünt dood, un ook ik föyl mii näit al t' gaud.
812292	Wichtig ist nicht, wie viele Bücher du liest, sondern was für Bücher du liest.	Wichtiğ is näit, woo fööl bauken duu lest, man wat föör bauken duu lest.
812578	Was du übermorgen kannst besorgen, das verschiebe nicht auf morgen.	Wat duu oovermörn kaast besörgen, dat ferskuuv näit up mörn.
812679	Obwohl er bereits zwanzig geworden ist, ist er immer noch zu schüchtern, um mit Mädchen zu reden.	Alwoo häi al twintiğ worden is, is häi altiid noch t' skrüchter, um mit wichter t' prooten.
812920	Wenn deine Freunde beginnen, dir zu schmeicheln, wie jung du aussiehst, ist das ein Zeichen, dass du alt wirst.	Doo diin früen begünnent, dii söyt t' klaajen, woo jung duu letst, is dat 'n täiken, dat duu old worst.
814943	Das ist das Haus, in dem mein Vater geboren wurde und aufgewachsen ist.	Dat is dat huus, wor miin fóóder booren wur un upwuesen is.
814980	Bitte halte mich auf dem Laufenden über alles, was während meiner Abwesenheit geschieht.	Bitte hol mii up d' höeğt oover âals, wat in miin ofweesenhaid geböört.
814985	Er fing erst mit vierzig an, Deutsch zu lernen.	Häi fung eerst mit fäärtiğ an, Düütsk t' leeren.
815244	Man lernt nicht aus.	Man leert noojt uut.
816165	Ich bin sehr beschäftigt, deswegen wird es mir wohl morgen nicht möglich sein zu kommen.	Ik heb 't läip drok, düs sal mii 't wal mörn näit möögelk weesen t' koomen.
816647	Ich möchte wissen, wie er es schafft, seine Zeit so gut auszunutzen.	Ik wil wäiten, woo häi dat skaft, siin tiid soo gaud uut t' nütsen.
816994	Wenn Sie das kaufen, gebe ich Ihnen fünfzehn Prozent Rabatt.	Doo Jii dat koopent, geev ik Jau fiiftain prosent rebat.
817173	Um die Kokosmilch zu erhalten, müssen Sie zuerst die Kokosnuss aufknacken.	Um däi kóókernööten melk t' kriigen, mautent Jii eerst däi kóókernööet oopenknakken.
817524	Ich arbeite bis Ende September Vollzeit in einer Buchhandlung.	Ik aarbaid bit äen september fultiid in 'n baukwinkel.
817889	Das Gewitter gestern hat die Postzustellung behindert.	Dat unwêer güster het dat posttaustellen behinnert.
818312	Er sagt, er muss die Mäuse auf dem Dachboden loswerden.	Häi säeğt, häi maut däi muusen up d' böön kwiitworden.
819016	Es waren die hungrigen Bären, vor denen sich die Dorfbewohner fürchteten.	Dat wassent däi smachtiğ boren, fööer däi däi lauğsters bâang wassen.
819490	Schließlich wird die Raumfahrt für die ganze Menschheit nützlich sein.	Amäen sal däi ruumfort föör däi häiel minskhaid nütselk weesen.
820521	Der Pressesprecher erklärte der Presse den Inhalt des Vertrags.	Däi präesspreeker ferklorde däi präes däi inhold fan däi kuntrakt.
823189	Mark Twain sagte: "Alle Verallgemeinerungen sind falsch, diese eingeschlossen."	Mark Twain see: "Âal generóólisäärens bünt ferkeert, dit inslooten."
823358	Der Junge gab vor, lesen zu können, aber er hielt das Buch falsch herum.	Däi jung gaf fööer, leesen t' köönen, man häi hul dat bauk ferkeert um.
824282	Zu Weihnachten gab er sich große Mühe mir ein wirklich schönes Modellflugzeug zu kaufen.	Tau wiinachten gaf häi sük grôot mâajt mii 'n wies môoj modelfluğtsoiğ t' koopen.
824441	Das hast du gut gemacht.	Dat hest duu gaud móókt.
824511	Als ich meine Heimatstadt diesen Sommer besuchte, fand ich die Innenstadt anders vor, als sie vor zehn Jahren gewesen war.	Doo ik miin häimóótstad fansömmer besöch, fun 'k däi binnenstad anners fööer, as häi fööer tain joer west haar.
824583	Es war ein schrecklicher Tag.	Dat was 'n griiselk dağ.
824596	Seine Firma ging Pleite und zu allem Übel hatte er einen Verkehrsunfall.	Siin firmó gung plaite un bii âal kwóód haar häi 'n ferkeersunfal.
824598	Und zu allem Übel hatte er einen Verkehrsunfall.	Un as of dat näit nauğ was haar häi 'n ferkeersunfal.
824710	Tom schätzt, wie viel Geld er brauchen wird, um das Haus fertigzustellen.	Tom skat't, woo fööl geld häi bruuken sal, um dat huus klor t' kriigen.
824734	Wie lange braucht ein Tierarzt, um ein Pferd zu untersuchen?	Woo lâang bruukt 'n däärendokter, um 'n peerd t' unnersöyken?
825589	Die von ihnen durchgeführte Untersuchung zeigt, dass Amerikaner sich nicht für Japan interessieren.	Dat fan höör döörfört unnersöyken wist, dat Amerikóóners sük näit föör Jóópóón interessäärent.
825620	Blondinen verdienen 7% mehr als Frauen mit anderen Haarfarben.	Blondiinen ferdäinent 7% meer as fraaulüü mit anner horklöören.
825722	Wenn du weniger reden und mehr zuhören würdest, würdest du wahrscheinlich etwas lernen.	Doo duu minner prooten un meer tauhöören deest, deest duu worskiinelk wat leeren.
825939	Reiche und arme Menschen haben eine andere Sichtweise.	Rîik un âarm minsken hebbent 'n anner sichtwîis.
828090	Er ist an allem interessiert, was mit Religion zu tun hat.	Häi is an âals interessäärt, wat mit religjoon t' daun het.
828451	Sir Winston Churchill war nicht nur ein großer Staatsmann, sondern auch ein großartiger Schriftsteller.	Sir Winston Churchill was näit alleniğ 'n grôot stóótsman, man ook 'n grôot skriiver.
828798	Schnallen Sie sich bitte an, und halten Sie sich an das Rauchverbot, bis das Signal erlischt!	Snaalent Jii Jau bitte an, un hollent Jii Jau an dat smookferbod, bit dat siğnóól uut gaajt!
829033	Ich war gerade dabei ins Bett zu gehen, als das Telefon zu läuten begann.	Ik was net an 't up bäer góón, doo dat telefoon anfung t' lüüden.
829358	Sie versuchte, sich umzubringen.	Säi fersöch sük um t' brengen.
829773	Die Brücke zwischen Dänemark und Schweden ist fast acht Kilometer lang.	Däi brüeğ tüsken Deenmaark un Sweeden is hóóst acht kilomeeter lang.
829798	Jeder auf dieser Welt muss mit einer Menge von Schwierigkeiten zurechtkommen.	Elk up disser weerld maut mit 'n büelt sturiğkaiden t'räecht koomen.
830123	Danke für das Geschenk.	Bedankt föör dat geskenk.
830233	Ich freue mich darauf, auf das Konzert zu gehen.	Ik fraaj mii d'r up, up dat kunsert t' góón.
830818	Da dieses Zimmer sehr klein ist, ist es unmöglich, noch mehr Möbel hineinzustellen.	Um dat disser kóómer läip lütjet is, is 't unmöögelk, noch meer mööbels d'r in t' stellen.
831917	Das erste Riesenrad der Welt wurde in Chicago errichtet. Es wurde nach seinem Erbauer George Washington Gale Ferris Jr. benannt.	Dat êerst röösenrad fan d' weerld wur in Chicago upricht't. Dat wur nóó siin erbaauer George Washington Gale Ferris Jr. benöymt.
834154	Die Welt muss neue Energiequellen entwickeln anstelle von Erdöl.	Däi weerld maut näej energiiwellen undwikkeln in stee fan eerdölje.
835190	Man sagt von ihm, dass er etwas mit dem politischen Skandal zu tun hat.	Man säeğt fan hum, dat häi wat mit däi politisk skandóól t' daun het.
835842	In der Schule haben wir gelernt, dass die Quadratwurzel aus neun drei ist.	In d' skaul hebbent wii leert, dat däi kwadróótwuddel fan neegen dräj is.
835992	Er bemerkte die kleine Videokamera über der Ampel nicht.	Häi bemurk däi lütje filmkameró oover d' ampel näit.
835993	Er bemerkte den kleinen Starenkasten über der Ampel nicht.	Häi bemurk däi lütje spróóbâak oover d' ampel näit.
836473	Ein Mensch ist nie wahrhaftiger als dann, wenn er sich selbst als Lügner bekennt.	'N minsk is noojt w'rachtiger as dan, doo häi sük sülst as läigert bekent.
836475	Alles, was du brauchst, ist Unwissenheit und Selbstvertrauen und der Erfolg ist sicher.	Âals, wat duu bruukst, is unwäitenhaid un sülstfertrauen un däi erfolğ is seeker.
837253	Sie schickte mir einen langen Brief.	Säi stürde mii 'n lâang bräif.
839257	Sie kann sehr gut Tennis spielen, aber ich auch.	Säi kan häil gaud tennis spöölen, man ik ook.
840085	Die Royal Shakespeare Company führt nächste Woche Der Kaufmann von Venedig auf.	Däi Royal Shakespeare Company fört tauken wêek Däi koopman fan Weneediğ up.
840204	Ich entdeckte zu spät, dass ich den wichtigsten Teil meiner Rede ausgelassen hatte.	Ik dee t' lóót unddekken, dat ik däi wichtiğst däil fan miin räied uutlóóten haar.
840335	Ich schätze, du kannst das aus dem Zitat entnehmen, aber dieses Buch ist in einem umgangssprachlichen Stil geschrieben.	Ik denk, duu kaast dat uut dat tsitóót undneemen, man dit bauk is in 'n umgaangstóóliğ stiil skreeven.
841451	Die Sprache dieses Stammes ist genauso komplex wie jede andere menschliche Sprache.	Däi tóól fan disser stâam is net soo kumpleks as elker anner minskelk tóól.
841459	Auf viele Weise können Tiere Dinge besser machen als es Menschen können.	Up fööl wiisen köönent däären dingen beeter móóken as 't minsken köönent.
841958	Im Jahr 1978 wurde ein Friedensabkommen zwischen Japan und China beschlossen.	In 't joer 1978 wur 'n freedensofkoomen tüsken Jóópóón un Skiinó beslooten.
841963	In letzter Zeit sind neue Tatsachen über das alte China ans Licht gekommen.	In d' läest tiid bünt näej dóódsóóken oover 't oel Skiinó fandağ koomen.
842296	In den meisten europäischen Ländern haben sich Fahrzeuge rechts zu halten.	In däi mäiest europeesk lâan hebbent sük fortüügen rechts t' hollen.
842353	Wenn du englische Programme im Radio hörst, kannst du gratis Englisch lernen.	Doo duu engelsk programmen up 't róódio höörst, kaast duu t'gêev Engelsk leeren.
842359	Im Radio warnte man uns vor dem bevorstehenden Erdbeben und wir begannen unsere Sachen zusammenzusuchen.	Up 't róódio worskaaude man us fööer dat anstóónd eerdbeeven un wii fungent an us sóóken t'sóómen t' söyken.
843377	1835 kostete ein Fass Mehl sechs Dollar.	1835 köst'de 'n fat meel ses duller.
843417	Verbesserte Medizintechnik ist einer der Nebeneffekte des Raumfahrtprogramms gewesen.	Ferbeetert medsiintechnik het äien fan däi biieffekten fan 't ruumfortprogram west.
843421	Technik an sich ist bedeutungslos, solange sie nicht der Menschheit dient.	Technik an sük is bedüüdenslös, soo lâang as häi näit däi minskhaid däint.
843437	Ich denke nicht, dass Technik uns mit allem versorgt, was wir brauchen.	Ik denk näit, dat technik us mit âals fersörğt, wat wii bruukent.
845134	Ich wüsste gerne, wie diese Stoffe vom Körper aufgenommen werden.	Ik wus geern, woo disser stoffen fan d' körper upnoomen wordent.
845886	Ich ging gerade mit einem Freund im Park spazieren, als es zu regnen begann.	Ik gung net mit 'n fründ in d' park kaiern, doo 't anfung t' reegen.
846087	Niemand von uns möchte gehen, aber entweder Sie oder Ihre Frau müssen gehen.	Nüms fan us wil góón, man of Jii of Jau frâau mautent góón.
851088	Es ist an der Zeit, dass wir diese Party zu Ende bringen, oder?	Dat is an däi tiid, dat wii disser party t'äen brengent, of näit?
851591	Habt ihr gehört, dass ein Dieb in das Haus meines Nachbarn eingebrochen ist?	Hebbent jii höört, dat 'n däif in dat huus fan miin nóóber inbrooken is?
852430	Das Balkangebirge erstreckt sich von West nach Ost durch Bulgarien.	Dat Balkangebâarğt ferstrekt sük fan west nóó oost döör Bulgaarien.
858492	Als ich sie bei einem Date sah, fragte ich: „Heiratet ihr bald?“	Doo ik höör bii 'n date sağ, frooğ ik: "Traauent jii bold?"
860226	Zurzeit lerne ich Französisch an dieser Sprachschule.	Upstünds leer ik Fransk an disser tóólskaul.
862956	Eine sehr knappe Warnung oder Erklärung genügt für eine intelligente Person.	'N läip knap worskaauen of ferkloren langt föör 'n intelligäent persoon.
867628	Sobald sie die Klingel hörte, ging sie ans Telefon.	Soo dróó säi däi klingel höörde, gung säi an 't telefoon.
867645	Sobald es klingelte, kam der Lehrer in den Klassenraum.	Soo dróó 't klingelde, kwam däi mester in d' klassenruum.
867667	Ein Hubschrauber ist in der Lage, senkrecht zu starten und zu landen.	'N helikopter is kumpóóbel, loodrecht t' starten un t' lannen.
867753	Penizillin hat viel zum Wohl der Menschheit beigetragen.	Penisilliin het fööl tau d' wâalt fan d' minskhaid biidróógen.
869233	Du magst Elefanten.	Duu mağst öljefanten.
874692	Wenn es um Mathematik geht, ist er in seiner Klasse allen überlegen.	Doo 't um matemóótik gaajt, is häi in siin klâas âal lüü ooverleegen.
876425	Sie vermietet das Zimmer für 70 000 Yen im Monat an einen Studenten.	Säi ferhürt däi kóómer föör 70 000 jen in d' móónd an 'n stuudent.
876479	Jeden Monat sparte er zehntausend Yen seines Einkommens für seine Tochter.	Elker móónd sporde häi tainduusend jen fan siin inkoomen föör siin dochter.
876491	Dieses Buch kostet dreitausend Yen.	Dit bauk köst't dreiduusend jen.
877021	Gestern Abend wurde ich auf meinem Weg nach Hause von einem Regenschauer erwischt.	Güster óóvend kreeğ ik up miin weğ nóó huus 'n reegenskuer of.
878242	Es gibt nicht weniger als zweihundert Kirschbäume in diesem Park.	Dat gift näit minner as tweihunnert kaarsenboomen in disser park.
883551	Das blaue Auto ist teuer.	Dat blâau aauto is dür.
886441	Der britische Außenminister war immer zu beschäftigt, um ihn zu sehen.	Däi briitsk buutenminister haar 't altiid t' drok, um hum t' säin.
891381	Jeder sollte sich regelmäßig ärztlich untersuchen lassen.	Elk sul sük reegelmóótiğ medsiinsk unnersöyken lóóten.
893790	Nach seinen politischen Maßnahmen gefragt, gab der Kandidat nur vage Antworten.	Nóó siin politisk móótreegels frağt, gaf däi kandidóót bloot wóóeğ anterns.
895478	Kohlenmonoxid ist eine giftige Substanz, die durch unvollständige Verbrennung von Kohlenstoffverbindungen entsteht.	Köölenmonoksiid is 'n giftiğ substans, däi döör 't unfulstenniğ ferbraanen fan köölenstofferbinnens undstaajt.
899241	Dies ist eine Zeit im Jahr, wenn Menschen mit Familie und Freunden zusammenkommen, um Passah zu begehen und Ostern zu feiern.	Dat is 'n tiid in 't joer, doo minsken mit femiilje un früen t'sóómenkooment, um passó t' begóón un póóske t' firen.
899797	In jedem Bienenstock kann es nur eine Bienenkönigin geben.	In elker immenkörf kan 't man äin immenmauer geeven.
899805	Du hast vielleicht recht.	Duu hest fiilicht wal recht.
900220	Mit zwölf Jahren habe ich angefangen unseren Traktor zu fahren, um meinem Vater in der Erntezeit zu helfen.	Mit twalf joer heb ik anfangen us trekker t' foren, um miin fóóder in d' arnttiid t' helpen.
903004	Es wäre schön, wenn ich nach Japan reisen könnte.	Dat was mooj, doo 'k nóó Jóópóón raajsen kun.
903914	Ich kam bei der Buchhandlung vorbei und kaufte ein interessantes Buch.	Ik kwam bii d' baukwinkel f'rbii un köf 'n interessant bauk.
905378	Mein Opa starb im gleichen Zimmer, in dem er geboren wurde.	Miin besfóóer stüürv in d' sülviğ kóómer, in däi häi booren wur.
905645	Es tut mir aufrichtig leid, aber ich glaube, ich habe Ihren Schal verlegt.	Dat spit't mii wies, man ik lööv, ik heb Jau sjóól ferläeğt.
907106	Wenn man keine eigenen Ideen hat, muss man halt welche klauen.	Doo man kiin äigen ideen het, maut man halt wekker klaauen.
907717	Auf der Party hat ihn einer seiner politischen Gegner vor den Augen zahlreicher Gäste gedemütigt.	Up d' party het hum äien fan siin politisk jeeğners fööer d' oogen fan tóólrîik gasten demaudiğt.
909909	Sie hat ihn in Boston besucht.	Säi het hum in Boston besöcht.
909945	Sie hat ihm mein Bild gezeigt.	Säi het hum miin bild weesen.
911109	Die erfolgreiche Tournee begründete ihren Ruhm als Sängerin.	Däi erfolğrîik turnee etóbläärde höör raum as singerske.
911206	Er brauchte für die Übersetzung des französischen Romans über drei Monate.	Häi bruukde föör dat ooversetten fan däi fransk romóón oover drei móónd.
911777	Die meisten Autounfälle sind der Unaufmerksamkeit des Fahrers geschuldet.	Däi mäiest aautounfallen het däi feelend upmaarksóómkaid fan däi forder in d' sküld.
911827	Kannst du Butter von Margarine unterscheiden?	Kaast duu botter fan móógerîin ferskeelen?
911852	Die Welt ist besorgt über das nukleare Potential des Iran und Nordkoreas.	Däi weerld is besörğt oover dat nukleâar potensióól fan Iróón un Noordkoreó.
911863	Die meisten Computer sind heutzutage mit Mehrkernprozessoren ausgestattet.	Däi mäiest computers bünt fandóóeğ mit meerkeernprosessooren uutrüst't.
911975	Die Schülerin, die sich direkt vor den Lehrer gesetzt hat, kommt aus Deutschland.	Dat skaulerske, wat sük direkt fööer däi mester set't het, kumt uut Düütskland.
914275	Die meisten Differenzen in der Ehe entstehen dadurch, dass die Frau zu viel redet und der Mann zu wenig zuhört.	Däi mäiest differensen in d' äecht undstóónt d'r döör, dat däi frâau t' fööl proot't un däi keerl t' min tauhöört.
914546	Das ist zwar nur ein kleines und lautes Appartement, aber ich wohne in ihm und nenne es mein Zuhause.	Dat is wal bloot 'n lütjet un fäel apartment, man ik woon in hum un nöym hum miin t'huus.
914547	Dieses Flugzeug ist in der Lage, 40 Personen auf einmal zu befördern.	Dit fluğtsoiğ is kumpóóbel, 40 persoonen t'móól t' beföördern.
914554	Der Abstand zwischen Sonne und Erde beträgt ungefähr 150 Millionen Kilometer.	Däi ofstand tüsken süen un êer bedrağt ruuğweğ 150 miljoonen kilomeeter.
914606	Als wir sahen, was da vor sich ging, entschlossen wir uns zu gehen.	Doo wii sağğent, wat d'r fööer sük gung, undslootent wii us weğ t' góón.
915012	Der Aufzug war außer Betrieb, und wir mussten in den fünften Stock laufen.	Däi forstaul was buuten bedriif, un wii mussent in d' fîift stok loopen.
915141	Vor vielen Jahren hat sie von ihm das Buch ausgeliehen und es noch nicht zurückgebracht.	Fööer menniğ joren het säi fan hum dat bauk uutläint un dat noch näit t'rüeğbrocht.
915463	Sie finden es unhöflich, jemandem zu widersprechen, den sie nicht gut kennen.	Säi finnent dat unhoffelk, wel teegen t' prooten, däi säi näit gaud kennent.
915507	Der Artikel über den Buddhismus weckte in mir von neuem das Interesse für die östlichen Religionen.	Däi artikkel oover däi Buddismus wook in mii fan näjs dat interäes föör däi oostelk religjoonen.
915633	Ich hätte nie gedacht, dass es an so einem Ort ein so schönes Hotel gibt.	Ik haar noojt docht, dat 't up soo 'n stee soo 'n mooj hotel gift.
915689	Generell mag ich Leute lieber, die solche Angelegenheiten direkt mit den Betroffenen regeln.	In 't almäien mağ ik lüü läiver, däi sükker baudels direkt mit däi bedruepen persoonen reegelnt.
915857	Wären Sie bitte so nett, mir kurz Ihr Handy auszuleihen?	Wassent Jii bitte soo läif, mii eeven Jau handy uut t' läinen?
916036	Wer hätte gedacht, dass sie so klein und dünn sein könnte?	Wel haar docht, dat säi soo lütjet un dün weesen kun?
916038	Sie war enttäuscht und wütend auf sich selbst, weil sie so war.	Säi was t'löörstelt un dül up sük sülst, um dat säi soo was.
917350	1860 wurde Lincoln zum Präsidenten der Vereinigten Staaten von Amerika gewählt.	1860 wur Lincoln tau d' president fan d' Feräint Stóóten fan Amerikó weelt.
917441	Die Ingenieure sprengten die Brücke, da sie einsturzgefährdet war.	Däi inzjeniöören sprengdent däi brüeğ, um dat häi instörtensgeford't was.
920140	Er fuhr gerade mit seinem Fahrrad vorbei, als er einen Hilfeschrei hörte.	Häi fur net mit siin fîits f'rbii, doo häi 'n hülpskräiw höörde.
920815	Ein gutes Buch ist der beste Freund, jetzt und für immer.	'N gaud bauk is däi bäest fründ, nuu un föör altiid.
921207	Genau das wollte ich.	Genaau dat wul ik.
922035	Die Gebühr für den Klavierunterricht beinhaltet die Benutzung des Klaviers.	Däi geböör föör däi klewäärunnerricht undholt dat bruuken fan 't klewäär.
922080	Das kümmert mich nicht, dass der frühe Vogel den Wurm fängt, ich will schlafen.	Dat kümmert mii näit, dat däi frâau föögel däi wurm fangt, ik wil slóópen.
924222	Wann immer du dich auf der Seite der Mehrheit befindest, ist der Zeitpunkt da, an dem du innehalten und nachdenken solltest.	Altiid doo duu dii up d' siid fan d' meerderhaid befinnen daajst, is dat däi tiidpunkt, up däi duu uphollen un nóódenken sust.
925082	Wenn du in den Supermarkt gehst, kannst du mir bitte ein paar Orangen mitbringen?	Doo duu in 't supermâarkt gaajst, kaast duu mii bitte 'n poer appelsiinen mitbrengen?
925496	Er arbeitete Tag und Nacht, damit seine Familie es gut hatte.	Häi aarbaid'de dağ un nacht, dat siin femiilje dat gaud haar.
925580	Erfahrung ist der Name, den viele für ihre Fehler verwenden.	Erforen is däi nóóm, däi fööl lüü föör höör feelers ferwendent.
925693	Weißt du, wie man ein Feuer macht nur mit Holzstecken?	Wäist duu, woo man 'n füer móókt bloot mit holtstikken?
925697	Ich glaube, wir haben vorhin, einen falschen Weg eingeschlagen, wenn ich mich nicht irre.	Ik lööv wii hebbent net 'n ferkeert weğ inslóón, doo ik mii näit fersäi.
925698	Es ist eine lange Zeit vergangen, seitdem ich eine so angenehme Überraschung hatte.	D'r is 'n lâang tiid fergóón, siitdeem ik soo 'n angeneem ferraskern haar.
925701	Mehr Studenten melden sich an der Universität an, als angenommen werden können.	Meer stuudenten mellent sük an d' uniwersitäit an, as annoomen worden köönent.
926580	Wir suchen einen Assistenten, bevorzugt jemanden mit Erfahrung.	Wii söykent 'n assistent, läifst wel mit erforen.
927804	Sie sieht jung aus, aber tatsächlich ist sie älter als du.	Säi let't jung, man in würrelkkaid is säi oller as duu.
927987	Sie sind sehr tapfer.	Jii bünt läip dapper.
927992	Keine Sorge! Selbst wenn ich trinke, hat das keinerlei Einfluss auf meine Fahrtüchtigkeit.	Kiin söerğ! Sülst doo ik drink, het dat kiin inflaud up miin fordüğtiğkaid.
928698	Meine fünf Jahre alte Tochter geht immer glücklich und voller Energie in den Kindergarten.	Miin fiif joer oel dochter gaajt altiid glükkelk un ful fan energii in d' kinnertûun.
928738	Ich habe immer einen Nagelknipser in meinem Gitarrenkoffer.	Ik heb altiid 'n nóógelknipper in miin gitarenkuffer.
928740	Diesen Freitagabend findet von 19:30 Uhr bis 22:00 Uhr eine Tanzveranstaltung in der Schulaula statt.	Disser freidóóğóóvend fint fan 19:30 üer bit 22:00 üer 'n dansferanstalten in d' skaulaauló plóóts.
928745	Tom riskierte, seinen Job zu verlieren, indem er so mit seinem Chef sprach.	Tom riskäärde, siin job t' ferläisen, indeem häi soo mit siin bóós proot'de.
928746	Der Winter scheint dieses Jahr viel länger als sonst zu bleiben.	Däi winter skint fanjoer fööl langer as anners t' bliiven.
928749	Toms Vater kommt hin und wieder nach Hause, aber er bleibt nie lang.	Tom siin fóóder kumt hen un weer nóó huus, man häi blift noojt lang.
929415	Wo ist denn das Buch hingekommen, das ich gerade hier hingelegt hatte?	Wor is dan dat bauk henkoomen, wat ik net akróót hir dóólläeğt haar?
930879	Sie kommt nur dann zu meiner Geburtstagsfeier, wenn du auch kommst.	Säi kumt bloot dan nóó miin boorsdóóğsfier, doo duu ook kumst.
931271	Ich wurde gebeten, die Grabrede bei der Beerdigung meiner Großmutter zu halten.	Ik wur beeden, dat ofdanken bii 't beeerdigen fan miin bäep t' hollen.
931343	Wir sollten das Problem aus der Sicht eines Kindes betrachten.	Wii sullent dat probleem uut d' sicht fan 'n kind bekiiken.
931427	Eine effektivere Methode, diese Krankheit zu behandeln, wird dringend benötigt.	'N effektiiverder metôod, disser krankhaid t' behanneln, word't drok benöödiğt.
932782	Wenn du das Buch ausgelesen hast, stell es wieder dorthin zurück, wo du es gefunden hast.	Doo duu dat bauk uutleesen hest, stel 't weer dor hen t'rüeğ, wor duu 't funnen hest.
932878	Sie ist erst zwei Jahre alt, aber schon in der Lage, bis hundert zu zählen.	Säi is eerst twei joer old, man al kumpóóbel, bit hunnert t' tellen.
933503	Ein Wassermolekül besteht aus einem Sauerstoff- und zwei Wasserstoff-Atomen.	'N wóótermoleküül bestaajt uut äin surstof- un twei wóóterstof-atoomen.
933534	Wenn es das Wetter erlaubt, werden sie in den Wald gehen, um Pilze zu sammeln.	Doo 't dat wêer ferloovt, söölent säi in d' wald góón, um pilsen t' sóómeln.
933934	Wenn nicht noch ein Wunder geschieht, werden wir es nicht mehr rechtzeitig machen können.	Doo näit noch 'n wunner geböört, söölent wii 't näit meer up tiid móóken köönen.
934350	Sie wird eine gute Ehefrau abgeben.	Säi sal 'n gaud wiif ofgeeven.
935603	Tut mir leid, mein Chef schläft gerade. Kommen Sie bitte morgen wieder.	Dat spit't mii, miin bóós slöpt net. Kooment Jii bitte mörn weer.
935917	Um einen Menschen kennenzulernen, braucht man bloß eine Woche lang mit ihm reisen.	Um 'n minsk kennen t' leeren, bruukt man bloot 'n wêek lang mit hum raajsen.
935935	Es ist schwer, diese Geschichte kindgerecht umzuschreiben.	Dat is stur, dit ferhóól kindgerecht um t' skriiven.
937003	Sie liebten Nagasaki so sehr, dass sie dort eine Woche lang blieben.	Säi läivdent Nagasaki soo fäel, dat säi d'r 'n wêek lang bleevent.
938561	Es ist schwierig, jemanden zu lieben, wenn man nicht weiß, ob man genauso sehr geliebt wird, wie man liebt.	Dat is stur, äien t' läiven, doo man näit wäit, of man net soo fäel läivt word't, as man läivt.
938571	Für einen Normalsterblichen ist die Quantenphysik zu schwer zu verstehen.	Föör 'n n'rmóólstaarvelk is däi kwantenfüüsik t' stur t' ferstóón.
940487	Wenn du dich wie ein Lakai verhältst, wirst du wie ein Lakai behandelt.	Doo duu dii as 'n lakaaj ferholst, worst duu as 'n lakaaj behannelt.
940489	Als Streich ließen einige Schüler drei Ziegen in ihrer Schule los, nachdem sie die Nummern 1, 2 und 4 auf die Seiten der Ziegen gemalt hatten. Die Lehrer brachten den Großteil des Tages damit zu, nach Ziege Nummer 3 zu suchen.	As sküüfke leetent wat skaulers drei tseegen in höör skaul lös, nóódeem s' däi nummers 1, 2 un 4 up däi siiden fan d' tseegen móólt haarent. Däi mesters deedent däi grôotst däil fan höör dağ d'r mit taubrengen nóó tsêeğ nummer 3 t' söyken.
940511	Wahrscheinlich ist keine Sprache völlig frei von Lehnwörtern.	Worskiinelk is kiin tóól häil fräj fan läinwoorden.
941078	Lauf!	Loop!
941320	Seinen Ehepartner in der Öffentlichkeit zu küssen, wird in einigen Ländern als akzeptables Verhalten erachtet.	Siin echtgenoot in d' öffenliikkaid t' tuutjen, word't in wat lâan as akseptóóbel ferhollen eracht't.
941337	Ob ich nur an den Wochenenden arbeiten würde, wenn ich könnte? Natürlich.	Of ik bloot up 't weekenäen aarbaiden dee, doo ik kun? Fan sülst.
941568	Es ist schwierig, Leuten beizubringen, was sie nicht lernen wollen.	Dat is stur, lüü wat bii t' brengen, wat säi näit leeren willent.
942085	Je verbotener etwas ist, desto beliebter wird es.	Woo ferboodener wat is, woo beläivter word't 't.
942253	Auf Bitten seiner Frau und der Kinder hörte er mit dem Rauchen auf.	Up beeden fan siin frâau un däi kinner skaajde häi mit smooken uut.
942727	Ich habe am Bahnhof eine Stunde auf ihn gewartet, aber er ist nicht gekommen.	Ik heb bii d' bóónhof 'n stüen up hum wacht't, man häi is näit koomen.
942855	Wie lange sieht der durchschnittliche Teenager täglich fern?	Woo lâang kikt däi döörsneedelk teenager dóógelk feersäin?
942914	Sie schaute ein paar Kleider an und wählte das teuerste aus.	Säi bekeek 'n poer kläär un weelde dat dürst uut.
943248	Ich hätte nicht gedacht, dass sein Verhalten auf so ein unmögliches Niveau absinkt.	Ik haar näit docht, dat siin ferhollen up soo 'n unmöögelk niwo oftsakken daajt.
943306	In den letzten zehn Jahren sind die Preise um 50 Prozent gestiegen.	In däi ferleeden tain joer bünt däi priisen um 50 prosent steegen.
943687	"Wie viel kostet dieses Taschentuch?" "Das macht fünfundneunzig Cent."	"Woo fööl köst't dit taaskendauk?" "Dat móókt fiifunneegentiğ tsent."
943762	Babys können von hohem Fieber leicht dehydrieren, deswegen hat man mir gesagt, dass ich es besser ins Krankenhaus bringen sollte.	Babys köönent fan hôoğ fäivers makkelk dehüüdräären, düs het man mii säeğt dat ik 't beeter in 't krankenhuus brengen sul.
943877	Obwohl der Unfall schon ein halbes Jahr her ist, tut mein Hals noch immer weh.	Alwoo däi unfal al 'n half joer heer is, daajt miin hals noch altiid seer.
944398	Die Deklaration von Variablen ist in C und C++ sehr wichtig.	Däi deklaróósjoon fan warióóbels is in C un C++ läip wichtiğ.
944925	Hast du Lust, übers Wochenende einen Ausflug aufs Land zu machen?	Hest duu lüst, oover 't weekenäen 'n uutfluğ up 't land t' móóken?
944951	Du bist heute aber früh auf. Hast du irgendwas vor?	Duu büst fandóóeğ je frau up. Hest duu wat fööer?
946152	Meine Schwester hat unseren Stammbaum bis ins 16. Jahrhundert zurückverfolgt.	Miin süster het us stamboom bit in 't 16. jorhunnert t'rüeğferfolğt.
947023	Die neue Autobahn reduziert meine Fahrtzeit um fast eine Stunde.	Däi näej aautobóón redusäärt miin forttiid um hóóst 'n stüen.
947964	Von hier bis zum Bahnhof geht man zu Fuß eine halbe Stunde.	Fan hir bit nóó d' bóónhof gaajt man t' faut 'n hâalf stüen.
948008	Sie heuerte ihn als Dolmetscher an, da sie gehört hatte, er sei der beste.	Säi hürde hum as dolmetsker an, um dat säi höört haar, häi was däi bäest.
948047	Wenn man ihn so Englisch reden hört, möchte man ihn für einen Muttersprachler halten.	Doo man hum soo Engelsk prooten höört, muğ man hum föör 'n maudertóólprooter hollen.
948201	Es ist leichter, ein schlechtes Gedicht zu schreiben, als ein gutes zu verstehen.	Dat is makkelker, 'n slecht dichtsel t' skriiven, as 'n gâaud t' ferstóón.
948974	„Gib mir etwas zum Schreiben.“ „Ist das recht?“ „Ja, das ist gut.“	"Dau mii wat tau 't skriiven." - "Is dat recht?" - "Jóó, dat is gaud."
948978	„Gib mir etwas zum Schreiben.“ „Ist das in Ordnung?” „Ja, das geht.“	"Dau mii wat tau 't skriiven." - "Is dat up stee?" - "Jóó, dat gaajt."
949230	Erst als sie das Buch zu Ende gelesen hatte, fiel ihr auf, wer sein Autor war.	Eerst as säi dat bauk t'äen leesen haar, ful höör up, wel siin aautoor was.
949241	Du hast kein Recht, dich in die Angelegenheiten anderer Leute einzumischen.	Duu hest kiin recht, dii in däi angeleegenhaiden fan anner lüü in t' miskern.
949374	Soba werden aus Buchweizenmehl, Udon und Kishimen aus normalem Weizenmehl gemacht.	Soba wordent uut baukwaiten meel, Udon un Kishimen uut n'rmóóel waiten meel móókt.
949528	Können Sie mir den Unterschied zwischen schwarzem und grünem Tee erklären?	Köönent Jii mii däi ferskeel tüsken swâart un gröyen tee ferkloren?
950978	Im Winter liegt die Insel unter Eis und Schnee.	'S winters liğt dat ailand unner iis un snäj.
952296	Sie atmete tief ein und begann, von ihrer Lage zu erzählen.	Säi óómde däip in un fung an, fan höör lóóeğ t' fertellen.
952370	Der Vertrag ist in trockenen Tüchern, also lasst uns das begießen.	Däi kuntrakt is ofslooten, alsoo lóót't us dat firen.
952452	Er erhielt für seine Verletzung ein beträchtliches Schmerzensgeld.	Häi ferkreeğ föör siin beseeren 'n anmaarkelk piingeld.
952469	Der Verteidiger bat den Richter, Rücksicht auf das Alter des Angeklagten zu nehmen.	Däi ferdeeger beed'de däi richter, uemsicht up dat oller fan däi anklóóğt t' neemen.
952473	Der Mann brach zusammen, als der Richter das Urteil "lebenslänglich" verkündete.	Däi keerl brook t'sóómen, doo däi richter dat oordäil "leevendslang" ferkünde.
952511	Das Leben in der Stadt unterscheidet sich stark von dem auf dem Land.	Dat leevend in d' stad ferskeelt staark fan dat up 't land.
952550	Die Universitätsverwaltung beschloss, eine Zweigstelle in New York einzurichten.	Dat uniwersitäitsferwalten besloot, 'n twiiğstee in New York in t' richten.
952748	Ich brauche jemand, der mich in den Arm nimmt und mir sagt, dass alles wieder gut wird.	Ik bruuk wel, däi mii in aarm nimt un mii säeğt, dat 't âal weer gaud word't.
952945	Ich hatte einen Teilzeitjob als Zimmermädchen in einem Hotel, doch er gefiel mir nicht sonderlich.	Ik haar 'n däiltiidjob as kóómermaid in 'n hotel, man häi geful mii näit besünners.
954887	Du kannst hier nicht essen.	Duu kaast hir näit eeten.
955586	Ich denke nicht, dass viele Leute sagen können, dass sie mit ihrem Gehalt zufrieden sind.	Ik denk näit, dat fööl lüü säegen köönent, dat säi mit höör gehalt t'free bünt.
955718	Ich würde gerne herausbekommen, wie ich mein Facebook-Konto löschen kann.	Ik dee geern uutfinnen, woo ik miin Facebook-kunto leskern kan.
956023	Ich habe viel getrunken und kann mich nicht mehr an viel von dem, was letzte Nacht passiert ist, erinnern.	Ik heb fööl drunken un kan mii näit meer an fööl fan dat, wat ferleeden nacht geböört is, heerinnern.
957310	Bis du aus dem Knast raus bist, ist sie wahrscheinlich schon verheiratet.	Bit duu tau d' knast uut büst, is säi worskiinelk al traaut.
957671	Ich frage mich, ob ein Mensch mit nur zwei Stunden Schlaf pro Nacht auskommen kann.	Ik fróóğ mii, of 'n minsk mit man twei stüen slóóp pro nacht uutkoomen kan.
958951	Mit deiner Erfahrung würde dich jede Firma auf der Stelle einstellen.	Mit diin erforen dee dii elker firmó fut instellen.
960135	In Massachusetts ist es Männern nicht erlaubt, die Großmutter der Ehefrau zu ehelichen.	In Massachusetts is 't keerls näit ferloovt, däi bäep fan höör echtgenootske t' echtigen.
962306	Nachdem er gestern zweimal gescheitert ist, will er es nicht mehr probieren.	Nóódeem häi güster twei móól skaajtert is, wil häi 't näit meer probäären.
963268	Die Leute in dieser Stadt sind im Allgemeinen freundlich zu Besuchern.	Däi lüü in disser stad bünt in 't almäien frünnelk tau besöykers.
963289	Auch wenn die Sonne im Westen aufginge, würde ich meine Meinung nicht ändern.	Ook doo däi süen in 't west upgung, dee ik miin mäinen näit annern.
963753	Dieser Art von Arbeit erfordert ein hohes Maß an Konzentration.	Disser tsoord fan aarbaid erföördert 'n hooğ móóet an kuntsentróósjoon.
963778	Ein ernsthaft verwundeter Elefant drehte durch und attackierte alles, was ihm im Weg stand.	'N eernstachtiğ ferwunt öljefant draajde döör un attakäärde âals, wat hum in d' weğ stun.
963786	Der Herausgeber und Verleger dieser Zeitschrift wurde von einigen Lesern kritisiert.	Däi uutgeever un ferläeger fan disser tiidskrift wur fan wat leesders kritisäärt.
963800	Wir warfen dem Photographen vor, dass er nicht zuerst das Kind gerettet hatte.	Wii smeetent däi footogróóf fööer, dat häi näit t'eerst dat kind red't haar.
963806	Die Regierungspolitik wurde von der Oppositionspartei kritisiert.	Däi regäärenspolitik wur fan däi opposisjoonspartäj kritisäärt.
964009	Ich habe gerade herausgefunden, dass mich mein Freund betrogen hat.	Ik heb net d'r uutfunnen, dat mii miin fründ bedroogen het.
966202	Ich brauchte eine Weile, um zu verstehen, was sie versuchte, zu sagen.	Ik bruukde 'n set, um t' ferstóón, wat säi fersöch, t' säegen.
967326	Wenn Ufos die Erde angriffen, was würde dann mit uns geschehen?	Doo ufos däi êer angriipen deedent, wat dee dan mit us geböören?
967337	Es dauert zu Fuß dreißig Minuten von hier bis zum Bahnhof.	Dat dürt t' faut daartiğ menüüten fan hir bit nóó d' bóónhof.
967381	Der Wert einer guten Erziehung lässt sich nicht in Geld bemessen.	Däi weerd fan 'n gaud ertrekken let't sük näit in geld meeten.
967428	Als ich ihn das letzte Mal gesehen habe, trug er ein blaues Hemd und eine weiße Hose.	As ik hum dat läest móól säin heb, drooğ häi 'n blaau hemd un 'n wiet büks.
969189	Das Gras der Nachbarn ist immer grüner.	Dat gres fan d' nóóbers is altiid gröyner.
969599	Mein Großvater starb im gleichen Zimmer, in dem er geboren wurde.	Miin besfóóer stüürv in d' sülviğ kóómer, in däi häi booren wur.
969628	Kinos machen wegen der Internetpiraterie immer mehr Verlust.	Kiinos móókent um däi internetpiróóteräj altiid meer ferlüüs.
969655	Auf dem Küchenboden ist überall Milch, weil meine Frau die Flasche zerbrochen hat.	Up d' köökendêel is allerweegens melk, um dat miin frâau däi fläes köthaauen het.
971142	Da du gerade dabei bist, mach mir bitte auch eine Tasse Kaffee.	Um dat duu d'r net bii büst, móók mii bitte ook 'n tâas kofje.
974894	Du kannst das Gedicht nicht verstehen, bevor du es viele Male gelesen hast.	Duu kaast dat dichtsel näit ferstóón, eer duu 't menniğ móól leesen hest.
974924	Es kann Wände ohne Dach geben, aber kein Dach ohne Wände.	Dat kan müren sünner dak geeven, man kiin dak sünner müren.
975149	Ich muss mich dafür entschuldigen, dass ich so lange nicht mehr geschrieben habe.	Ik maut mii d'r föör undskülligen, dat ik soo lâang näit meer skreeven heb.
977523	Wenn ich an diese Tage zurückdenke, scheint alles wie ein Traum.	Doo ik an disser dóógen t'rüeğdenken dau, skint âals as 'n drööm.
978381	Niemand steht an der Haltestelle. Wir haben den Bus wohl verpasst.	Nüms staajt bii d' haltstee. Wii hebbent däi bus wal ferpaast.
978606	Es ist verrückt von dir, dein Leben aufs Spiel zu setzen.	Dat is maal fan dii, diin leevend up 't spil t' setten.
978810	Als ich noch ein Kind war, las mir meine Mutter oft Märchen vor.	Doo ik noch 'n kind was, las mii miin mauder fóók maarkes fööer.
979653	Der Windstoß riss zahlreiche Ziegel vom Dach.	Däi windstöyt reet fööl pannen fan 't dak of.
980672	Sie hätten einen besseren Wechselkurs bekommen, wenn sie zu einer Bank gegangen wären.	Säi haarent 'n beeterder wesselkoors kreegen, doo säi nóó 'n bank góón wassent.
981335	Das Zurücklassen von Abfall wird in dieser Einrichtung mit einer Strafe von bis zu 500 $ geahndet.	Dat t'rüeğlóóten fan ofgefal word't in dit inrichten mit 'n stróóef fan bit tau 500 $ bestróóft.
981893	Ein Arzt amputierte schnell seinen linken Arm und stoppte die schwere Blutung.	'N dokter ampuutäärde gaau siin linker aarm un stopde dat swoer blauden.
981894	Ein Arzt versuchte, die Kugel aus dem Kopf des Präsidenten zu entfernen.	'N dokter fersöch, däi kuugel uut däi kop fan d' president t' undfeeren.
981900	Niemand weiß genau, wie viele Menschen sich als Hippies betrachteten.	Nüms wäit genaau, woo fööl minsken sük as hippies bekeekent.
984819	Man versucht die Nahrungsmittelproduktion zu erhöhen, indem man neue Reisarten anpflanzt.	Man fersöcht däi naarungsmiddelproduksjoon t' ferhoogern, indeem man näej riistsoorden poot't.
985942	Es war nicht sehr kalt, aber es war immer nass.	Dat was näit recht kold, man 't was altiid nat.
985946	Es war äußerst kalt.	Dat was baldóódiğ kold.
986912	Der Fahrer bat uns, beim Aussteigen aus dem Bus aufzupassen.	Däi forder beed'de us, bii 't uutstappen uut d' bus up t' paasen.
987292	Da er sich heute nicht gut fühlt, kann er nicht ins Büro kommen.	Um dat häi sük fandóóeğ näit gaud föylt, kan häi näit in 't büro koomen.
989573	Schließlich fand ich heraus, was die Schmerzen in meinem Bein verursacht hat.	Amäen kwam ik d'r achter, wat däi piin in miin bäin feroorsóókt het.
989735	Es gab ein Erdbeben und zusätzlich noch einen Tsunami.	Dat gaf 'n eerdbeeven un biitau noch 'n tsunóómii.
989740	Um Freude in ihrer Gesamtheit zu erfahren, muss man sie mit jemandem teilen.	Um bliidskup in 't gehäil t' erforen, maut man hum mit wel däilen.
989777	Je mehr Leute du kennst, desto weniger Zeit kannst du mit ihnen verbringen.	Woo meer lüü duu kenst, woo minner tiid kaast mit höör ferbrengen.
989778	Dies ist kein angemessenes Thema für ein Tischgespräch.	Dat is kiin paaselk teemó föör 'n tóóvelgespek.
990031	Niemand weiß, ob es in Nahost zum Krieg kommen wird.	Nüms wäit, of 't in Nóóoost tau 'n oorlauğ koomen sal.
990312	Wenn du mit dem Bus fährst, brauchst du für die Strecke nur ungefähr ein Drittel der Zeit.	Doo duu mit bus foren daajst, bruukst duu föör dat äen bloot ruuğweğ 'n daardel fan däi tiid.
991563	Er hat seine Fahrprüfung geschafft, obwohl er ein schlechter Fahrer war.	Häi het siin forprüüfen skaft, alwoo häi 'n släecht forder was.
993903	Der Nebel war so dicht, dass ich nicht einmal die Hand vor Augen sehen konnte.	Däi dook was soo diecht, dat ik näit móól däi hand fööer d' oogen säin kun.
1000069	Ich fürchte, es ist kein Kaffee mehr da.	Ik bün bâang, d'r is kiin kofje meer.
1003410	Welcher Berg ist deiner Meinung nach der zweithöchste in Japan?	Wekker baarğ is nóó diin mäinen däi twäidhôoğst in Jóópóón?
1006024	Ihr geht es dank der ärztlichen Behandlung viel besser.	Höör gaajt 't dank dat medsiinsk behanneln fööl beeter.
1006034	Der Lehrer sah sich im Klassenzimmer um und begann zu reden.	Däi mester keek sük in d' klassenruum um un fung an t' prooten.
1007988	Lange Zeit diskutierten die Studenten über das Problem des Hirntods.	Lâang tiid diskutäärdent däi stuudenten oover dat probleem fan d' breegendood.
1008034	Wegen des plötzlichen Ablebens seines Vaters gab er das Vorhaben auf, im Ausland zu studieren.	Um dat nüüel ofleeven fan siin fóóder gaf häi dat föörhebben up, in 't buutenland t' stuudäären.
1008088	Kein Land sollte sich in die inneren Angelegenheiten eines anderen Landes einmischen.	Kiin land sul sük in däi intêern angeleegenhaiden fan 'n anner land inmiskern.
1008093	Ich brachte den ganzen Abend damit zu, Gedichte von Kenji Miyazawa zu lesen.	Ik broch däi häiel óóvend d'r mit tau, dichtsels fan Kenji Miyazawa t' leesen.
1008162	Des Mordes für schuldig erklärt, wurde er zu einer lebenslänglichen Gefängnisstrafe verurteilt.	Weegen moord skülliğ ferklort, wur häi tau 'n leevendslâang gefangenisstróóef feroordäilt.
1008429	Da sie die Geschichte schon mal gehört hatte, wollte sie sie nicht erneut erzählt bekommen.	Um dat säi dat fertelsel al móól höört haar, wul säi 't näit näjs fertelt kriigen.
1008615	Es ist wichtig, dass Sie in das Bewerbungsformular ein Foto von Ihnen einfügen.	Dat is wichtiğ, dat Jii in dat bewaarvensföörmulaar 'n footo fan Jau infaugent.
1009273	Es besteht immer das Risiko, dass sämtliche Daten auf der Festplatte verloren gehen.	D'r bestaajt altiid dat risiko, dat âal dóóten up d' fastplóóet ferlooren góónt.
1009276	Warum formatieren wir die Festplatte nicht einfach neu? Bei den Problemen, die sie dir bereitet.	Woosoo f'rmóótäärent wii däi fastplóóet näit äinfach näj? Bii däi probleemen, däi häi dii móókt.
1009314	Du musst höflich sein.	Duu maust hoffelk weesen.
1010511	Ich fühlte mich ziemlich erleichtert, nachdem ich gesagt hatte, was ich zu sagen hatte.	Ik föylde mii recht ferlichtert, nóódeem ik säeğt haar, wat ik t' säegen haar.
1012961	Es versteht sich von selbst, dass Rauchen der Gesundheit schadet.	Dat ferstaajt sük fan sülst, dat smooken däi sundhaid skóóden daajt.
1013562	Es ist klar, dass wir nicht ohne Luft leben können.	Dat is klor, dat wii näit sünner lücht leeven köönent.
1014741	Noch immer kämpften die japanischen und amerikanischen Streitkräfte erbittert gegeneinander.	Noch altiid streedent däi jóópóónsk un amerikóónsk striidkrachten ferbittert teegennanner an.
1021352	Es gibt Lichtwellenlängen, die für das menschliche Auge nicht wahrnehmbar sind.	Dat gift lüchtwellenlengten, däi föör 't minskelk ôoğ näit worneembor bünt.
1021946	Willst du dich nicht setzen?	Wult duu näit sitten góón?
1021947	Wollt ihr euch nicht setzen?	Willent jii näit sitten góón?
1021948	Wollen Sie sich nicht setzen?	Willent Jii näit sittent góón?
1022938	Er ist vor zehn Jahren nach Italien gezogen und lebt seitdem dort.	Häi is fööer tain joer nóó Itóóljen trukken un leevt siitdeem dor.
1030351	Mein Vater starb an einer Subarachnoidalblutung, als ich vierzehn war.	Miin fóóder stüürv an 'n subarachnoidóólblauden, doo ik fäärtain was.
1030372	Sie kicherte wie ein Schulmädchen, mit der Hand vor dem Mund.	Säi giibelde as 'n skaulwicht, mit hand fööer d' mund.
1030539	Deutsche Männer gehen öfter zum Frisör als deutsche Frauen.	Düütsk manlüü góónt fóóker nóó d' kapper as düütsk fraaulüü.
1030940	Ich war Mitglied im Fußballverein, als ich auf der Junior High School war.	Ik was lid in d' fautbaalferäien, doo ik up däi Junior High School was.
1030943	Ich war Mitglied im Fußballverein, als ich auf der Mittelschule war.	Ik was lid in d' fautbaalferäien, doo ik up d' middelskaul was.
1031230	Nachdem er wieder zu sich gekommen war, dauerte es einen Moment, bis ihm klar wurde, wo er war.	Nóódeem häi weer bii sük koomen was, dürs 't 'n moment, bit hum klor wur, wor häi was.
1031269	Es hat gestern nicht nur heftig gestürmt, sondern auch stark geregnet.	Dat het güster näit alleniğ heeviğ stöörmt, man ook düğtiğ reegent.
1031278	Die Leute kamen aus ihren Häusern, um seiner Musik zu lauschen.	Däi lüü kwamment tau höör huusen uut, um nóó siin musik t' lüstern.
1033111	In der Schlacht von Verdun stoppten französische Streitkräfte einen deutschen Angriff.	In däi slacht fan Verdun stopdent fransk striidkrachten 'n düütsk angreep.
1034406	Bei meinem ersten Besuch in Spanien war alles ganz aufregend für mich.	Bii miin êerst fersîit in Spóónjen was âals häil upreegend föör mii.
1036219	Das Herz selber ist nicht mehr und nicht weniger als ein großer, harter, lederähnlicher Muskel.	Dat haart sülst is näit meer un näit minner as 'n grôot, hâard, leerachtiğ muskel.
1036225	Wenn Ihr Magen damit beschäftigt ist, eine schwere Mahlzeit zu verdauen, dann ist Ihr Gehirn im Urlaub.	Doo Jau móóeğ d'r mit t'gâang is, 'n swoer móóltiid t' ferdaauen, dan is Jau breegen in d' uurlaaub.
1037487	Ein Narr glaubt immer, dass die anderen die Narren sind.	'N nâar löövt altiid, dat däi annernt däi naaren bünt.
1038046	Barcelona ist die Hauptstadt von Katalonien und die zweitgrößte Stadt in Spanien.	Barcelona is däi hoovdstad fan Kataloonien un däi twäidgrôotst stad in Spóónjen.
1038082	Es ist unlogisch, zu glauben, dass kleine Kinder schneller rennen können als Polizisten.	Dat is unlooğsk, t' lööven, dat lütje kinner gaauer rönnen köönent as skendaarms.
1039032	Könnt ihr euch vorstellen, wie unser Leben ohne Strom ausschauen würde?	Kunnent jii jau föörstellen, woo us leevend sünner stroom d'r uutsäin dee?
1039690	Bitte bleiben Sie bis zum vollständigen Anhalten des Busses sitzen.	Bitte bliivent Jii bit tau 't kumplêet anhollen fan d' bus sitten.
1040010	Nach den Sommerferien müssen die Kinder wieder in die Schule.	Nóó d' sömmerfeerjen mautent däi kinner weer nóó d' skaul tau.
1041015	Es gehören immer zwei dazu.	D'r höörent altiid twäj bii.
1041535	Für die Uhrzeit war der Supermarkt relativ leer.	Föör däi ürtiid was däi supermâarkt läip leeğ.
1042056	Tom konnte sich kaum das Lachen verkneifen, als er sah, wie Mary versuchte, mit ein paar Bällen zu jonglieren.	Tom kun sük man knap dat laagen ferkniipen, as häi sağ, woo Mary fersöch, mit 'n poer baalen t' zjongläären.
1042152	Du sagst, du willst nach Boston? Warum in Herrgotts Namen willst du denn dahin?	Duu säeğst, duu wult nóó Boston? Woosoo in Heergodsnóóm wult duu dan d'r hen?
1042153	Die Zahl der Verkehrsunfälle ist in den letzten Jahren gestiegen.	Däi tóól fan däi ferkeersunfallen is in d' ferleeden joren steegen.
1043827	Diese Frau weiß bestimmt, dass sie nicht weiß, was sie will.	Disser frâau wäit seeker, dat säi näit wäit, wat säi wil.
1045223	Wir verbinden den Namen Einstein mit der Relativitätstheorie.	Wii ferbinnent däi nóóm Einstein mit däi relóótiivitäitsteorii.
1045240	Selbst der schnellste Läufer der Welt kann nicht rennen, wenn er Hunger hat.	Sülst däi gaaust looper fan d' weerld kan näit rönnen, doo häi smacht het.
1045252	Schweigen ist Gold, aber nicht, wenn man versucht, eine Fremdsprache zu erlernen.	Swiigen is gold, man näit, doo man fersöcht, 'n frömdtóól t' leeren.
1045394	Tom verglich ein drei Jahre altes Foto von Mary mit einem aktuellen.	Tom fergleek 'n drei joer oel footo fan Mary mit 'n aktuäel.
1045404	Tom erwischte Mary dabei, wie sie sein Geld aus der Kasse stahl.	Tom betrapde Mary d'r bii, as säi siin geld uut d' kâas stool.
1045461	Tom kann nicht mit Sicherheit sagen, wievielmal Maria schon in Boston war.	Tom kan näit mit seekerhaid säegen, woo fóók Marió al in Boston was.
1045838	Tom kann keine passenden Worte finden, um seine Gefühle für Mary zu beschreiben.	Tom kan kiin paasend woorden finnen, um siin geföylen föör Mary t' beskriiven.
1045841	Tom kann nicht abstreiten, dass er getan hat, was Mary ihm vorwarf.	Tom kan näit ofstriiden, dat häi dóón het, wat Mary hum föörsmeet.
1045860	Tom kann sich immer noch an den Schmerz erinnern, der ihn überkam, als Mary ihn verlassen hatte.	Tom kan sük altiid noch an däi piin heerinnern, däi hum ooverkwam, doo Mary hum ferlóóten haar.
1046082	Wann immer er möchte, kann Tom Mary in diesem Klub singen hören.	Altiid doo häi wil, kan Tom Mary in disser klub singen höören.
1046088	Tom ruft Mary jeden Abend an und spricht mindestens 45 Minuten lang mit ihr.	Tom röpt Mary elker óóvend an un proot't minst 45 menüüten lang mit höör.
1046089	Tom ruft Maria jeden Abend an und spricht mindestens eine Dreiviertelstunde lang mit ihr.	Tom röpt Marió elker óóvend an un proot't minst 'n dreikertäärsüer lang mit höör.
1046102	Tom rief Mary an, um sich bei ihr zu entschuldigen, aber sie legte auf.	Tom reep Mary an, um sük bii höör t' undskülligen, man säi dee upläegen.
1046112	Tom errechnete, dass er Maria in den vergangenen sechs Monaten mehr als vierunddreißigtausend Dollar gegeben hatte.	Tom bereekende, dat häi Marió in däi ferleeden ses móónd meer as fäärundaartiğduusend duller geeven haar.
1046119	Tom brach Marys Auto auf und stahl das, was unter dem Fahrersitz versteckt war.	Tom brook Mary höör aauto oopen un stool dat, wat unner d' fordersits ferstopt was.
1046369	Verzeihen Sie die Störung, aber da ist ein Anruf für Sie.	Undskülligent Jii dat stöören, man dor is 'n anraup föör Jau.
1046370	Tom hat diese Kamera gekauft, weil Mary meinte, dass er sie kaufen sollte.	Tom het disser kameró köft, um dat Mary mäinde, dat häi hum koopen sul.
1046379	Tom kaufte Maria eine neue Kamera als Ersatz für die, die er sich ausgeliehen und verloren hatte.	Tom köf Marió 'n näej kameró as ersats föör däi, däi häi sük uutläint un ferlooren haar.
1046388	Tom stellte sich Maria in den Weg und ließ sie nicht ins Zimmer.	Tom stelde sük Marió in d' weğ un leet höör näit in d' kóómer.
1046390	Tom wehrte Marys Schlag ab und schlug sie dann mit seiner rechten Hand.	Tom woor Mary höör slağ of un slooğ höör dan mit siin rechter hand.
1046419	Zuhause bleiben ist langweilig.	In huus bliiven is langwiiliğ.
1046894	Ich suche ein Buch über das Spanien des Mittelalters.	Ik söyk 'n bauk oover dat Spóónjen fan 't middeloller.
1047098	Er hat es satt, ewig den Advocatus Diaboli zu spielen, und stimmt nun jeder von ihnen vorgeschlagenen Idee zu, egal wie bescheuert sie ist.	Häi het däi snûut ful, äiwiğ däi advocatus diaboli t' spöölen, un stemt nuu elker fan höör föörslóón idee tau, ne'ğeliik woo maal säi is.
1047101	Wenn das Wetter es zulässt, wollen wir morgen bis ganz hinauf zur Bergspitze steigen.	Doo dat wêer 't taulet't, willent wii mörn häil bit nóó d' baarğtop hooğstiigen.
1047488	Wenn du einfach mal innehältst und dich entspannst, wird die Verspannung in deinen Schultern geringer werden.	Doo duu man eeven upholst un dii undspanst, sal dat ferspannen in diin skullers minner worden.
1047704	Tom fing an, sein Lieblingslied zu singen, und Maria stimmte mit ein.	Tom fung an, siin läiefst läid t' singen, un Marió stemde mit in.
1047716	Tom hatte es satt, jedes Mal zahlen zu müssen, wenn er mit Mary ausging.	Tom haar dat sad, elker móól betóólen t' mauten, doo häi mit Mary uutgung.
1047719	Tom freundete sich mit Mary an, als er in Boston lebte.	Tom fründjede sük mit Mary an, doo häi in Boston leevde.
1047759	Tom aß die letzte Scheibe Brot, so dass Mary nichts zu essen hatte.	Tom at däi läest skîiv brood, soo dat Mary niks t' eeten haar.
1047765	Tom aß allein, obwohl er gehofft hatte, gemeinsam mit Mary zu essen.	Tom at alleniğ, alwoo häi hoopt haar, mäinsóóm mit Mary t' eeten.
1047767	Tom versicherte Maria, dass er ihr beim Streichen der Küchendecke helfen würde.	Tom ferseekerde Marió, dat häi höör bii 't striiken fan d' köökenböön helpen sul.
1047978	Tom nimmt an, dass Mary bereit sein wird, beim Kuchenverkauf mitzuhelfen.	Tom nimt an, dat Mary sins weesen sal, bii d' kaukenferkoop mit t' helpen.
1048884	Ich habe einen Freund, dessen Vater Kapitän eines großen Schiffes ist.	Ik heb 'n fründ, däi siin fóóder kaptain fan 'n groot skip is.
1048907	Verglichen mit dem alten Modell, ist dieses viel leichter zu bedienen.	Fergleeken mit dat oel model, is dit fööl makkelker t' bedäinen.
1051012	Meiner Meinung nach sollte eine gut aufgebaute Website kein horizontales Scrollen erfordern.	Nóó miin mäinen sul 'n gaud upbaaut websiid kiin horisontóól scrollen erföördern.
1051106	Meinst du, dass es eine gute Idee ist, deinen Hund mit Tischabfällen zu füttern?	Mäinst duu, dat 't 'n gâaud idee is, diin hund mit tóóvelofgefallen t' fauern?
1051509	Er ist dermaßen verrückt nach Filmen, dass er sich so viele Filme reinzieht, wie er kann.	Häi is soo maal up films, dat häi sük soo fööl films inflaiten daajt, as häi kan.
1052825	Ich fand auch sämtliche Briefe, die er meiner Mutter je geschrieben hatte.	Ik fun ook âal bräiven, däi häi miin mauder oojt skreeven haar.
1052831	Ich denke, japanische Schüler sind richtig gut bei der Anhäufung von Wissen.	Ik denk, jóópóónsk skaulers bünt recht gaud bii 't anhoopen fan wäiten.
1054777	Warum dauert es so lange, bis die mein Internet anschalten?	Woosoo dürt 't soo lâang, bit däi miin internet anskaltent?
1056468	Der Richter verhängte das Urteil fünf Jahre Zwangsarbeit.	Däi richter ferhung dat oordäil fiif joer dwangsaarbaid.
1056492	Japan hat Entwicklungsländern ein Hilfspaket von zwei Milliarden Yen zugesichert.	Jóópóón het undwikkelnslâan 'n hülpspakeet fan twei miljaarden jen tausäeğt.
1056528	Im Augenblick des Unfalls schliefen beinahe alle Reisenden im Bus.	In d' oogenblik fan dat melöör sleepent hóóst âal raajsders in d' bus.
1058565	Ein Kuss ohne Schnurrbart ist wie eine Suppe ohne Salz.	'N tuutje sünner snurbord is as 'n tsoep sünner solt.
1060381	Ich mag dir so etwas gesagt haben, aber ich kann mich überhaupt nicht mehr daran erinnern.	Ik mağ dii soo wat säeğt hebben, man ik kan mii d'r häilundal näit meer an heerinnern.
1060535	Gewiss ist er gut aussehend und intelligent, aber er hat etwas an sich, das ich nicht mag.	Seeker let't häi gaud un is intelligent, man häi het wat an sük, dat ik näit mağ.
1060551	Die Hauptstadt Mexikos ist die größte Stadt Lateinamerikas.	Däi hoovdstad fan Meksiko is däi grôotst stad fan Letiinamerikó.
1062001	Einige denken, der Präsident verbringt zu viel Zeit mit Reisen.	Wat denkent, däi president ferbrengt t' fööl tiid mit raajsen.
1062181	Bei schlechtem Wetter kann man sich leicht erkälten.	Bii släecht wêer kan man sük makkelk ferkollen.
1065782	Wenn es die Sonne nicht gäbe, gäbe es kein Leben auf der Erde.	Doo dat däi süen näit gaf, gaf dat kiin leevend up d' êer.
1065916	Vater hat seine Arbeit verloren und schlimmer noch: Mutter ist krank geworden.	Fóóder het siin aarbaid ferlooren un läiper noch: Mauder is krank worden.
1066801	Die amerikanischen Nachrichten berichten, dass Hurrikan Irene so groß wie Europa ist, was eine leichte Übertreibung darstellt.	Däi amerikóónsk nóórichten berichtent, dat orkóón Irene soo groot is as Europó, wat 'n liecht ooverdriiven dorstelt.
1067147	Du solltest solche Bücher lesen, die dir für dein späteres Leben etwas nützen.	Duu sust sükker bauken leesen, däi dii föör diin lóóterder leevend wat nütsent.
1071014	Wenn du nichts Freundliches zu sagen hast, dann sag gar nichts.	Doo duu niks frünnelks t' säegen hest, dan säeğ häil niks.
1071034	Da die Brücke zerstört war, blieb nur noch schwimmen.	Um dat däi brüeğ fernäilt was, bleev bloot noch swemmen oover.
1072902	Wenn das Medikament keine Wirkung hat, sollten wir vielleicht die Dosis erhöhen.	Doo dat medikóment kiin wirken het, sullent wii fiilicht däi dosis ferhoogern.
1072908	Vielleicht wird mein Enkel der erste Mensch sein, der den Mars betritt.	Fiilicht sal miin kindskind däi êerst minsk weesen, däi däi Mars betreeden daajt.
1075702	Einer meiner Brüder ist Lehrer; die anderen sind Anwälte.	Äien fan miin brörs is mester; däi annernt bünt afkóóten.
1075833	Wenn du den Menschen sagst, was sie hören wollen, werden sie machen, was du willst.	Doo duu däi minsken säeğst, wat säi höören willent, söölent säi móóken, wat duu wult.
1077539	Tom fragte Maria, wo sie wohne, aber sie wollte es ihm nicht sagen.	Tom frooğ Marió, wor säi woonde, man säi wul hum dat näit säegen.
1077541	Tom fragte Maria, wann sie vorhabe, ihrer jüngsten Tochter ein Paar neue Schuhe zu kaufen.	Tom frooğ Marió, wenner säi föörhaar, höör juengst dochter 'n poer näej skau t' koopen.
1077545	Tom fragte Maria, wie das Wetter während seiner Abwesenheit gewesen sei.	Tom frooğ Marió, woo dat wêer wiilst siin ofweesenhaid west haar.
1077575	Tom bat Mary, ihm von dem Haus zu erzählen, in dem sie als Kind gewohnt hatte.	Tom beed'de Mary, hum fan dat huus t' fertellen, wor säi as kind in woont haar.
1077585	Tom bat Mary, zu Hause zu bleiben, bis der Babysitter eintreffen würde.	Tom beed'de Mary, in huus t' bliiven, bit däi babysitter indräepen dee.
1077586	Tom bat Mary, zu Hause zu bleiben, bis die Babysitterin eintreffen würde.	Tom beed'de Mary, in huus t' bliiven, bit dat babysitterske indräepen sul.
1077591	Tom bat Mary, sich für das Lady-Gaga-Konzert um Plätze in der ersten Reihe zu bemühen.	Tom bad Mary, sük föör dat Lady-Gaga-kunsert um platsen in d' êerst rîiğ t' bemaien.
1077609	Tom bat Mary, Zahnpasta und Toilettenpapier vom Supermarkt mitzubringen.	Tom beed'de Mary, tanpastó un tolettenpepier fan 't supermâarkt mit t' brengen.
1077621	Tom machte Mary einen Heiratsantrag, aber sie lehnte ihn ab.	Tom mook Mary 'n andrağ, man säi leende hum of.
1077635	Tom bat Mary, ihn zu massieren, aber sie wollte nicht.	Tom beed'de Mary, hum t' massäären, man säi wul näit.
1080153	Der Fährverkehr wurde eingestellt, da er nicht mehr wirtschaftlich war.	Däi feerferkeer wur instelt, um dat häi näit meer wirtskaftelk was.
1081188	Tom bat Maria mehrmals, ihn früher nach Hause gehen zu lassen, aber sie ließ ihn nicht.	Tom beed'de Marió meerder móólen, hum frauer nóó huus góón t' lóóten, man säi leet hum näit.
1081707	Tom fragte Maria, ob sie dieses Lied auf der Flöte spielen könne.	Tom frooğ Marió, of säi dit läid up d' flâajt spöölen kun.
1082121	Tom bat Maria um Geld, um sich etwas zu essen kaufen zu können.	Tom beed'de Marió um geld, um sük wat t' eeten koopen t' köönen.
1084357	Tom fragte Mary nach dem Unfall, in den sie verwickelt war.	Tom frooğ Mary nóó dat melöör, wor säi in ferwikkelt was.
1084363	Tom stellte Mary viele Fragen, aber sie weigerte sich, einige davon zu beantworten.	Tom stelde Mary fööl fróógen, man säi wäigerde sük, wat d'r fan t' beantern.
1084365	Tom stellte Mary ein paar Fragen, die sie nicht beantworten konnte, aber sie konnte die meisten seiner Fragen beantworten.	Tom stelde Mary 'n poer fróógen, däi säi näit beantern kun, man säi kun däi mäiest fan siin fróógen beantern.
1084421	Elektronische Bauteile lassen sich mit reinem Isopropanol reinigen.	Elektroonsk baaudäilen lóótent sük mit süüver isopropóónool skoonmóóken.
1084497	Kleverländisch ist ein Dialekt des Niederländischen, der im deutschen Bundesland Nordrhein-Westfalen gesprochen wird.	Kleeverlandsk is 'n dióólekt fan dat Neerlandsk, däi in dat düütsk bundsland Noordriin-Westfóólen proot't word't.
1085372	Tom fragte nach Marys Adresse und schrieb sie auf einen Zettel.	Tom frooğ nóó Mary höör adräes un skreev hum up 'n tseedel.
1085395	Tom stellte ein paar Fragen, die Maria nicht beantworten wollte.	Tom stelde 'n poer fróógen, däi Marió näit beantern wul.
1088083	Tom behauptete, dass er sah, wie ein Mann bei lebendigem Leibe von Piranhas gefressen wurde.	Tom beweerde, dat häi sağ, woo 'n keerl bii leebenniğ liif fan piranjós freeten wur.
1088925	Ich weiß meine Adresse noch nicht, ich werde eine Zeit lang bei meinem Freund wohnen.	Ik wäit miin adräes noch näit, ik sal 'n tiid lang bii miin fründ woonen.
1089183	Man sagte einem chinesischen Bauern, er solle sich vor dem Besuch des Präsidenten Hu Jintao nicht rasieren, damit er im Fernsehen „rustikaler“ aussehe.	Man see teegen 'n skiineesk buer, häi sul sük fööer d' fersîit fan president Hu Jintao näit skeeren, dat häi up 't feersäin "rustikóólsker" lóóten dee.
1089404	Der Unterschied zwischen einem "richtigen Wort" und einem "fast richtigen Wort" ist wie der Unterschied zwischen einem Blitz und einem Leuchtkäfer.	Däi ferskeel tüsken 'n "recht woord" un 'n "hóóst recht woord" is as däi ferskeel tüsken 'n blits und 'n glimmerke.
1096762	Ich borge dir diese CD unter der Bedingung, dass du sie nicht weiterverborgst.	Ik läin dii disser CD unner dat bedingen, dat duu hum näit wiiderferläinst.
1096770	Es waren gute fünf Kilometer vom Bahnhof bis zur Schule.	Dat wassent gaud fiif kilomeeter fan d' bóónhof bit nóó d' skaul.
1097391	Er arbeitet hart, um die Aufnahmeprüfung zu bestehen.	Häi aarbaid't haard, um dat upnóómprüüfen t' bestóón.
1097737	Als wir am Stadion ankamen, hatte das Spiel bereits begonnen.	Doo wii bii 't stóódion ankwamment, haar dat spööl al anfangen.
1100492	Die Polizei hat eine Leiche in einem verlassenen Auto in der Nähe des Parks gefunden.	Däi skendaarms hebbent 'n lîik in 'n ferlóóten aauto diecht bii d' park funnen.
1100497	Die Folge einer schlechten Übersetzung kann manchmal katastrophal sein.	Däi foelğ fan 'n slecht ooversetten kan of un an katastroofóól weesen.
1100894	Wollten Sie jemals etwas so sehr, dass Sie alles getan hätten, um es zu bekommen?	Wullent Jii oojt wat soo fäel, dat Jii âals dóón haarent, um 't t' kriigen?
1100900	Hast du schon mal etwas so sehr gewollt, dass du bereit warst, alles zu tun, um es zu bekommen?	Hest duu al móól wat soo fäel wult, dat duu sins wast, âals t' daun, um 't t' kriigen?
1102116	Ich habe gute Gründe zu glauben, dass er an dem Verbrechen unschuldig ist.	Ik heb gâaud gruen t' lööven, dat häi an dat ferbreeken unskülliğ is.
1102119	Ich habe Tom gerade gesagt, dass er rausgehen und etwas zu essen kaufen soll.	Ik heb Tom net säeğt, dat häi d'r uut góón un wat t' eeten koopen sal.
1103242	Ich habe mit deinem Arzt geredet und er sagte, dass du mindestens eine Woche im Bett bleiben musst.	Ik heb mit diin dokter proot't un häi see, dat duu t'minst 'n wêek up bäer bliiven maust.
1103333	Ein Vogel kann durch die Lüfte gleiten, ohne seine Flügel zu bewegen.	'N föögel kan döör d' lüchten gliiden, sünner siin flöögels t' röögen.
1104017	Tom versteckte die Waffe in der Keksdose auf dem Kühlschrank.	Tom ferstopde dat wóópen in d' kaukjetruem up 't köylskap.
1105444	Leute, die Gabeln oder Stäbchen benutzen, denken oft, dass die, die das nicht tun, unzivilisiert sind.	Lüü, däi góóbels of stóóvkes bruukent, denkent fóók, dat däi, däi dat näit daunt, untsiwiilisäärt bünt.
1105447	Es ist sehr unwahrscheinlich, dass das wirklich der gleiche Mann ist, den du vor zehn Jahren getroffen hast.	Dat is läip unworskiinelk, dat dat wies däi sülviğ man is, däi duu fööer tain joer druepen hest.
1105468	Wir haben aufmerksam zugehört, um nicht ein einziges Wort zu verpassen.	Wii hebbent upmaarksóóm tauhöört, um näit 'n enkeld woord t' ferpaasen.
1105510	Es wird geschätzt, dass es im Englischen über eine halbe Million Wörter gibt.	Dat word't skat't, dat 't in 't Engelsk oover 'n hâalf miljoonen woorden gift.
1105530	Tom weiß nicht genau, wann Marys Zug die Station verließ.	Tom wäit näit genaau, wenner Mary höör tsuğ däi stóósjoon ferleet.
1105652	Der Schmerz ließ nach, während die Salbe in seinen Fuß einmassiert wurde.	Däi piin leet nóó, wiilst däi sâalv in siin faut inmassäärt wur.
1105670	Du brauchst oft mehr Zeit für etwas, als du gedacht hättest.	Duu bruukst fóók meer tiid föör wat, as duu docht haarst.
1105824	Wie so oft war sie nicht pünktlich da.	As soo fóók was säi d'r näit up tiid.
1105851	Sie schienen ein sehr wichtiges Thema zu besprechen.	Säi skeenent 'n häil wichtiğ teemó t' beprooten.
1105864	Ich denke, es ist Zeit, dass ich ein bisschen Zeit mit meinen Kindern verbringe.	Ik denk, dat is tiid, dat ik 'n biitje tiid mit miin kinner ferbrengen dau.
1105874	Da ich ihn morgen sehe, kann ich ihm eine Nachricht überbringen, wenn Sie möchten.	Um dat ik hum mörn säi, kan ik hum 'n nóóricht ooverbrengen, doo Jii willent.
1106363	Du kannst jetzt nach Hause gehen.	Duu kaast nuu nóó huus tau góón.
1107068	Die Weltbevölkerung nimmt jährlich um fast 90 Millionen zu.	Dat weerldbefolken nimt jorelk um hóóst 90 miljoonen tau.
1107071	Das Spiel wäre nicht abgesagt worden, wenn es nicht so stark geregnet hätte.	Dat spööl was näit ofsäeğt worden, doo 't näit soo fäel reegent haar.
1107113	Ich weiß, dass man nicht, ohne dafür zu zahlen, Musik aus dem Netz laden sollte, aber ich tue es trotzdem.	Ik wäit, dat man näit, sünner d'r föör t' betóólen, musik tau 't net uut lóóden sul, man ik dau 't trotsdeem.
1107751	Das erste Wort eines englischen Satzes sollte mit einem Großbuchstaben anfangen.	Dat êerst woord fan 'n engelsk sats sul mit 'n hoovdletter anfangen.
1108615	Tom hat keine Ahnung, wie es Mary gelingen konnte eine Überraschungsfeier zu planen, ohne dass er etwas davon mitbekommt.	Tom haar kiin wäit d'r fan, woo 't Mary föörnanner kriigen kun 'n ferraskernsfier t' plóónen, sünner dat häi d'r wat fan mitkriğt.
1108749	Ich kenne eine Frau, die den gleichen Vor- und Nachnamen wie ich hat.	Ik ken 'n frâau, däi däi sülviğ föör- un achternóóm as ik het.
1109026	Unser Vater blieb mit uns per Post und Telefon in Kontakt, während er in Übersee war.	Us fóóder bleev mit us per post un telefoon in kuntakt, wiilst häi in ooversäj was.
1109030	Wir würden mindestens drei Wochen brauchen, um den Vorfall zu untersuchen.	Wii deedent minst drei wêek bruuken, um däi föörfal t' unnersöyken.
1109085	Das ist unser Geheimnis, also pass auf, dass es dir nicht herausrutscht.	Dat is us gehäimnis, alsoo paas up, dat 't dii näit d'r uut rutskert.
1109090	Ich musste den Brief nicht öffnen. Ich wusste genau, was darin stand.	Ik mus däi bräif näit oopenmóóken. Ik wus genaau, wat d'r in stun.
1109092	Es gab kaum mehr als 100 Häuser in dem Dorf, an dem wir gestern vorbeigekommen sind.	Dat gaf bold näit meer as 100 huusen in dat lauğ, an dat wii güster f'rbiikoomen bünt.
1109106	Insgesamt betrachtet hat mein Vater ein glückliches Leben gehabt.	In 't gehäil bekeeken het miin fóóder 'n glükkelk leevend hat.
1112957	Der Premierminister sprach ausführlich über die Finanzkrise.	Däi premjeeminister proot'de uutförelk oover däi finanskrîis.
1115162	Der Regen fügte der Ernte eher einen großen Schaden zu, als dass er irgendetwas Gutes tat.	Däi reegen dee däi âarnt eerder 'n grôot skóó taufaugen, as dat häi wat gauds dee.
1115874	Mir geht es schlecht.	Mii gaajt dat slecht.
1117867	Flugzeuge ermöglichen den Menschen, große Entfernungen schnell zurückzulegen.	Fluğtsoigen fermöögelkent däi minsk, grôot distansen gaau t'rüeğ t' läegen.
1119117	Je mehr wir lernen, desto bewusster wird uns, wie wenig wir wissen.	Woo meer wii leerent, woo bewuster word't us, woo min wii wäitent.
1126657	Wissenschaftler kämpfen dafür, die Ausbreitung des Aids-Virus aufzuhalten.	Wäitenskuppers striident d'r föör, dat uutbräiden fan dat aids-wiirus up t' hollen.
1127593	Ich würde ihm schreiben, wenn ich seine Adresse wüsste.	Ik dee hum skriiven, doo 'k siin adräes wus.
1130212	Ich fürchte, dass wir die Möglichkeit, dass sie die Krankheit haben könnte, nicht ausschließen können.	Ik frees, dat wii däi möögelkkaid, dat säi däi krankhaid hebben kun, näit uutsluuten köönent.
1137106	Ich habe lange Zeit kein Buch gelesen und dafür schäme ich mich.	Ik heb lâang tiid kiin bauk leesen un d'r skóóm ik mii föör.
1139033	Du wirst das Buch in der historischen Abteilung der Bibliothek finden.	Duu sast dat bauk in 't histoorsk ofdäilen fan däi bibliotäik finnen.
1146897	Ihre Verantwortungslosigkeit verblüfft mich.	Höör ferantwoordenslössiğkaid ferblüft mii.
1146918	Könntest du noch einmal sagen, wie oft du schon hier warst?	Kust duu noch insent säegen, woo fóók duu al hir west hest?
1146929	Ich bin nicht besonders hungrig, wenn man bedenkt, dass ich den ganzen Tag über lediglich eine Scheibe Brot gegessen habe.	Ik bün näit besünners smachtiğ, doo man bedenken daajt, dat ik däi häiel dağ oover man 'n skîiv brood eeten heb.
1148768	Unsere Schule hat drei Amerikaner als Austauschschüler aufgenommen.	Us skaul het drei Amerikóóners as uuttuuskskaulers upnoomen.
1153235	Zuerst werde ich die Preise vergleichen und erst dann werde ich entscheiden, ob ich die Kamera kaufe.	Eerst sal ik däi priisen fergliiken un eerst dan sal ik besluuten, of ik däi kameró koop.
1159424	Ich will in den Himmel kommen, aber ich will nicht sterben, um dort hinzugelangen.	Ik wil in d' heemel koomen, man ik wil näit staarven, um d'r hen t' koomen.
1166016	Die Qualität ihrer Produkte hat mit den Jahren abgenommen.	Däi kwalitäit fan höör produkten het mit däi joren ofnoomen.
1166326	Beinahe eintausend Personen nahmen an der Demonstration teil.	Hóóst äinduusend persoonen namment an däi demonstróósjoon däil.
1169837	Schnell!	Gaau!
1170109	Du brauchst kein Wörterbuch benutzen, wenn du dieses Buch liest.	Duu bruukst kiin woordenbauk bruuken, doo duu dit bauk lest.
1170411	Experten sagen, dass der Kaffeepreis hauptsächlich deshalb steigt, weil die Leute bereit sind, mehr zu bezahlen.	Eksperten säegent, dat däi kofjepriis hoovdsóókelk stiğt, um dat däi lüü beräid bünt, meer t' betóólen.
1172598	Ich weiß noch ganz genau, dass er zwei Pistolen in den Fluss geworfen hat.	Ik wäit noch häil genaau, dat häi twei pistoolen in d' äj smeeten het.
1172930	Es war ein sonniger Tag, als wir zum Einkaufszentrum fuhren.	Dat was 'n sünniğ dağ doo wii nóó 't inkoopstsentrum tau furent.
1175823	Einige Leute denken, dass es für einen Englisch-Muttersprachler schwer ist, Chinesisch zu lernen, aber da widerspreche ich.	Enkeld lüü denkent, dat 't föör 'n Engelsk-maudertóólprooter stur is, Skiineesk t' leeren, man dor proot ik teegen.
1176478	Beim Nachbarn ist das Gras immer grüner.	Bii d' nóóber is dat gres altiid gröyner.
1176561	Als er sich gerade unter einem Baum ausruhte, fiel ihm ein Apfel auf den Kopf.	Doo häi sük net unner 'n boom ferhool, ful hum 'n appel up d' kop.
1177138	Wie viele Zimmer gibt es bei Ihnen auf der zweiten Etage?	Woo fööl kóómers gift dat bii Jau up d' twäied etóózje?
1177139	Schreiben Sie einen kurzen Aufsatz.	Skriivent Jii 'n lütje upsats.
1177405	Der Premierminister stattete dem Weißen Haus einen offiziellen Besuch ab.	Däi premjeeminister dee dat Wiet Huus 'n offisjäel besöyk ofstatten.
1177811	Wenn Sie genau hinsehen, werden Sie feststellen, dass die Kiste einen doppelten Boden hat.	Doo Jii genaau henkiikent, söölent Jii faststellen, dat däi kiest 'n dübbeld boom het.
1179267	Tom rief Mary an, um ihr zu sagen, dass er möglicherweise später am Nachmittag ihre Hilfe benötige.	Tom reep Mary an, um höör t' säegen, dat häi möögelkerwîis lóóterweğ up d' nóómiddağ höör hüelp bruukde.
1179270	Du hast doch vorgeschlagen, diesen Film zu sehen.	Duu hest doch föörslóón, disser film t' kiiken.
1179553	Regelmäßig die Hände zu waschen ist ein guter Weg, sich vor Krankheiten zu bewahren.	Reegelmóótiğ däi hâan t' waaskern is 'n gâaud weğ, sük fööer krankhaiden t' beworen.
1179837	Es erschien mir deutlich, dass der Plan einige Verbesserungen nötig hatte.	Dat leet mii düüdelk, dat däi plóón wat ferbeeterns nöödiğ haar.
1181810	Er verschwand in einer dunklen Ecke hinten im Laden.	Häi ferdween in 'n düüster hauk achter in d' winkel.
1183135	Tom kann nicht über dreißig sein. Er sieht wie um die achtzehn aus.	Tom kan näit oover daartiğ weesen. Häi let't as um däi achttain.
1183773	Die Weltgeschichte ist voll von Geschichten verkannter Genies.	Däi weerldhistoorje is ful fan geskichten fan ferkent zjeniis.
1184678	Sterne funkelten am Himmel.	Steerns tinkeldent an d' heemel.
1184881	Ich habe die Kinder angewiesen, ruhig zu sein, aber sie haben weiter Lärm gemacht.	Ik heb däi kinner anweesen, rüstiğ t' weesen, man säi hebbent wiider skendóól móókt.
1184948	Ich glaube du bist die Frau, auf die ich mein ganzes Leben gewartet habe.	Ik lööv duu büst däi frâau, up däi ik miin häiel leevend wacht't heb.
1185499	Cesar Chavez bat die Streikenden, auf Gewalt zu verzichten, selbst wenn die Farmbesitzer und ihre Helfer manchmal Gewalt anwendeten.	Cesar Chavez beed'de däi straikenden, up gewalt t' fertsichten, sülst doo däi faarmbesitters un höör helpers of un an gewalt anwenden deedent.
1186037	Am Morgen nach meiner Ankunft dort ging ich im Eichenwald spazieren.	Up d' mörn nóó miin ankumst dor gung ik in d' äikenwald kaiern.
1186038	Sie kann einfach nicht ihren Mund halten, nicht mal für eine Sekunde.	Säi kan äinfach näit höör bek hollen, näit móól föör 'n sekuen.
1187107	Viele Leute wurden auch dieses Jahr gegen Grippe geimpft.	Fööl lüü wurdent ook fanjoer teegen griep imft.
1187108	Auch dieses Jahr sind viele Menschen gegen Grippe geimpft worden.	Ook fanjoer bünt fööl minsken teegen griep imft worden.
1187133	Mit den Nachbarn mitzuhalten ist in reichen Städten wie Beverly Hills sehr teuer.	Mit däi nóóbers mit t' hollen is in rîik steeden as Beverly Hills läip dür.
1187215	Tom konnte die Tür nicht aufschließen, weil er den falschen Schlüssel hatte.	Tom kun däi dööer näit oopensluuten, um dat häi däi ferkeert slöödel haar.
1187246	Tom kommt aus einer Kultur, in der Frauen künstlich ihre Lippen färben und ihre Ohrläppchen durchlöchern.	Tom kumt uut 'n kultüer, wor fraaulüü künstelk höör lippen faarvent un höör oorlappen döörgatjent.
1187581	Tom kam nach dem Unterricht zu mir und stellte mir ein paar Fragen.	Tom kwam nóó d' unnerricht bii mii un stelde mii 'n poer fróógen.
1187775	Je alberner ein Kind ist, um so goldiger erscheint es seinen Eltern.	Woo alberner 'n kind is, woo golliger skint 't föör siin ollen.
1188523	Ich besuche gerade meine Großmutter im Krankenhaus.	Ik besöyk net akróót miin bäep in 't krankenhuus.
1189298	Ich werde morgen nicht kommen können. Ich hoffe, ihr schafft es ohne mich.	Ik sal mörn näit koomen köönen. Ik hoop, jii skaffent dat sünner mii.
1190291	Isst du gewöhnlich mehr als fünf Pizzaschnitten pro Monat?	Etst duu gewoon meer as fiif pitsósneeden pro móónd?
1190293	Es war ungemein aufregend, zu dieser Zeit in Boston zu sein.	Dat was häil upreegend, teegen disser tiid in Boston t' weesen.
1190311	Es ist sehr nett von Ihnen, mich zu Ihrer Geburtstagsfeier einzuladen.	Dat is läip net fan Jau, mii tau Jau boorsdóóğsfier t' nöygen.
1192554	Als ich das Café betrat, sahen sich gerade zwei junge Männer Catchen im Fernsehen an.	Doo ik dat kafee betrad, sağğent sük net akróót twei jueng manlüü catchen up 't feersäin an.
1194357	Vögel können Tausende von Kilometern fortfliegen und kommen jedes Jahr an denselben Ort zurück.	Föögels köönent duusenden fan kilomeeters weğfläigen un kooment elker joer nóó d' sülviğ stee t'rüeğ.
1195768	Ich habe gehört, man solle nie seine erste Liebe heiraten.	Ik heb höört, man sul noojt siin êerst läieft traauen.
1196448	Kreativität ist die Fähigkeit, bekannte Elemente in neuer, ungewohnter Weise zu kombinieren.	Kreóótiivitäit is däi feeiğkaid, bekent elementen in näej, unwent wîis t' kumbinäären.
1196502	Hast du dich entschieden, ob du dein Haus verkaufst oder nicht?	Hest duu dii undslooten, of duu diin huus ferköfst of näit?
1196828	Sollte er zu spät kommen, können Sie mit der Konferenz ohne ihn anfangen.	Sul häi t' lóót koomen, köönent Jii mit däi kunferens sünner hum anfangen.
1197158	Während schwerer Zeiten könnten die Leute nicht auf Reisen gehen, aber es könnte sein, dass sie bereit sind, für guten Kaffee zuzuzahlen.	Unner stuer tiiden kunnent däi lüü näit up raajsen góón, man dat kun weesen, dat säi beräid bünt, föör gâaud kofje tau t' betóólen.
1197819	Tom sagt, dass er in letzter Zeit nicht in der Lage ist, genug Schlaf zu bekommen.	Tom säeğt, dat häi in d' läest tiid näit kumpóóbel is, nauğ slóóp t' kriigen.
1197843	Tom sagt, dass er heute Abend keine Lust auf Bier hat.	Tom säeğt, dat häi fanóóvend kiin lüst up bäär het.
1198496	Sollte er später kommen, können Sie mit der Konferenz ohne ihn anfangen.	Sul häi lóóter koomen, köönent Jii mit däi kunferens sünner hum anfangen.
1204058	Der letzte Sommer war außergewöhnlich kalt und die Reisernte war die schlechteste in zehn Jahren.	Däi ferleeden sömmer was buutengewoon kold un däi riisâarnt was däi släechst in tain joer.
1204387	Das Kaufen und Verkaufen persönlicher Daten von Leuten wird eine wichtige Angelegenheit.	Dat koopen un ferkoopen fan persöönelk dóóten fan lüü word't 'n wichtiğ baudel.
1204576	Sie waren alle so müde, dass sie nur noch gähnen konnten.	Säi wassent âal soo möej, dat säi bloot noch góópen kunnent.
1205578	Als Jugendlicher wusste er nicht, dass er später einmal berühmt werden sollte.	As jööğdelk wus häi näit, dat häi lóóter insent beraumt worden sul.
1205582	Ich habe zu viel getrunken, und es kam mir vor, als würde der Boden unter den Füßen wackeln.	Ik heb t' fööl drunken, un 't kwam mii fööer, as dee däi grund unner d' fauten waageln.
1205870	Wenn sich die Menschheit nicht um die Umwelt kümmert, könnte die Umwelt die Menschheit auslöschen.	Doo sük däi minskhaid näit um däi umweerld kümmern daajt, kun däi umweerld däi minskhaid uutleskern.
1206416	Ein Mann kann mit jeder Frau glücklich werden, solange er sie nicht liebt.	'N keerl kan mit elker frâau glükkelk worden, soo lâang häi höör näit läivt.
1206418	Ein Mann ist so alt, wie er sich fühlt, und eine Frau so alt, wie sie aussieht.	'N keerl is soo old, as häi sük föylt, un 'n frâau soo old, as säi let't.
1207867	Weißt du, wie viele Menschen bei dem gestrigen Flugzeugabsturz starben?	Wäist duu, woo fööl minsken bii däi güsterğ fluğtsoiğofstört stüürvent?
1207875	Es spielt für mich keine Rolle, ob ich damit Geld verdiene oder nicht.	Dat spöölt föör mii kiin ruel, of ik d'r geld mit ferdäinen dau of näit.
1207881	Es ist lange her, dass ich Tom sein Baritonsaxofon spielen gehört habe.	Dat is lâang heer, dat ik Tom siin baaritonsaksofoon spöölen höört heb.
1207883	Es ist lange her, dass ich Libellen in diesem Gebiet gesehen habe.	Dat is lâang heer, dat ik peerdjes in dit gebiit säin heb.
1207973	Tom war versucht zu gehen, entschied sich aber im letzten Moment anders.	Tom was ferled't t' góón, man undsked sük up d' läest moment anners.
1208773	Du bist die einzige Person, die ich kenne, außer mir selbst, die nicht gern Baseball sieht.	Duu büst däi enkeld persoon, däi ik ken, behalven mii sülst, däi näit geern baseball kikt.
1210403	Es gibt einen Bustransfer zum Ginza Tokyu Hotel.	Dat gift 'n bustransfer nóó 't Ginza Tokyu hotel.
1211007	Tom braucht das Auto nicht zu waschen. Mary hat es schon gewaschen.	Tom bruukt dat aauto näit t' waaskern. Mary het 't al wuskern.
1211673	Es war äußerst heiß, also zog ich meinen Mantel aus.	Dat was häit as man wat, alsoo truk ik miin mantel uut.
1214605	Als ich auf Besuch in ihre Wohnung kam, war das Paar mitten in einem Streit.	Doo ik up fersîit in höör woonen kwam, was dat poer midden in 'n skäel.
1217600	Tom weiß nicht, mit wem Mary plant zum Ball zu gehen.	Tom wäit näit, mit wel Mary plóónt nóó d' bâal t' góón.
1217605	Tom weiß nicht, ob er Marys Angebot akzeptieren oder ablehnen soll.	Tom wäit näit, of häi Mary höör anbod akseptäären of ofleenen sal.
1217607	Tom weiß nicht, ob Mary mit dem Auto oder dem Fahrrad kommen wird.	Tom wäit näit, of Mary mit aauto of mit fîits koomen sal.
1217613	Tom weiß nicht, ob Mary jünger oder älter als er ist.	Tom wäit näit, of Mary junger of oller is as häi.
1217615	Tom weiß nicht, ob Mary die Wahrheit sagt oder nicht.	Tom wäit näit, of Mary däi worhaid säeğt of näit.
1217753	Tom weiß nicht, was aus Mary wurde, nachdem sie das Abitur gemacht hatte.	Tom wäit näit, wat uut Mary wur, nóódeem säi dat abitüer móókt haar.
1218082	Gossendeckel sind rund, weil sie so nicht durch das Loch fallen können.	Gullydeksels bünt rund, um dat säi soo näit döör 't gat faalen köönent.
1218676	Ein Sumo-Ringer hat kein Problem damit, 20.000 Kalorien am Tag zu sich zu nehmen.	'N sumo-ringer het kiin probleem d'r mit, 20.000 kaloriien up d' dağ tau sük t' neemen.
1218677	Einem Sumo-Ringer macht es nichts aus, 20.000 Kalorien am Tag zu sich zu nehmen.	'N sumo-ringer móókt 't niks uut, 20.000 kaloriien up d' dağ tau sük t' neemen.
1218690	Ein Genie besteht aus einem Prozent Inspiration und 99 Prozent Schweiß.	'N zjenii bestaajt uut äin prosent inspiróósjoon un 99 prosent swäit.
1218876	Ich freute mich auf die Aussicht auf den Fuji, aber leider blieb er völlig hinter den Wolken verborgen.	Ik fraajde mii up d' uutsicht up däi Fuji, man spiitelkerwîis bleev häi häil achter d' wulken ferburgen.
1218909	Du weißt, dass dein Englisch gut ist, wenn die Leute aufhören, dir Komplimente zu machen, wie gut dein Englisch ist.	Duu wäist, dat diin Engelsk gaud is, doo däi lüü uutskaajent, dii kumpelmenten t' móóken, woo gaud diin Engelsk is.
1218935	Wir saßen friedlich beim Abendessen, als ganz plötzlich das Licht ausging.	Wii sattent freedelk bii 't óóvendeeten, doo häil t'móól dat lücht uutgung.
1218941	Ich finde allein die Erinnerung an seine übertrieben höflich bevormundende Art wirklich widerwärtig.	Ik fin alleniğ dat heerinnern an siin ooverdreeven hoffelk beföörmünnend ord wies eekeliğ.
1218986	Tom sagte mir, dass er nicht mit leeren Händen nach Hause kommen wollte.	Tom see teegen mii, dat häi näit mit lêeğ hâan nóó huus tau koomen wul.
1220737	Ehrlich gesagt ist er eher ein Heuchler als ein Patriot.	Eerelkgesäeğt is häi eerder 'n hoichler as 'n póótrioot.
1221064	Bis 2020 wird sich die Bevölkerung unserer Stadt verdoppelt haben.	Bit 2020 sal sük dat befolken fan us stad ferdübbelt hebben.
1222846	Das ist eine seltsame Frage.	Dat is 'n wunnerlîik fróóeğ.
1223077	Ein Mensch, der nie eine Schule besuchte, stiehlt vielleicht etwas aus einem Güterwagen, aber wenn er eine Universitätsausbildung hat, könnte er die ganze Eisenbahn stehlen.	'N minsk, däi noojt 'n skaul besöyken dee, steelt fiilicht wat uut 'n frachtwóógen, man doo häi 'n uniwersitäitsuutbilden het, kun häi däi häiel iisderbóón steelen.
1224125	Du musst aufhören dich ständig über Dinge zu beschweren, die man nicht ändern kann.	Duu maust uphollen dii altiid oover dingen t' beklóógen, däi man näit annern kan.
1225367	Ohne deine Hilfe wären wir nicht imstande, unseren Plan auszuführen.	Sünner diin hüelp wassent wii näit kumpóóbel, us plóón uut t' fören.
1225459	Ich weiß vielleicht nicht viel, aber ich weiß, dass Tom nicht weiß, worüber er gerade spricht.	Ik wäit fiilicht näit fööl, man ik wäit, dat Tom näit wäit, wor häi net oover proot't.
1225772	Du kannst von unserer Website Tondateien von Muttersprachlern herunterladen.	Duu kaast fan us websiid toondóótäjen fan maudertóólprooters dóólhóólen.
1227163	Es gibt nichts, was ich jemals sagen könnte, das Tom dazu bringen würde, seine Ansicht zu ändern.	Dat gift niks, wat ik oojt säegen kun, dat Tom d'r tau brengen dee, siin ansicht t' annern.
1227173	Auf keinen Fall hätte Tom das Geld stehlen können, ohne gesehen worden zu sein.	Kiinssins haar Tom dat geld steelen kunt, sünner säin worden t' weesen.
1227216	Die Polizei schaute überall und konnte keine Spur von Tom finden.	Däi politsai keek allerweegens un kun kiin spôor fan Tom finnen.
1229274	Als er die Türe öffnete, roch er sofort, dass etwas brannte.	Doo häi däi dööer oopendee, rook häi fut, dat wat braande.
1231181	Mir schwant Böses.	Mii swóónt kwóóds.
1231931	Tom weiß nicht, ob Mary ihn morgen begleiten wird oder nicht.	Tom wäit näit, of Mary hum mörn begläiden sal of näit.
1232108	Die Regierung hat beschlossen, eine spezielle Steuer auf sehr hohe Einkommen einzuführen.	Dat regäären het beslooten, 'n spesjäel stüer up läip hôoğ inkoomens in t' fören.
1233333	Das war eine böse Überraschung.	Dat was 'n kwóóed ferraskern.
1234153	Tom weiß nicht, ob er es kann, aber er wird es versuchen.	Tom wäit näit, of häi 't kan, man häi sal 't fersöyken.
1234504	Tom kennt nicht den Unterschied zwischen Wikingern und Norwegern.	Tom kent näit däi ferskeel tüsken Wiikingers un Nörweegers.
1234538	Tom kennt nicht den Unterschied zwischen einer Fabel und einem Märchen.	Tom kent näit däi ferskeel tüsken 'n fóóbel un 'n maarke.
1234728	Tom kennt nicht den Unterschied zwischen einem Wein und einem Champagner.	Tom kent näit däi ferskeel tüsken 'n wiin un 'n sjampanjer.
1234854	Tom kennt nicht den Unterschied zwischen einem Maultier und einem Esel.	Tom kent näit däi ferskeel tüsken 'n muuldäär un 'n eesel.
1234858	Tom kennt nicht den Unterschied zwischen einem Diamanten und einem Smaragd.	Tom kent näit däi ferskeel tüsken 'n dióómant un 'n smaragd.
1236128	Da sie selbst keine Kinder hatten, beschlossen sie, ein Mädchen zu adoptieren.	Um dat säi sülst kiin kinner haarent, beslootent s', 'n wicht t' adoptäären.
1238015	Ein Atomkrieg wird die Vernichtung der Menschheit mit sich bringen.	'N atoomoorlauğ sal dat fernichten fan d' minskhaid mit sük brengen.
1238017	Mit dem Werden des Frühlings kommt schrittweise alles wieder zum Leben.	Mit dat worden fan 't fö'joer kumt äingóól âals weer tau 't leevend.
1239547	Die stetigen Grenzkämpfe zwischen England und Schottland hörten auf.	Däi stóódiğ grenskemfen tüsken Engelland un Skotland hullent up.
1239556	Das ist so ein leichtes Problem, dass es jeder Student lösen kann.	Dat is soo 'n makkelk probleem, dat 't elker stuudent löesen kan.
1243425	Tom hätte überleben können, wenn der Rettungswagen etwas früher gekommen wäre.	Tom haar ooverleeven kunt, doo däi reddenswóógen wat eerder koomen was.
1243504	Darum geht es.	D'r gaajt 't um.
1248001	Morgen gehen wir zur Schule, um uns für die Kurse einzutragen, die wir belegen wollen.	Mörn góónt wii nóó d' skaul, um us föör däi kursen in t' dróógen, däi wii beläegen willent.
1248007	Es ist unmöglich für mich, meine Semesterarbeit bis morgen fertig zu haben.	Dat is unmöögelk föör mii, miin seemesteraarbaid bit mörn klor t' hebben.
1248011	Ich möchte diesen Brief bis morgen ins Englische übersetzt haben.	Ik wil disser bräif bit mörn in 't Engelsk ooverset't hebben.
1248066	Schimpansen haben gewöhnlich ihr erstes Kind mit 13, Menschen mit 19 Jahren.	Skimpansen hebbent f'r n'rmóól höör êerst kind mit 13, minsken mit 19 joer.
1251350	Du kannst mich besuchen kommen, wann immer es dir passt.	Duu kaast bii mii up fersîit koomen, soo as dii 't paast.
1251402	Wenn Sie das Buch ausgelesen haben, bringen Sie es in die Bibliothek zurück.	Doo Jii dat bauk uutleesen hebbent, brengent Jii 't in d' bibliotäik t'rüeğ.
1251405	Wenn du das Buch ausgelesen hast, bring es in die Bibliothek zurück.	Doo duu dat bauk uutleesen hest, breng 't in d' bibliotäik t'rüeğ.
1251423	Mein Großvater machte es sich zur Regel, vor dem Frühstück spazieren zu gehen.	Miin besfóóer mook sük dat tau d' reegel, fööer 't früüstük kaiern t' góón.
1251425	Mein Großvater machte es sich zur Gewohnheit, vor dem Frühstück einen Spaziergang zu machen.	Miin besfóóer mook 't sük tau d' wenst, fööer 't früüstük 'n kaierpad t' móóken.
1251449	Wenn du deine Versprechen nicht hältst, nehmen dich die Leute nicht mehr ernst.	Doo duu diin beloovens näit holst, neement dii däi lüü näit meer eernst.
1251450	Wenn man Versprechen nicht hält, nehmen einen die Leute nicht mehr ernst.	Doo man beloovens näit holt, neement äien däi lüü näit meer eernst.
1253353	Ich bin der Meinung, dass Not die Mutter der Erfindung ist.	Ik bün fan 't mäinen, dat nood däi mauder fan 't erfinnen is.
1257465	Ich kann meine Brille nicht finden. Vielleicht habe ich sie im Zug liegen lassen.	Ik kan miin briel näit finnen. Fiilicht heb ik hum in d' tsuğ liegen lóóten.
1259829	Der arme Tom versucht schon seit drei Stunden einzuschlafen.	Däi âarm Tom fersöcht al siit drei stüen in t' slóópen.
1261020	Dass ich barfuß war, störte ihn offensichtlich mehr als alles andere.	Dat ik up blôot fauten was, stöörde hum oopensichtelk meer as âal anner.
1262303	Hättest du mich um Rat gefragt, würdest du jetzt nicht so in der Patsche sitzen.	Haarst duu mii um róód frağt, deest duu nuu näit tüsken dööer un drüppel sitten.
1263702	Als sie die Nachricht vom Tod ihres Sohnes hörte, brach sie augenblicklich in Tränen aus.	Doo säi däi nóóricht fan d' dood fan höör jung höörde, brook säi fut in tróónen uut.
1263728	Wir führen Edisons Erfolg auf Intelligenz und harte Arbeit zurück.	Wii förent Edison siin erfolğ up intelligens un hâard aarbaid t'rüeğ.
1263751	Was hast du gedacht, als du mich zum ersten Mal überhaupt getroffen hast?	Wat hest duu docht, doo duu mii föör 't êerst móól ooverhôop druepen hest?
1263982	Eine Sache, die du über mich wissen solltest, ist, dass ich jeden Freitag Abend Poker spiele.	Äin sóóek, däi duu oover mii wäiten sust, is, dat ik elker freidóóğóóvend poker spööl.
1265881	Man rechnet mit einem Anstieg der Weltmeere um 50 Zentimeter bis zum Ende des nächsten Jahrhunderts.	Man reekent mit 'n anstiigen fan däi weerldsäjen um 50 tsentimeeter bit tau 't äen fan 't tauken jorhunnert.
1275134	Ich spreche Englisch nicht als Muttersprache, und mir wird klar, dass ich noch viel zu lernen habe.	Ik proot Engelsk näit as maudertóól, un mii word't klor, dat ik noch fööl t' leeren heb.
1275489	Sag mir den Grund, warum du auf dem Land leben willst.	Säeğ mii däi grund, woosoo duu up 't land leeven wult.
1284048	Tom kennt nicht den Unterschied zwischen Astronomie und Astrologie.	Tom kent näit däi ferskeel tüsken astronoomii un astroloogii.
1286194	Um die Wahrheit zu sagen, ich hatte unsere Verabredung ganz vergessen.	Um däi worhaid t' säegen, ik haar us ofprooten häil fergeeten.
1286197	Ohne Pass kommt es nicht in Frage, das Land zu verlassen.	Sünner pas kumt 't näit in fróóeğ, dat land t' ferlóóten.
1286233	Wenn du weiter soviel trinkst, wirst du womöglich als Alkoholiker enden.	Doo duu wiider soo fööl drinkst, sast duu meskiin as alkohoolikker ennen.
1286234	Wenn ich bei einem schreienden Baby bin, will ich am Ende selbst schreien!	Doo ik bii 'n skräiwend baby bün, wil ik amäen sülst skräiwen!
1287753	Tom hat sich gewünscht, dass sich seine Mitschüler gegenseitig mit mehr Respekt behandeln würden.	Tom het sük wünskert, dat sük siin mitskaulers teegennanner mit meer respekt behanneln deedent.
1287756	Tom ist der Typ eines Menschen, der gerne diskutiert, nur um des Diskutierens willen.	Tom is dat tsoord minsk, däi geern diskutäärt, bloot um t' diskutäären.
1293511	Er ist der Typ Mann, der lieber Topflappen häkelt als Abenteuer zu suchen.	Häi is däi tüüp fan keerl, däi läiver potlappen heekelt as eeventüren t' söyken.
1293643	Die Telefonnummer für die Telefonkonferenz am Donnerstagabend ist 415-904-8873.	Däi telefoonnummer föör däi telefoonkunferens up d' dönnerdóóğóóvend is 415-904-8873.
1293718	Ich habe dieses Lied so oft im Radio gehört, dass ich es zunehmend gehasst habe.	Ik heb dit läid soo fóók up 't róódio höört, dat ik 't tauneemend hóót't heb.
1294593	Ich dachte mir, dass es nicht wehtun würde, ein paar Minuten mehr zu warten.	Ik doch mii, dat 't näit seer daun sul, 'n poer menüüten meer t' wachten.
1294624	Ich habe vor, alles hier wegzuschmeißen. Du kannst nehmen, was du willst.	Ik heb fööer, âals hir weğ t' smiiten. Duu kaast neemen wat duu wult.
1295395	Das Lehrbuch zeigt die Bedeutung jedes einzelnen Wortes mit einem Bild.	Dat leerbauk wist dat bedüüden fan elker enkeld woord mit 'n bild.
1295487	Ich würde es vorziehen, Leute anzustellen, nur um in ihre Muttersprache zu übersetzen.	Ik dee dat föörtrekken, lüü an t' stellen, bloot um in höör maudertóól t' ooversetten.
1300730	Er war überrascht zu sehen, dass das Meisterstück des großen Künstlers verkehrt herum an der Wand hing.	Häi was ferraskert t' säin, dat dat maisterstük fan däi grôot künstler ferkeert um an d' müer hung.
1301392	Wer kämpft, kann verlieren. Wer nicht kämpft, hat schon verloren.	Wel kemft kan ferläisen. Wel näit kemft, het al ferlooren.
1302156	Es war unmöglich, sich eine wirklich zufriedenstellende Lösung einfallen zu lassen.	Dat was unmöögelk, sük 'n würrelk befreedigend löesen infaalen t' lóóten.
1305045	Wenn es so weitergeht, ist das Risiko hoch, dass unser Land noch mehr an Wettbewerbsfähigkeit verlieren wird.	Doo 't soo wiidergaajt, is däi risiko hooğ, dat us land noch meer an wedbewaarfsfeeiğkaid ferläisen sal.
1305355	Laserdrucker sind in der Regel günstiger im Unterhalt als Tintenstrahldrucker.	Laserdrükkers bünt in d' reegel billiger in d' unnerhold as enktstróóldrükkers.
1305990	Es waren nicht mehr als hundert Passagiere an Bord der Fähre.	D'r wassent näit meer as hunnert passóózjäären an boord fan d' fêer.
1306019	Die Verkehrsprobleme unserer Stadt sind geringfügig verglichen mit Hauptstädten wie London oder New York.	Däi ferkeersprobleemen fan us stad bünt kläinachtiğ fergleeken mit hoovdsteeden as London of New York.
1306735	Tom blätterte durch die Zeitschrift, die auf dem Wohnzimmertisch lag.	Tom blóóderde döör däi tiidskrift, däi up d' woonkóómertóóvel lağ.
1307756	Ohne deine Hilfe könnte ich das zweifellos nicht tun.	Sünner diin hüelp kun ik dat unbetwiivelt näit daun.
1308948	Meine Güte! Was für eine große Kiste!	Düüvel! Wat 'n grôot kiest!
1308950	Meine Güte! Was für ein großer Kasten!	Och heerkes! Wat 'n grôot kâast!
1308951	Meine Güte! Was für ein großer Karton!	Och heerkes! Wat 'n grôot kartong!
1309358	Wir können unserem Leben keine Tage hinzufügen, doch wir können unseren Tagen Leben hinzufügen.	Wii köönent us leevend kiin dóógen taufaugen, doch wii köönent us dóógen leevend taufaugen.
1313057	Es wichtig, dass der Lernende weiß, was in der Prüfung erwartet werden kann.	Dat is wichtiğ, dat däi leerend wäit, wat in 't prüüfen ferwacht't worden kan.
1315448	Du siehst zufrieden aus.	Duu letst t'free.
1315449	Ihr seht zufrieden aus.	Jii lóótent t'free.
1315450	Sie sehen zufrieden aus.	Säi lóótent t'free.
1315659	Sie sind ein guter Koch.	Jii bünt 'n gâaud kok.
1317710	Ihr könnt auf ihn zählen.	Jii köönent up hum tellen.
1321134	Ich möchte in China studieren, um mein Chinesisch auf ein höheres Niveau zu bringen.	Ik wil in Skiinó stuudäären, um miin Skiineesk up 'n hoogerder niwo t' brengen.
1321925	Papa, lass uns gegenseitig Fratzen schneiden und sehen, wer es am längsten aushält, ohne zu lachen.	Bâab, lóót us t'sóómen grimassen móóken un kiiken, wel 't lâangst fulhollen daajt, sünner t' laagen.
1325339	Die Debatte darüber, welcher Gutachter herangezogen wird, ging über Stunden.	Däi debâat d'r oover, wekker gaudachter noomen word't, gung oover stünnen.
1328194	Sie liebt ihn noch immer, auch wenn er sie nicht mehr liebt.	Säi läivt hum noch altiid, ook doo häi höör näit meer läivt.
1328500	Tom wollte, dass Mary verstand, warum er nicht mit ihr leben konnte.	Tom wul, dat Mary begreep, woosoo häi näit mit höör leeven kun.
1329597	Da ich ihn vorher schon einmal getroffen hatte, erkannte ich ihn gleich.	Um dat ik hum föördeem al móól druepen haar, erkende ik hum fut.
1329772	Da das Licht in seinem Zimmer an ist, muss er heimgekommen sein.	Um dat dat lücht in siin kóómer an is, maut häi häimkoomen weesen.
1331194	Da die Heizung kaputt zu sein scheint, lass ich ihn sie reparieren.	Um dat däi haitsung köt t' weesen skint, lóót ik hum hum reparäären.
1331269	Als ich aus dem Gefängnis kam, haben meine Ex-Frau und ich wieder geheiratet.	Doo ik tau 't gefangenis uut kwam, hebbent miin eks-frâau un ik weer traaut.
1331317	Sie sollten Meinungen nicht das gleiche Gewicht geben, wie Sie es bei Fakten tun.	Jii sullent mäinens näit dat sülviğ gewicht geeven, as Jii 't bii fakten daunt.
1331321	Entschuldigung, aber ich habe nicht verstanden, was Sie auf Englisch gesagt haben.	Perdong, man ik heb näit begreepen, wat Jii up Engelsk säeğt hebbent.
1331323	Er übt jeden Tag Klavier, damit er Pianist werden kann.	Häi öyvt elker dağ klewäär, dat häi pióónist worden kan.
1331325	Ich versuchte, die Tür zu öffnen, aber ich konnte nicht, weil sie abgeschlossen war.	Ik fersöch, däi dööer oopen t' móóken, man ik kun näit, um dat häi up slöt was.
1331372	Ich konnte nicht helfen, war aber enttäuscht, als ich die Nachrichten hörte.	Ik kun näit helpen, man was t'löörstelt, doo ik däi nóórichten höörde.
1331386	Ich hatte geplant, ihn anzurufen, änderte aber meine Meinung und tat es nicht.	Ik haar plóónt, hum an t' raupen, man annerde miin mäinen un dee 't näit.
1335120	Man muss die Tatsachen kennen, bevor man sie verdrehen kann.	Man maut däi dóódsóóken kennen, eer man höör ferdraajen kan.
1338454	Wir sehen mit den Augen, hören mit den Ohren, berühren mit der Haut, riechen mit der Nase und schmecken mit der Zunge.	Wii kiikent mit däi oogen, höörent mit däi ooren, berörent mit däi huud, ruukent mit däi nööes un smóókent mit däi tueng.
1338557	Als ich den Kühlschrank öffnete, bemerkte ich, dass das Fleisch verdorben war.	Doo ik däi köylskap oopenmook, wur ik gewoer, dat dat fläisk ferdüürven was.
1339052	Tom hat sich eine Tüte Äpfel gekauft und an einem Tag ein Drittel davon verspeist.	Tom het sük 'n püüt appels köft un up äin dağ 'n daardel d'r fan ferspiist.
1339464	Er öffnete die Tür und im selben Moment nahm er Brandgeruch wahr.	Häi mook däi dööer oopen un up d' sülviğ moment nam häi brandröök woer.
1340064	Ist es gut für die Gesundheit jeden Tag eine Knoblauchzehe zu essen?	Is 't gaud föör d' sundhaid elker dağ 'n knuuflooktööntje t' eeten?
1340521	Die Regierung bat das Militär eine Katastrophen-Truppe nach Okinawa zu schicken.	Dat regäären beed'de dat militeer 'n katastroofen-truep nóó Okinawó t' stüren.
1342099	Tom änderte seine Meinung, nachdem er lange über die Sache nachgedacht hatte.	Tom annerde siin mäinen, nóódeem häi lâang oover däi sóóek nóódocht haar.
1343494	Möchtest du Eis?	Wult duu iis?
1343495	Möchtet ihr Eis?	Willent jii iis?
1343496	Möchten Sie Eis?	Willent Jii iis?
1343507	Du hast die Regel gebrochen.	Duu hest däi reegel brooken.
1343508	Ihr habt die Regel gebrochen.	Jii hebbent däi reegel brooken.
1343509	Sie haben die Regel gebrochen.	Säi hebbent däi reegel brooken.
1343527	Die Region brüstet sich mit den schönsten Frauen des Landes.	Däi regjoon kropt sük mit däi môojst fraaulüü fan 't land.
1344043	Du bist ein echter Kerl.	Duu büst 'n räecht keerl.
1344044	Sie sind ein echter Kerl.	Jii bünt 'n räecht keerl.
1348073	Nichts geht über ein Glas Bier nach einem vollen Arbeitstag.	Niks gaajt booven 'n glas bäär nóó 'n fuel aarbaidsdağ.
1350837	Er wartet nicht gern bis zum letzten Moment, um etwas zu machen.	Häi wacht näit geern bit tau d' läest moment, um wat t' móóken.
1353020	Eine Sache, die mich am iPad stört, ist, dass man Apps, die über in Apples App-Store erhältlich sind, nicht einfach installieren kann.	Äin sóóek, däi mii an 't iPad stöört, is dat man apps, däi oover Apple höör App-Store t' ferkriigen bünt, näit makkelk installäären kan.
1353271	Dieses Problem ist zu simpel, daher lohnt es sich kaum, es zu diskutieren.	Dit probleem is t' simpel, düs loont 't sük bold näit, dat t' diskutäären.
1353274	Dieses Problem ist zu schlicht; also lohnt es sich kaum, darüber zu diskutieren.	Dit probleem is t' sliecht; alsoo loont 't sük bold näit, d'r oover t' diskutäären.
1356029	1860 wurde Lincoln zum Präsidenten der Vereinigten Staaten gewählt.	1860 wur Lincoln tau d' president fan d' Feräint Stóóten weelt.
1358866	Es scheint draußen warm zu sein.	Dat skint up buuten waarm t' weesen.
1358869	Letzte Nacht war es heiß.	Ferleeden nacht was 't häit.
1361866	Tom sagte, dass er dachte, dass Mary wüsste, von wem John hoffte, dass er die Wahl gewinnen würde.	Tom see, dat häi doch, dat Mary wus, fan wel John hoopde, dat häi däi wóól winnen sul.
1361910	Es ist mir absolut nicht möglich, die Arbeit an einem Tag zu erledigen.	Dat is mii absluut näit möögelk, däi aarbaid up äin dağ klor t' kriigen.
1362480	Sie blieb dem Unterricht fern.	Säi bleev weğ fan d' unnerricht.
1366166	Spezialisten sind Leute, die nur eine Saite auf ihrer Fiedel haben.	Spesjóólisten bünt lüü, däi man äin snoer up höör fiidel hebbent.
1368486	Benjamin Franklin war ein amerikanischer Politiker und Erfinder.	Benjamin Franklin was 'n amerikóónsk politikker un erfinner.
1370550	Eine Lüge kann um die halbe Welt reisen, während die Wahrheit noch ihre Schuhe anzieht.	'N löögen kan um däi hâalf weerld raajsen, wiilst däi worhaid noch höör skau antrekt.
1372201	Ich gehe heute Nachmittag mit meinem Sohn in den Zoo.	Ik góó fannóómiddağ mit miin jung in d' tsoo.
1385560	George Washington wurde am zweiundzwanzigsten Februar des Jahres siebzehnhundert zweiunddreißig geboren.	George Washington wur up d' tweiuntwintiğst feeberwoi fan 't joer söömtainhunnert tweiundaartiğ booren.
1385766	Für unsere Sache hängt alles davon ab, ob das Regierungshandeln verfassungsgemäß war oder nicht.	Föör us sóóek hangt âals d'r fan of, of dat regäärenshanneln nóó 't ferfóóten was of näit.
1386599	Die Titanic sank auf ihrer Jungfernfahrt. Sie war ein großes Schiff.	Däi Titanic sunk up höör jüfferfort. Dat was 'n groot skip.
1386897	Mary versteht nicht, warum sich Tom eine Katze als Online-Avatar ausgesucht hat.	Mary begript näit, woosoo sük Tom 'n kâat as online-awataar uutsöcht het.
1390555	Sie wollte nicht mit ihm sprechen.	Säi wul näit mit hum prooten.
1390565	Sie weigerte sich, mit ihm zu sprechen.	Säi wäigerde sük, mit hum t' prooten.
1390591	Sie wurde von ihm gedemütigt.	Säi wur fan hum demaudiğt.
1390593	Sie wurde von ihm erniedrigt.	Säi wur fan hum ferleegert.
1390594	Sie wurde von ihm großgezogen.	Säi wur fan hum groottrukken.
1390601	Sie hat früher in seiner Nähe gewohnt.	Säi het waleer diecht bii hum woont.
1390613	Sie behandelte ihn sehr gut.	Säi behannelde hum läip gaud.
1391788	Mary ist 21 Jahre jünger als Tom, aber Tom ist 22-mal reicher als Mary.	Mary is 21 joer junger as Tom, man Tom is 22 móól riiker as Mary.
1392412	Wenn der Zug durch den Bahnhof fährt, klirren laut die Fenster und das ganze Haus zittert.	Doo däi tsuğ döör d' bóónhof fort, klitternt däi fensters fäel un dat häiel huus trielt.
1392668	"Was möchten Sie kaufen?" "Ich möchte einen Hund kaufen."	"Wat willent Jii koopen?" "Ik wul 'n hund koopen."
1393225	Sie sagte gegen ihn aus.	Säi see teegen hum uut.
1393276	Sie läuft schneller als ich.	Säi löpt gaauer as ik.
1393288	Ich weiß, dass du schon lange wartest, aber könntest du noch ein bisschen länger warten?	Ik wäit, dat duu al lâang wachtst, man kust duu noch 'n biitje langer wachten?
1394821	Viele Kumpel befürchten, dass die Zeche bald geschlossen wird.	Fööl kumpels freesent, dat däi mîin bold slooten word't.
1395795	Tom war traurig, weil er der Einzige war, der nicht zum Fest eingeladen wurde.	Tom was trüriğ, um dat häi däi enkeld was, däi näit tau 't fest nöyğt wur.
1399534	Das Schlimme an der Welt ist nicht, dass die Leute zu wenig wissen, sondern dass sie zu viele Dinge wissen, die nicht stimmen.	Dat mâal an d' weerld is näit, dat däi lüü t' min wäitent, man dat säi t' fööl dingen wäitent, däi näit stemment.
1405191	Wer fragt, ist ein Narr für fünf Minuten, wer nicht fragt, bleibt ein Narr sein Leben lang.	Wel frağt, is 'n nâar föör fiif menüüten, wel näit frağt, blift 'n nâar siin leevend lang.
1405912	Wie viel Zeit und Energie widmen Sie Projekten, für die Sie kein Geld bekommen?	Woo fööl tiid un energii widmernt Jii projekten, föör däi Jii kiin geld kriigent?
1406021	Sie empfahl ihm, keinen Gebrauchtwagen zu kaufen, aber er folgte ihrem Rat nicht.	Säi undfool hum, kiin bruukt wóógen t' koopen, man häi folğde höör róód näit.
1406069	Sie gibt vor, nichts über ihn zu wissen, aber ich glaube ihr nicht.	Säi gift fööer, niks oover hum t' wäiten, man ik lööv höör näit.
1406071	Ich weiß, wie man das Problem lösen kann, aber man bat mich, es dir nicht zu sagen.	Ik wäit, woo man dat probleem löesen kan, man man beed'de mii, dii 't näit t' säegen.
1407769	Willst du ausgehen oder zu Hause bleiben? Mir ist beides recht.	Wult duu uutgóón of in huus bliiven? Mii is bâajds recht.
1409263	Der Taipan, eine in Australien vorkommende Schlange, ist die giftigste Schlange der Welt.	Däi taipóón, 'n in Aaustróólien föörkoomend slâang, is däi giftiğst slâang fan d' weerld.
1409303	Er hat viel für sein Volk getan, aber er hätte noch viel mehr tun können.	Häi het fööl föör siin folk dóón, man häi haar noch fööl meer daun kunt.
1410298	Kann ich hier irgendwo mein Handy aufladen?	Kan ik hir ennerwor miin handy uplóóden?
1413713	Dieser Fluss ist so verschmutzt, dass in ihm Fische nicht mehr leben können.	Disser äj is soo fuul, dat d'r fisken näit meer in leeven köönent.
1414095	Tom hat zwei Söhne. Einer ist Arzt und der andere Rechtsanwalt.	Tom het twei sööns. Äien is dokter un däi anner afkóót.
1416045	Ich bin nicht mal sicher, ob das was bringen würde oder eher nicht.	Ik bün näit móól seeker, of dat wat brengen dee of eerder näit.
1418695	Die erste Parkuhr der Welt wurde 1935 in Oklahoma City aufgestellt.	Däi êerst parkkloek fan d' weerld wur 1935 in Oklahoma City upstelt.
1421019	„Möchtest du mit mir auf den Ball gehen?“ – „Es tut mir sehr leid, aber ich kann nicht.“	"Wult duu mit mii up däi bâal góón?" - "Dat spit't mii läip, man ik kan näit."
1423233	Tom gab mir ein paar Toastscheiben und ein Glas Milch.	Tom gaf mii 'n poer toastskiiven un 'n glas melk.
1424565	An diesem Wochenende bin ich Strohwitwer, denn meine Frau besucht ihren Bruder in Frankfurt.	Fanweekenäen bün ik 'n unbestüürven wäidman, dan miin frâau besöcht höör brör in Frankfurt.
1424917	Dieses Arzneimittel ist für Kinder unzugänglich aufzubewahren.	Dit aartsneimiddel is föör kinner untaugaangelk up t' beworen.
1427826	Er ist in den Staaten aufgewachsen, aber seine Muttersprache ist Japanisch.	Häi is in d' Stóóten upwuesen, man siin maudertóól is Jóópóónsk.
1428384	Der Zug hatte wegen des starken Schneefalls zwei Stunden Verspätung.	Däi tsuğ haar weegen däi stâark sneifal twei stüen ferlóótern.
1431101	Der gesunde Menschenverstand ist eigentlich nur eine Anhäufung von Vorurteilen, die man bis zum 18. Lebensjahr erworben hat.	Däi suen minskenferstand is äinliik man 'n anhoopen fan fööroordäilen, däi man bit tau 't 18. leevendsjoer ferwurven het.
1431183	Der Zug hatte wegen starken Schneefalls zwei Stunden Verspätung.	Däi tsuğ haar um fäel sneifal twei stüen ferlóótern.
1433002	Sie gab zu verstehen, dass sie es nicht rechtzeitig bis zur Versammlung schaffen könnte.	Säi gaf t' ferstóón, dat säi 't näit up tiid bit nóó 't fergóódern skaffen kun.
1434824	Tom denkt, dass er seine Erkältung los wird, wenn er diese Medizin einnimmt.	Tom denkt, dat häi siin ferkollen kwiit word't, doo häi disser medsiin inneemen daajt.
1434825	Heute sind viel mehr Schüler im Klassenzimmer als gestern.	Fandóóeğ bünt fööl meer skaulers in d' klassenruum as güster.
1434889	Dieser Buchladen hat etwas an sich, das die Leute wiederkommen lässt.	Disser baukwinkel het wat an sük, dat däi lüü weerkoomen let't.
1437046	Sie sagte, dass sie nächstes Jahr zwanzig Jahre alt sein würde.	Säi see, dat säi tauken joer twintiğ joer old weesen sul.
1437094	Selbst wenn die Sonne im Westen aufginge, würde ich meinen Plan nicht aufgeben.	Sülst doo däi süen in 't west upgung, dee ik miin plóón näit upgeeven.
1437172	Du brauchst Urlaub.	Duu bruukst uurlaaub.
1437185	Viele herausragende Denker, die ihr Leben lang unbekannt blieben, wurden postum berühmt.	Fööl uutsteekend denkers, däi höör leevend lang unbekent bleevent, wurdent postum beraumt.
1437195	Der Verzehr eines wohlschmeckenden Essens ist eines der intensivsten und genussvollsten Vergnügen des Lebens.	Däi ferteer fan 'n smóókelk eeten is äien fan däi intensîifst un genäitfuelst oriğkaiden fan 't leevend.
1437407	Da war noch ein bisschen Wasser am Flaschenboden übrig.	D'r was noch 'n biitje wóóter up d' flesboom oover.
1437412	Mach den Verschluss wieder auf die Flasche, falls die Katze sie umwirft.	Móók däi ferslus weer up däi fläes, doo däi kâat hum umsmit't.
1438092	Es nahm viel weniger Zeit in Anspruch, meinen Deutschen Schäferhund zur Stubenreinheit zu erziehen, als das bei meinem anderen Hund der Fall war.	Dat nam fööl minner tiid in anspröök, miin düütsk skäiperhund tau d' stuuvenraajnhaid t' ertrekken, as dat bii miin anner hund dat gefal was.
1441293	Du wirst Ärger kriegen, wenn deine Freundin die Wahrheit herausbekommt.	Duu sast aarger kriigen, doo diin fründin däi worhaid d'r uut kriğt.
1442032	Zu Fuß braucht man ungefähr 10 Minuten zum Bahnhof.	T' faut bruukt man ruuğweğ 10 menüüten nóó d' bóónhof.
1442788	Ich habe viele Blumen. Einige sind rot und einige gelb.	Ik heb fööl blöymen. Wat bünt rood un wat geel.
1443399	Ich habe gelesen, dass in Brasilien eine Frau Präsidentin ist. Sie heißt Dilma.	Ik heb leesen, dat in Brasiiljen 'n frâau president is. Säi häit't Dilma.
1444128	Auch wenn die Medien berichten, sie sei eine potenzielle Präsidentschaftskandidatin, glaubt irgendjemand wirklich, dass sie eine potenzielle Präsidentin wäre?	Ook doo däi medien berichtent, säi was 'n potensjäel presidentskupskandidóót, löövt wel wies, dat säi 'n potensjäel presidentskupskandidóót was?
1445859	Leider wirst du in diesem Büro nichts gemacht bekommen, falls du nicht jemanden schmierst.	Spiitelkerwîis sast duu in dit büro niks móókt kriigen, doo duu näit wel smeerst.
1447800	Tom und Mary sind seit dreizehn Jahren glücklich verheiratet.	Tom un Mary bünt siit daartain joer glükkelk traaut.
1447874	Tom hat sich entschieden, kein Völkerball zu spielen, weil es ihm nicht gut ging.	Tom het sük undsked't, kiin folkenbâal t' spöölen, um dat hum dat näit gaud gung.
1448290	Außer ihm kam sonst niemand zur Party.	Buuten hum kwam anners nüms nóó d' party.
1448402	Übersetzer leisten die beste Arbeit dann, wenn sie in ihre Muttersprache übersetzen.	Ooversetters laistent däi bäest aarbaid dan, doo säi up höör maudertóól ooversettent.
1448510	Wenn ich ihre Adresse wüsste, würde ich ihr schreiben.	Doo ik höör adräes wus, dee 'k höör skriiven.
1450374	Die Stahlproduktion erreichte im vergangenen Jahr schätzungsweise 100 Millionen Tonnen.	Däi stóólproduksjoon kwam in 't ferleeden joer up ruuğweğ 100 miljoonen tüen.
1450583	Man lernt eine Menge über sein eigenes Land, wenn man im Ausland lebt.	Man leert 'n büelt oover siin äigen land, doo man in 't buutenland leevt.
1450894	Um sieben werden hier die Bordsteine hochgeklappt.	Teegen sööem wordent hir däi boordstäinen hooğklapt.
1453321	Mary hat gestern zum ersten Mal ihr Hochzeitskleid anprobiert.	Mary het güster föör 't êerst móól höör hochtiidskläid anprobäärt.
1453434	Es könnte sich als nützlich erweisen.	Dat kun sük as nütselk erwiisen.
1454603	Der britische Kommandeur befahl seinen Männern, sich zur Nachtruhe zu begeben.	Däi briitsk kumdöör befool siin manlüü, sük in d' nachtrüst t' begeeven.
1454665	Der britische Kommandeur befahl seinen Leuten, sich in der Nacht auszuruhen.	Däi briitsk kumdöör befool siin lüü, sük in d' nacht t' ferhóólen.
1457210	Eines meiner Lieblings-Zitate von Mark Twain ist: "Es ist nicht die Größe des Hundes im Kampf, es ist die Größe des Kampfes im Hund."	Äien fan miin läiefst tsitóóten fan Mark Twain is: "Dat is näit däi gröet't fan d' hund in d' kamf, 't is däi gröet't fan d' kamf in d' hund."
1457268	Immer, wenn ich mit der U-Bahn fahre, tue ich meine Brieftasche in meine Brusttasche.	Altiid, doo ik mit däi u-bóón for, dau ik miin bräiftaaske in miin bosttaaske.
1458023	Am siebten Juli werden viele Trauungen stattfinden.	Up d' sööemt julii söölent fööl traauens plóótsfinnen.
1461031	Die Kindergartenkinder gingen Hand in Hand im Park spazieren.	Däi kinnertuunkinner gungent hand in hand in d' park kaiern.
1462386	Millionen nützlicher Organismen leben im menschlichem Verdauungstrakt.	Miljoonen nütselk orgóónismen leevent in d' minskelk ferdaauenstrakt.
1462670	Diese Leuchtstoffröhre fängt an zu flackern. Wir müssen sie auswechseln.	Dat lüchtstofrör fangt an t' flikkern. Wii mautent hum uutwesseln.
1462896	Tom sagt, dass er sich nicht erinnere, so etwas versprochen zu haben.	Tom säeğt, dat häi sük näit d'r an heerinnern dee, soo wat beloovt t' hebben.
1463348	Für Ausländer ist es mühevoll, Japanisch zu lernen.	Föör buutenlanners is dat maielk Jóópóónsk t' leeren.
1463424	Wenn Sie mir erlauben, zu sprechen, kann ich alles erklären.	Doo Jii mii ferloovent, t' prooten, kan ik âals ferkloren.
1464171	Wurde diese Mauer gebaut, um Menschen davon abzuhalten hereinzukommen oder hinauszugelangen?	Wur disser müer baaut, um minsken d'r fan of t' hollen in t' koomen of d'r uut t' koomen?
1465224	Im späten 15. Jahrhundert begannen die Europäer, Amerika zu erkunden.	In 't lóóet 15. jorhunnert fungent däi Europeers an, Amerikó t' erkünnen.
1465406	Wie viele Male muss ich wiederholen, dass sie nicht meine Freundin ist?	Woo fööl móólen maut ik weerhóólen, dat säi näit miin fründin is?
1466363	Es wird viele Amerikaner ins Unbehagen bringen, wenn Sie auf deren Akzeptanz teurer Präsente bestehen.	Dat sal 'n büelt Amerikóóners in unbehóógen brengen, doo Jii up höör akseptans fan düer presenten bestóónt.
1467186	Es ist eine Schande, wie man alte Menschen behandelt.	Dat is 'n skâan, woo man oel minsken behannelt.
1467187	Es ist eine Schande, wie alte Menschen behandelt werden.	Dat is 'n skâan, woo oel minsken behannelt wordent.
1467934	Indem man das, was man zu tun hat, aufschiebt, läuft man Gefahr, es nie tun zu können.	Indeem man dat, wat man t' daun het, upskuft, löpt man gefoer, dat noojt daun t' köönen.
1470706	Ich beabsichtige, morgen ein Mobiltelefon zu kaufen.	Ik beofsichtiğ mörn 'n handy t' koopen.
1470841	Romane werden nicht mehr so viel gelesen wie in der Vergangenheit.	Romóónen wordent näit meer soo fööl leesen as in 't ferleeden.
1472031	Auf die vom Reporter unvermittelt gestellte Frage hin wirkte sie ratlos.	Up däi fan däi reporter unferwacht't stelt fróóeğ leet säi róódlös.
1472898	Um dort herauszukommen, bräuchte er ein Wunder, nicht wahr?	Um d'r uut t' koomen, bruukde häi 'n wunner, of näit?
1472921	Ich persönlich glaube, dass es völlig egal ist, wer die Wahl gewinnt.	Ik persöönelk lööv, dat 't häilundal ne'ğeliik is, wel däi wóól wint.
1472957	Er ist zweifelsohne der erfolgreichste Filmregisseur der Welt.	Häi is unbetwiivelt däi erfolğrîikst filmrezjissöör fan d' weerld.
1472962	Tom sitzt gern am Kai und lässt die Beine im Wasser baumeln.	Tom sit't geern an d' kóój un let't däi bäien in 't wóóter bummeln.
1472969	1918 kam es wegen des Reispreises im ganzen Land zu Aufständen.	1918 kwam dat um däi riispriis in 't häiel land tau upstâan.
1473013	Während sie im Urlaub waren, haben sich ihre Nachbarn um den Hund gekümmert.	Wiilst säi in d' uurlaaub wassent, hebbent sük höör nóóbers um däi hund kümmert.
1473042	Seit meinem Schulabschluss vor 15 Jahren habe ich keinen meiner alten Klassenkameraden mehr gesehen.	Siit miin skaulofslus fööer 15 joer heb ik kiin fan miin oel klassenkamróóden meer säin.
1473363	Ich habe drei Hunde. Einer ist ein Männchen und die anderen beiden sind Weibchen.	Ik heb drei huen. Äien is 'n mantje un däi anner bâajd bünt wiifkes.
1473634	Wie schreibt man das?	Woo skrift man dat?
1482146	Womit beschäftigst du dich die meiste Zeit am Computer?	Wor beskeftiğst duu dii däi mäiest tiid mit an d' computer?
1482173	Dieses Buch habe ich im Buchladen vor dem Bahnhof gekauft.	Dit bauk heb ik in d' baukwinkel fööer d' bóónhof köft.
1482190	"Jingle Bells", das bekannte Lied zur Weihnachtszeit, ist in Wirklichkeit gar kein Weihnachtslied. Der Text sagt nichts über Weihnachten.	"Jingle Bells", dat bekent läid tau d' wiinachtstiid, is in würrelkkaid häil kiin wiinachtsläid. Däi tekst säeğt niks oover wiinachten.
1482587	Ich schulde Mary Geld und muss es ihr bis nächsten Montag zurückzahlen.	Ik dau Mary geld sküllen un maut höör 't bit tauken móóndağ t'rüeğbetóólen.
1482589	Sie riet ihm, nicht alles zu glauben, was der Lehrer sagt.	Säi rood hum, näit âals t' lööven, wat däi mester säeğt.
1482596	Ich hätte nie gedacht, dass ich solch eine große Familie unterhalten müsste.	Ik haar noojt docht, dat ik soo 'n grôot femiilje unnerhollen mus.
1483484	Gehen Sie diese Straße entlang; dann ist die Post auf der linken Seite.	Góónt Jii disser stróóet langs; dan is däi post up d' linker siid.
1483487	Da es keinen Platz mehr am Tisch gab, musste ich im Stehen essen.	Um dat 't kiin bot meer an d' tóóvel gaf, mus ik in 't stóón eeten.
1483674	Qualitativ hochwertiges Obst ist im Winter selten und teuer.	Kwalitóótiif hooğweerdiğ oobst is 's winters selden un dür.
1488272	Tom glaubt, dass der Tag kommen wird, an dem es keine Kriege mehr gibt.	Tom löövt, dat däi dağ koomen sal, up däi 't kiin oorlaugen meer gift.
1494157	Am Ende des nächsten Monats werden wir nach Estland reisen.	Up 't äen fan d' tauken móónd söölent wii nóó Estland raajsen.
1494670	Der Junge sammelte eine Handvoll Erdnüsse und legte sie in eine kleine Schachtel.	Däi jung sóómelde 'n handful eerdnööten un lee höör in 'n lütje skachtel.
1494675	Was passiert, wenn eine unwiderstehliche Kraft auf ein unbewegliches Objekt trifft?	Wat geböört, doo 'n unweerstóóndelk kracht up 'n unbeweegelk objekt róókt?
1494932	Dass ich erwachsen wurde, merkte ich daran, dass ich anfing, Ratschläge von meinen Eltern zu befolgen.	Dat ik grootwuesen wur, murk ik d'r an, dat ik begun, róódslóógen fan miin ollen t' befolgen.
1497812	Ich kann es mir nicht leisten, dieses Wochenende zum Onsen zu fahren. Ich bin pleite.	Ik kan mii dat näit laisten, dit weekenäen nóó d' onsen t' foren. Ik bün plaite.
1497816	Ich hatte Probleme mit dem neuen Auto. Es ließ sich schwer steuern.	Ik haar probleemen mit dat näej aauto. Dat leet sük stur stüren.
1497817	Ich hatte Probleme mit dem neuen Wagen. Er ließ sich schwer steuern.	Ik haar probleemen mit däi näej wóógen. Häi leet sük stur stüren.
1498408	In der Bibel steht: "Der Mensch lebt nicht vom Brot allein."	In d' biibel staajt: "Däi minsk leevt näit fan 't brood alleniğ."
1498552	Zehn Jahre ist es her, seit ich mit achtzehn nach Tokio kam.	Tain joer is 't heer, siit ik mit achttain nóó Tokio kwam.
1498945	Tom wusste nicht, dass Hawaii zu den Vereinigten Staaten gehört.	Tom wus näit, dat Hawai tau däi Feräint Stóóten höört.
1499521	Es begann plötzlich zu regnen.	Dat fung t'móól an t' reegen.
1499660	Ich möchte meine zweijährige Tochter ärztlich untersuchen lassen.	Ik wul miin tweijoriğ dochter medsiinsk unnersöyken lóóten.
1499677	Ich konnte die Straße finden, aber nicht ihr Haus.	Ik kun däi stróóet finnen, man näit höör huus.
1500467	Sie hat zwei Katzen. Eine ist weiß, und die andere ist schwarz.	Säi het twei katten. Äien is wit, un däi anner is swaart.
1500476	Er hat zwei Bleistifte. Der eine ist lang, und der andere ist kurz.	Häi het twei bläjen. Äien is lang un däi anner is kört.
1501513	Würden Sie mich bitte am Freitag, dem 11. Juli um 10:00 Uhr morgens am Hotel abholen?	Deedent Jii mii bitte up d' freidağ, däi 11. julii teegen 10:00 üer 's mörns bii 't hotel ofhóólen?
1501516	Als Daumenregel sollten Sie ein Pfund Rindfleisch für jeweils zwei Gäste rechnen.	As duumreegel sullent Jii 'n pund bäistfläisk föör twei gasten reeken.
1501522	Wann immer du in Schwierigkeiten oder niedergeschlagen bist, werde ich für dich da sein.	Doo duu in d' breedulje sitst of dóólslóón büst, sal ik d'r föör dii weesen.
1501542	Du bist der einzige Mensch, der mich jemals nach zehn Uhr abends anruft.	Duu büst däi enkeld minsk, däi mii oojt nóó tain üer 's óóvends anröpt.
1505071	Was meinst du, wie viele Selbstmorde jedes Jahr in Japan geschehen?	Wat mäinst duu, woo fööl sülstmoorden elker joer in Jóópóón geböörent?
1506059	Ganz gleich wie sehr ich mich bemühe, ich werde es nie schaffen, ihn einzuholen.	Häil ne'ğeliik woo düğtiğ ik mii bemai, ik sal dat noojt skiren, hum in t' hóólen.
1506102	Wir griffen zu Notmaßnahmen, um den Patienten mit Herzstillstand wiederzubeleben.	Wii greepent tau noodmóótreegels, um däi pasjent mit haartstielstand weer t' beleeven.
1506113	Letztes Jahr forderten Erdbeben und Flutwellen auf den Philippinen mehr als 6000 Todesopfer.	Ferleeden joer föörderdent eerdbeevens un flaudbulgen up d' Fiilipiinen meer as 6000 doodsoffers.
1507921	Letzten Monat mussten sie in der Fabrik einige hundert Angestellte entlassen.	Ferleeden móónd mussent säi in d' fabrik 'n stük of hunnert anstelten undlóóten.
1508005	Die von ihm vorgeschlagene Lösung kam überhaupt nicht in Frage.	Dat fan hum föörslóón löesen kwam häilundal näit in fróóeğ.
1508307	Als seine Frau von seinem gewaltsamen Tod hörte, war sie außer sich vor Kummer.	Doo siin frâau fan siin gewaltsóóem dood höörde, was säi buuten sük fan kummer.
1511444	Hört auf, mich zu nerven. Ich bin beschäftigt.	Holt up, mii t' nerven. Ik heb 't drok.
1511446	Hören Sie auf, mich zu nerven. Ich bin beschäftigt.	Hollent Jii up, mii t' nerven. Ik heb 't drok.
1511769	Flexibilität ist einer der vielen Vorteile der Heimarbeit.	Fleksibilitäit is äien fan däi fööl föördäilen fan d' häimaarbaid.
1511814	Als sie in ihr Zimmer zurückkehrte, war der Diamantring weg.	Doo säi in höör kóómer t'rüeğkwam, was däi dióómantring weğ.
1511840	Mir kam nie der Gedanke, dass Tom nicht die Wahrheit sagen könnte.	Mii kwam noojt däi gedâank, dat Tom näit däi worhaid säegen kun.
1511872	Bitte stornieren Sie meine Bestellung und schicken Sie mir darüber eine Bestätigung.	Bitte stornäärent Jii miin bestellen un stürent Jii mii d'r oover 'n besteedigen.
1511922	Letzten Endes überredete mich der Verkäufer, die teuere Maschine zu kaufen.	Lesserhand beproot'de mii däi ferkooper, däi dürderder meskîin t' koopen.
1512008	Jeden Tag kocht sie für ihn, aber er weiß das nicht zu würdigen.	Elker dağ kookt säi föör hum, man häi wäit dat näit t' würdigen.
1512032	Wir neigen dazu wahrzunehmen, was wir wahrzunehmen erwarten.	Wii hebbent däi tendens dat woer t' neemen, wat wii ferwachtent woer t' neemen.
1513013	Nach den Hausaufgaben habe ich mit meinen Freunden Fußball gespielt.	Nóó d' huusupgóóven heb ik mit miin früen fautbâal spöölt.
1513447	Wegen des Taifuns haben meine Eltern ihre Reise einen Tag früher beendet.	Um däi taifuun hebbent miin ollen höör râajs 'n dağ eerder beent.
1513448	Wegen des Taifuns beendeten meine Eltern ihre Reise einen Tag früher.	Um däi taifuun beennent miin ollen höör râajs 'n dağ eerder.
1514583	Der Einzige, der gern in einer überfüllten U-Bahn fährt, ist ein Taschendieb.	Däi enkeld, däi geern in 'n ooverfült u-bóón fort, is 'n taaskendäif.
1514609	Ich sagte ihr zum letzten Mal, dass ich nicht mit ihr einkaufen gehen würde.	Ik see höör föör 't läest móól, dat ik näit mit höör up böskup góón sul.
1514841	Es ist sehr wichtig, dass du mehr Gemüse isst.	Dat is häil belangriik, dat duu meer gemüües etst.
1514842	Es ist sehr wichtig, dass ihr mehr Gemüse esst.	Dat is häil belangriik, dat jii meer gemüües eetent.
1514843	Es ist sehr wichtig, dass Sie mehr Gemüse essen.	Dat is häil belangriik, dat Jii meer gemüües eetent.
1514945	Tom wollte noch bleiben, um zu sehen, was passieren würde. Leider musste er gehen.	Tom wul noch bliiven, um t' säin, wat geböören sul. Spiitelkerwîis mus häi góón.
1514982	Greenpeace führt einen mühseligen Kampf, um die Umwelt zu retten.	Greenpeace fört 'n stuer kamf, um däi umweerld t' redden.
1514987	Meine Hände sind so taub vor Kälte, dass ich meine Finger nicht bewegen kann.	Miin hâan bünt soo doof fan koel, dat ik miin fingers näit beweegen kan.
1515008	Er ist in sie verliebt, aber er versucht, seine Gefühle zu verbergen.	Häi is in höör ferläivt, man häi fersöcht, siin geföylen t' ferbaargen.
1515741	Wenn wir die ganze Zeit zusammen sind, werden meine japanischen Klassenkameraden einander sehr gut kennenlernen.	Doo wii däi häiel tiid t'sóómen bünt, söölent miin jóópóónsk klassenkamróóden nanner häil gaud kennen leeren.
1515799	Tom saß auf einer Bank und aß etwas, das wie ein Apfel aussah.	Tom sat up 'n bâank un at wat, wat as 'n appel leet.
1515966	Falls er während meiner Abwesenheit kommen sollte, bitte ihn zu warten, bis ich wiederkomme.	Doo häi wiilst miin ofweesenhaid koomen sul, beed hum t' wachten, bit ik weerkoom.
1516510	Wenn du dieses Wörterbuch mit jenem vergleichst, kannst du einfach sehen, welches besser ist.	Doo duu dit woordenbauk mit dat ferglikst, kaast duu makkelk säin, wekker beeter is.
1516511	Wenn Sie dieses Wörterbuch mit jenem vergleichen, können Sie einfach sehen, welches besser ist.	Doo Jii dit woordenbauk mit dat fergliiken daunt, köönent Jii makkelk säin, wekker beeter is.
1516751	Ihre Bibliothek umfasst 3500 Bücher und beinhaltet viele Erstausgaben.	Höör bibliotäik umfat't 3500 bauken un undholt fööl eerstuutgóóven.
1516752	Sie hat 3500 Bücher in ihrer Bibliothek und viele davon sind Erstausgaben.	Säi het 3500 bauken in höör bibliotäik un fööl d'r fan bünt eerstuutgóóven.
1516753	Du wirst immer irgendwo Backwaren auf meinem Einkaufszettel finden.	Duu sast altiid ennerwor bakwooren up miin inkoopstseedel finnen.
1516774	Falls er weiter so viel trinkt, wird er früher oder später krank werden.	Doo häi wiider soo fööl drinkt, sal häi frauer of lóóter krank worden.
1516801	Wenn man sie Englisch sprechen hört, könnte man annehmen, sie sei Amerikanerin.	Doo man höör Engelsk prooten höört, kun man anneemen, säi was Amerikóónerske.
1516815	Sobald du eine schlechte Angewohnheit entwickelt hast, ist es nicht einfach, sie wieder loszuwerden.	Soo dróó duu 'n slecht anwensel undwikkelt hest, is 't näit makkelk, hum weer kwiit t' worden.
1517625	Eine aktualisierte Ausgabe der Enzyklopädie wird im nächsten Monat erscheinen.	'N aktuóólisäärt uutgóóev fan däi ensüklopedii sal anner móónd ferskiinen.
1517626	Eine aktualisierte Ausgabe des Lexikons wird im nächsten Monat erscheinen.	'N aktuóólisäärt uutgóóev fan dat leksikon sal anner móónd ferskiinen.
1519659	Wie lange dauert es von hier zu Fuß bis zum Hilton-Hotel?	Woo lâang dürt dat fan hir t' faut bit nóó 't Hilton-hotel?
1520089	Viele Amerikaner hatten noch Geld, das sie während des Krieges gespart hatten.	Fööl Amerikóóners haarent noch geld, wat säi unner d' oorlauğ sport haarent.
1520182	Wir frühstücken um sieben, wenn du dich zu uns setzen möchtest.	Wii früüstükkent teegen sööem, doo duu dii bii us setten wult.
1521097	Ich höre, dass es in ihrer Ehe kriselt und sie wahrscheinlich bald die Scheidung einreichen werden.	Ik höör, dat höör äecht kriiselt un säi worskiinelk bold dat skäiden inlangen söölent.
1522487	Antonio Guzmán Blanco kam 1870 in Venezuela an die Macht.	Antonio Guzmán Blanco kwam 1870 in Wenetsueeló an d' macht.
1522578	Ich kann mir kein neues Auto leisten, also werde ich mit diesem auskommen müssen.	Ik kan mii kiin näj aauto laisten, alsoo sal ik mit dit aauto uutkoomen mauten.
1522611	Nicht weniger als dreihundert Dollar wurden für die Arbeit benötigt.	Näit minner as dreihunnert duller wurdent föör däi aarbaid benöödiğt.
1523159	Ich hätte nicht gedacht, dass es so schwer ist, einen Picknicktisch zu bauen.	Ik haar näit docht, dat 't soo stur is, 'n pikniktóóvel t' baauen.
1523633	Das kannst du nicht machen.	Dat kaast näit móóken.
1523634	Das könnt ihr nicht machen.	Dat köö ' jii näit móóken.
1523635	Das können Sie nicht machen.	Dat köönent Jii näit móóken.
1524045	Ehrlich gesagt bin ich ohne die Erlaubnis meines Vaters mit seinem Auto gefahren.	Eerelk säeğt bün ik sünner dat ferlof fan miin fóóder mit siin aauto foren.
1524046	Das ist eine sehr gute Sache.	Dat is 'n häil gâaud sóóek.
1524380	Viele Leute warten darauf, zu sehen, was passieren wird.	Fööl lüü wachtent d'r up, t' säin, wat geböören sal.
1524401	Viele Leute wollen dir sagen, dass du das nicht hättest tun sollen.	Fööl lüü willent dii säegen, dat duu dat näit daun sult haarst.
1524585	Sie zitterte beim Anblick.	Säi trielde bii däi anblik.
1524586	Sie hat beim Anblick gezittert.	Säi het bii däi anblik trielt.
1524608	Tom und Mary führten eine hitzige Debatte über die gleichgeschlechtliche Ehe.	Tom un Mary fördent 'n hitsiğ debâat oover däi gliikgeslechtelk äecht.
1524610	Tom und Mary haben ein hitzige Debatte über die gleichgeschlechtliche Ehe geführt.	Tom un Mary hebbent 'n hitsiğ debâat oover däi gliikgeslechtelk äecht fört.
1524860	Solange ich körperlich in der Lage bin, will ich mein Bestes versuchen.	Soo lâang ik körperliik kumpóóbel bün, wil ik miin bäest fersöyken.
1525657	Tom hat viel Blut verloren, aber er ist noch bei Bewusstsein.	Tom het fööl blaud ferlooren, man häi is noch bii benül.
1526909	Du solltest ein Wörterbuch zu Rate ziehen, wenn du die Bedeutung eines Wortes nicht weißt.	Duu sust 'n woordenbauk t'róóed trekken, doo duu dat bedüüden fan 'n woord näit wäist.
1527730	Tom findet, dass Mary nicht nach Hause fahren sollte, da sie getrunken hat.	Tom fint, dat Mary näit nóó huus tau foren sul, um dat säi drunken het.
1527803	Das war aber schwierig!	Man dat was stur!
1527835	Das war wirklich schwierig.	Dat was wies stur.
1529411	Wenn ich im Lotto gewänne, würde ich mir ein neues Auto kaufen.	Doo 'k in 't lotto wun, dee ik mii 'n näj aauto koopen.
1530195	Du hast zwar viele Kenntnisse, aber anderen diese beizubringen liegt dir nicht.	Duu hest wal fööl kennissen, man annernt dissent bii t' brengen liğt dii näit.
1530248	Mit sorgfältiger Planung verschwendest du weniger Zeit mit unnötigen Dingen und schaffst die Arbeit schneller.	Mit 'n akróót plóónen ferklaajst duu minner tiid mit unnöödiğ dingen un skirst däi aarbaid gaauer.
1530419	Ich denke, es ist wichtig, "Meinung" und "Tatsache" auseinanderzuhalten.	Ik denk, dat is wichtiğ, "mäinen" un "dóódsóóek" uutnanner t' hollen.
1533323	Tom hofft, dass Mary das Geschenk gefällt, das er ihr gekauft hat.	Tom hoopt, dat Mary dat geskenk gefaalt, wat häi höör köft het.
1536611	Obwohl sie alleine ins Ausland reisen wollte, entschied sie sich dagegen.	Alwoo säi alleniğ in 't buutenland raajsen wul, undsked säi sük d'r teegen.
1536688	Tom ist sich noch unsicher, ob er auf das College gehen soll oder nicht.	Tom is sük noch unseeker, of häi nóó 't college góón sal of näit.
1536729	Ein Unternehmen, das Innovation erstickt, kann nicht auf großes Wachstum hoffen.	'N unnerneemen, wat innowóósjoon ferstikt, kan näit up grôot waasdaum hoopen.
1537263	Die Beziehung zwischen Ehemann und Ehefrau sollte auf Liebe basieren.	Dat betrekken tüsken echtgenoot un echtgenootske sul up läieft bóósäären.
1537774	Entschuldigung, aber ich denke, Sie liegen falsch.	Perdong, man ik denk, Jii liegent ferkeert.
1538286	Die Sozialistische Partei hat ihn als Präsidentschaftskandidaten aufgebaut.	Däi Sosjóólistisk Partäj het hum as presidentskupskandidóót upbaaut.
1538287	Die Sozialistische Partei baute ihn als Präsidentschaftskandidaten auf.	Däi Sosjóólistisk Partäj baaude hum as presidentskupskandidóót up.
1540462	Da er seine Unschuld nicht zu beweisen imstande war, musste er seine Heimatstadt verlassen.	Um dat häi näit kumpóóbel was siin unsküld t' bewiisen, mus häi siin häimóótstad ferlóóten.
1540521	Du kannst mein Auto benutzen.	Duu kaast miin aauto neemen.
1540523	Sie können mein Auto benutzen.	Jii köönent miin aauto neemen.
1540616	Die Gebäude sind im Vergleich zu den Wolkenkratzern in New York klein.	Däi geboiden bünt teegen däi wulkenkraabers in New York lütjet.
1542140	Sie schuldet ihm viel Geld, aber sie wird es ihm wahrscheinlich nicht zurückzahlen können.	Säi skült hum fööl geld, man säi sal hum dat worskiinelk näit t'rüeğbetóólen köönen.
1543022	Sie ist gerade im Krankenhaus.	Säi is net in 't krankenhuus.
1544223	Tom starrte in die undurchdringliche Schwärze des Nachthimmels.	Tom storde in dat mistiğ swaart fan d' nachtheemel.
1544261	So etwas sollte man in der Anwesenheit von Kindern nicht sagen.	Soo wat sul man in 't biiweesen fan kinner näit säegen.
1544276	Das wird euch in Gefahr bringen.	Dat sal jau in gefoer brengen.
1544277	Das wird Sie in Gefahr bringen.	Dat sal Jau in gefoer brengen.
1544347	Diese Tatsache kann man nicht abstreiten.	Disser fakt kan man näit ofstriiden.
1544633	Tom konnte alles, was er hatte, in einen Koffer legen.	Tom kun âals, wat häi haar, in 'n kuffer läegen.
1545170	Sie schrieb ihm, um ihm zu sagen, dass sie nächsten Sommer nicht zu Besuch kommen könne.	Säi skreev hum, um hum t' säegen, dat säi tauken sömmer näit up fersîit koomen kun.
1545200	Wir müssen die Treppe benutzen, da der Aufzug repariert wird.	Wii mautent däi trappen bruuken, um dat däi forstaul reparäärt word't.
1545485	Es muss schon ein Wunder geschehen, damit wir rechtzeitig damit fertig werden.	D'r maut al 'n wunner geböören, dat wii d'r biitiid mit klorwordent.
1546314	Der Krieg von 1812 hatte begonnen.	Däi oorlauğ fan 1812 haar anfangen.
1547251	Tom behauptet, dass er zum Zeitpunkt des Mordes nicht mal in der Nähe des Tatortes war.	Tom beweert, dat häi tau d' tiidpunkt fan d' moord näit móól in d' nóóet fan däi dóódoord was.
1547439	Sie belieben wohl zu scherzen.	Jii beläivent wal t' spóósen.
1547442	Ihr beliebt wohl zu scherzen.	Jii beläivent wal t' spóósen.
1547576	Ich werde Tom morgen anrufen und ihn bitten, uns zur Hand zu gehen.	Ik sal Tom mörn anraupen un hum beeden, us t' helpen.
1549256	Der Britisch-Amerikanische Krieg hatte begonnen.	Däi briitsk-amerikóónsk oorlauğ haar anfangen.
1550328	Er grübelte drei Tage über dem Problem, bevor er irgend etwas unternahm.	Häi simmeläärde drei dóóeğ oover dat probleem, eer häi ennerwat unnernam.
1550570	In der Innenstadt gibt es nur wenig Parkplätze, was ein echtes Problem darstellt.	In d' binnenstad gift dat man min parkplatsen, wat 'n räecht probleem is.
1550686	Ich höre immer gerne klassische Musik in meiner Freizeit.	Ik höör altiid geern klassisk musik in miin freitiid.
1550801	Ich möchte eine befriedigende Erklärung für dein Verhalten haben.	Ik wil 'n befreedigend ferkloren föör diin ferhollen hebben.
1550810	Die Untersuchung wird wahrscheinlich viele Details ans Licht bringen.	Dat unnersöyken sal worskiinelk fööl details fandağ brengen.
1550833	Du solltest zum Zahnarzt gehen und dir diesen Zahn ziehen lassen.	Duu sust nóó d' kuusendokter góón un dii disser tâan trekken lóóten.
1550967	Gehen Sie diese Straße entlang geradeaus und biegen Sie an der dritten Ampel rechts ab.	Góónt Jii disser stróóet langs liikuut un buugent Jii an däi dâard ampel rechts of.
1552163	Tom hat die Antivirensoftware auf seinem Rechner schon lange nicht mehr aktualisiert.	Tom het däi antiwiirensoftware up siin reekener al lâang näit meer aktuóólisäärt.
1552174	Der Fluss, der durch London fließt, heißt Themse.	Däi äj, däi döör London löpt, häit't Täiems.
1552226	Was für eine Frage ist das? Erwartest du wirklich, dass ich darauf antworte?	Wat föör 'n fróóeğ is dat? Ferwachtst duu wies, dat ik d'r up antern dau?
1552227	Was für eine Frage ist das? Erwartet ihr wirklich, dass ich darauf antworte?	Wat föör 'n fróóeğ is dat? Ferwachtent jii wies, dat ik d'r up anter?
1552228	Was für eine Frage ist das? Erwarten Sie wirklich, dass ich darauf antworte?	Wat föör 'n fróóeğ is dat? Ferwachtent Jii wies, dat ik d'r up antern dau?
1552542	Ihr Vater wurde Invalide als Folge eines Herzinfarktes.	Höör fóóder wur 'n inwalîid as foelğ fan 'n haartinfarkt.
1556977	Ich bin müde, weil ich letzte Nacht für diese Prüfung lernen musste.	Ik bün möej, um dat ik ferleeden nacht föör dit prüüfen leeren mus.
1560624	Wenn deine Freunde anfangen, dir Komplimente zu machen, wie jung du doch aussiehst, so ist dies ein klares Zeichen dafür, dass du alt wirst.	Doo diin früen anfangent, dii kumpelmenten t' móóken, woo jung duu doch letst, soo is dit 'n düüdelk täiken d'r föör, dat duu old worst.
1560802	Ich bedaure, dass ich aufgrund einer früher eingegangenen Verpflichtung Ihre freundliche Einladung nicht annehmen kann.	Ik begroot, dat ik um 'n eerder ingóón ferplichten Jau frünnelk nöygen näit anneemen kan.
1560838	Ich habe Ihren Bericht durchgesehen und einige Anmerkungen gemacht.	Ik heb Jau bericht döörkeeken un wat anmaarkens móókt.
1560890	Dir ist es zu verdanken, dass wir diesen Job rechtzeitig fertig stellen konnten.	Dii is dat t' ferdanken, dat wii disser aarbaid biitiid klorstellen kunnent.
1561467	In Japan ist radioaktives Cäsium in Milchnahrung für Säuglinge entdeckt worden.	In Jóópóón is róódioaktîif tseesium in melknaarung föör babys unddekt worden.
1561468	In Japan wurde radioaktives Cäsium in Milchnahrung für Säuglinge entdeckt.	In Jóópóón wur róódioaktîif tseesium in d' melknaarung föör babys unddekt.
1561601	Das Mädchen trug eine mit Sachen vollgestopfte Plastiktasche.	Dat wicht drooğ 'n mit sóóken fulstopt plastiktaaske.
1561661	Ich habe dieses Jahr weniger Schüler in meiner Klasse als letztes Jahr.	Ik heb fanjoer minner skaulers in miin klâas as ferleeden joer.
1561763	Obwohl er schwer verletzt war, schaffte er es, zu einem Telefon zu kommen.	Alwoo häi swor beseert was, skirde häi 't, nóó 'n telefoon t' koomen.
1561772	CO2 hat eine Menge mit dem sogenannten Treibhauseffekt zu tun.	CO2 het 'n büelt mit däi soo benöymt driifhuuseffekt t' daun.
1561901	Er bemerkte ein Loch in seiner Jacke, aber versuchte es zu ignorieren.	Häi bemurk 'n gat in siin jikkert, man fersöch dat t' iğnoräären.
1562368	Maria kommt mit ihrer Rente nicht über die Runden. Deshalb arbeitet sie halbtags als Putzfrau in einem Restaurant.	Marió kumt mit höör räent näit oover d' runnen. Düs aarbaid't säi 's halfdóóğs as putsfrâau in 'n restaaurant.
1562757	Lincolns Biographie wird von Kindern auf der ganzen Welt gelesen.	Lincoln siin biogróófii word't fan kinner up d' häiel weerld leesen.
1562823	Früh zu Bett, früh wieder auf macht gesund und reich in Kauf.	Frau up bäer, frau weer up móókt sund un riik in koop.
1562868	Die Menschen halten es nicht mehr seltsam für Männer, ihre Haare lang wachsen zu lassen.	Däi minsken hollent dat näit meer ror föör manlüü, höör hoer lang waasen t' lóóten.
1563155	Angestellte, die lange Finger machen, werden ihre Jobs nicht lange behalten.	Anstelten, däi steelent, söölent höör jobs näit lâang hollen.
1564824	Früh zu Bett und früh aufstehen macht den Menschen gesund, reich und klug.	Frau up bäer un frau upstóón móókt däi minsk sund, riik un klauk.
1565089	Tom wagte nicht zu verweigern, was Mary ihn bat zu tun.	Tom wóóğde näit t' ferwäigern, wat Mary hum beed'de t' daun.
1566027	Tom sprach mit Marys Nachbarn und fragte sie, ob sie wüssten, wohin sie gegangen sei.	Tom proot'de mit Mary höör nóóbers un frooğ höör, of säi wussent, wor säi hen góón was.
1569865	Was ist der Unterschied zwischen amerikanischem und britischem Englisch?	Wat is däi ferskeel tüsken amerikóónsk un briitsk Engelsk?
1570138	Anscheinend ist er sich des Konflikts zwischen meinem Vater und mir nicht bewusst.	As 't let't is häi sük däi kunflikt tüsken miin fóóder un mii näit bewust.
1572745	Eine Frau, die dich nicht mehr tadelt, ist eine Frau, die dich nicht mehr liebt.	'N frâau, däi dii näit meer belakt, is 'n frâau, däi dii näit meer läivt.
1572772	Wenn du mit dem Shinkansen fährst, scheint es von Nagoya nach Tokio nicht weit zu sein.	Doo duu mit däi Shinkansen foren daajst, skint 't fan Nagoya nóó Tokio näit wiid t' weesen.
1574179	Sie ging zur Takasu-Klinik.	Säi gung nóó d' Takasu-kliinik.
1574187	Tom und Mary waren so sehr damit beschäftigt, sich anzuschreien, dass sie nicht hörten, wie ich den Raum betrat.	Tom un Mary wassent soo düğtiğ d'r mit t'gâang, sük an t' bölken, dat säi 't näit höördent, as ik däi ruum betreeden dee.
1574246	Der Test war so schwer, dass wir nicht fertig geworden sind.	Däi test was soo stur, dat wii näit klorworden bünt.
1574275	Weißwein soll kühl getrunken werden, Rotwein zimmerwarm.	Witwiin sal köyl drunken worden, roodwiin kóómerwaarm.
1574915	Auf dem Friedhof gibt es die Statue einer Schlange, die sich in den Schwanz beisst.	Up d' karkhof gift 't däi stóótue fan 'n slâang, däi sük in d' steert bit't.
1575772	Gemeinsam arbeitend haben sie das ganze Haus in kürzester Zeit geputzt.	Mäinsóóm aarbaidend hebbent säi dat häiel huus in köertst tiid skoonmóókt.
1579337	Sie fand es schwierig, sich an die neue Umgebung anzupassen.	Säi fun dat stur, sük an dat näej umfeld an t' paasen.
1581453	Kannst du dich noch an die Zeit erinnern, als wir Tom besuchten und er noch ein Jugendlicher war?	Kaast duu dii noch up däi tiid besinnen, doo wii Tom besöchent un häi noch 'n jööğdelk was?
1582388	Ein Komitee ist eine Gruppe von Menschen, die als Einzelne nichts machen können, die aber als Gruppe eine Sitzung abhalten und zu der Entscheidung gelangen können, dass man nichts machen kann.	'N kumitee is 'n gruep fan minsken, däi as enkeld lüü niks móóken köönent, man däi as gruep 'n fergóódern ofhollent un tau däi beslus koomen köönent, dat man niks daun kan.
1583566	Ich konnte nichts als das Messer spüren, als es sich in meinen Rücken versenkte.	Ik kun niks as dat mest spören, doo 't sük in miin rüeğ fersenken dee.
1585264	Wenn ich ihre Adresse gekannt hätte, hätte ich ihr einen Brief geschrieben.	Doo ik höör adräes kent haar, haar ik höör 'n bräif skreeven.
1585395	Es versteht sich von selbst, dass Gesundheit wichtiger als Reichtum ist.	Dat ferstaajt sük fan sülst, dat sundhaid wichtiger as riikdaum is.
1585923	Wir werden sicherstellen, dass niemand das amerikanische Volk für seinen eigenen kurzfristigen Vorteil ausnutzt.	Wii söölent seekerstellen, dat nüms dat amerikóónsk folk föör siin äigen körtfristiğ föördäil uutnütst.
1586097	Da ich den Zug verpasst hatte, musste ich ungefähr eine Stunde auf den nächsten warten.	Um dat ik däi tsuğ ferpaast haar, mus ik ruuğweğ 'n stüen up däi tauken tsuğ wachten.
1586257	Bieten Sie mir wirklich eine Roflex für 5 Dollar an?	Bäident Jii mii wies 'n Roflex föör 5 duller an?
1586841	Ich suche ein Buch über das mittelalterliche Spanien.	Ik söyk 'n bauk oover 't middelollerlîik Spóónjen.
1588063	Wir ernähren uns häufig von Dingen, die, ohne dass wir es wissen, unserer Gesundheit schädlich sind.	Wii erneerent us fóók fan dingen, däi, sünner dat wii dat wäitent, us sundhaid skóódelk bünt.
1588288	Was hast du mit meinem Stift gemacht? Er war vor einer Minute hier.	Wat hest duu mit miin stift móókt? Häi was fööer 'n menüüet hir.
1589513	Eine kleine Taschenlampe in der Tasche zu haben kann ganz praktisch sein.	'N lütje taaskenlâamp in d' taaske t' hebben kan häil praktisk weesen.
1589658	Das ganze Büro war beeindruckt davon, wie Tom das Problem anging.	Dat häiel büro was d'r beindrükt fan, woo Tom dat probleem angung.
1589773	Ich würde lieber herinnen bleiben als an so einem kalten Tag hinauszugehen.	Ik muğ läiver binnen bliiven as up soo 'n koel dağ up buuten t' góón.
1590384	Warum gibst du nicht eine Annonce in der örtlichen Zeitung auf, wenn du dein altes Sofa verkaufen willst?	Woosoo gifst duu näit 'n anâauns in 't lokóóel bladje up, doo duu diin oel soofó ferkoopen wult?
1590910	Danke für die Einladung!	Bedankt föör dat nöygen!
1590919	Papageien sind die einzigen Tiere, die menschliche Sprache nachahmen können.	Papgaajen bünt däi enkeld däären, däi minskelk tóól nóómóóken köönent.
1592117	Warum warst du dort?	Woosoo hest duu d'r west?
1592865	Sie löschte die Lichter.	Säi leskerde däi lüchten.
1594589	Er glaubte daran, dass die Schwarzen ihren Kampf um Gleichberechtigung ohne Gewalt gewinnen könnten.	Häi löövde d'r an, dat däi swaarten höör kamf um gliikberechtigen sünner gewalt winnen kunnent.
1597405	Deine Mutter wird es so oft für dich wiederholen, wie nötig ist.	Diin mauder sal 't soo fóók föör dii weerhóólen, as 't nöödiğ is.
1597406	Deine Mutter wird es dir so oft wie nötig wiederholen.	Diin mauder sal dii 't soo fóók weerhóólen as nöödiğ.
1597407	Deine Mutter wird es dir so viele Male, wie nötig ist, wiederholen.	Diin mauder sal dii 't soo fööl móól, as 't nöödiğ is, weerhóólen.
1597886	Er nahm einen Hut in die Hand und setzte ihn sich auf, um zu sehen, wie er damit aussah.	Häi nam 'n haud in d' hand un set'de hum sük up, um t' säin, woo häi d'r mit leet.
1597892	Nimm einen Schirm mit, denn es ist für den Nachmittag Regen angesagt.	Nim 'n skiirm mit, dan föör däi nóómiddağ is d'r reegen ansäeğt.
1599666	Er freute sich darauf, das Wochenende mit ihr in ihrem gemeinsamen Landhaus in Somerset zu verbringen.	Häi fraajde sük d'r up, dat weekenäen mit höör in höör mäinsóóem landhuus in Somerset t' ferbrengen.
1599785	Rational nennt man Zahlen, die sich als Bruch zweier ganzer Zahlen schreiben lassen.	Róósjoonóól nöymt man tóólen, däi sük as bröök fan twei häiel tóólen skriiven lóótent.
1600507	Tom wurde von seinem Vater krankenhausreif geschlagen.	Tom wur fan siin fóóder krankenhuusriip slóón.
1600660	Tom wurde von seinen Eltern aus dem Haus geworfen, als er gestand, Atheist zu sein.	Tom wur fan siin ollen tau 't huus uut smeeten, as häi gestun, óóteeist t' weesen.
1600666	Tom wurde von seinen Eltern aus dem Haus geworfen, als er gestand, dass er ein Ohngott war.	Tom wur fan siin ollen tau 't huus uut smeeten, as häi gestun, dat häi 'n óóteeist was.
1600773	Es fing als kleine Liebhaberei an.	Dat fung as 'n lütje läifhebberäj an.
1602269	Ich verstehe nicht, warum die Kinder an einem so schönen Tag nicht draußen spielen dürfen.	Ik begriip näit, woosoo däi kinner up soo 'n môoj dağ näit up buuten spöölen dürent.
1602271	Ich verstehe nicht, warum den Kindern bei so schönem Wetter nicht erlaubt wird, draußen zu spielen.	Ik begriip näit, woosoo 't däi kinner bii soo môoj wêer näit ferloovt word't, up buuten t' spöölen.
1602285	Sie kann nicht einmal eine Sekunde lang den Mund halten.	Säi kan näit móól 'n sekuen lang mund hollen.
1604821	Einer meiner Freunde zeigte mir alle Puppen, die er im Ausland gekauft hatte.	Äien fan miin früen wees mii âal puppen, däi häi in 't buutenland köft haar.
1607583	Nicht Information, sondern Kommunikation ist es, was die Welt verändert.	Näit inf'rmóósjoon, man kummunikóósjoon is 't, wat däi weerld ferannert.
1607586	Nicht Information ist es, was die Welt verändert, sondern Kommunikation.	Näit inf'rmóósjoon is 't, wat däi weerld ferannert, man kummunikóósjoon.
1608878	Der Mann, von dem ich dachte, er sei sein Vater, erwies sich als jemand völlig Fremdes.	Däi keerl, wor ik fan doch, häi was siin fóóder, erwees sük as wel häilundal frömds.
1610746	Glaubst du, dass es auf diese schwierige Frage noch eine andere Antwort gibt?	Mäinst duu, dat 't up disser stuer fróóeğ noch 'n anner antern gift?
1611258	Dieses ist ein Satz, der so viele Silben zählt wie ein Haiku.	Dit is 'n sats, däi soo fööl sülven telt as 'n haiku.
1611531	Kinder zeigen beim Lernen eine geringe Frusttoleranz.	Kinner wiisent bii 't leeren 'n lütje frusttulerans.
1611935	Können Sie sich vorstellen, was das Leben ohne Fernsehen wäre?	Köönent Jii Jau föörstellen, wat dat leevend sünner feersäin was?
1612219	Unterschiedliche Menschen glauben an verschiedene Dinge, aber es gibt nur eine Wahrheit.	Ferskeelend minsken löövent an ferskeelend dingen, man dat gift man äin worhaid.
1615669	Wenn Sie hundert zu tausend addieren, erhalten Sie eintausendeinhundert.	Doo Jii hunnert bii duusend addäärent, kriigent Jii äinduusendäinhunnert.
1617690	Wenn man will, dass etwas richtig getan wird, dann muss man es manchmal eben selber tun.	Doo man wil, dat wat recht dóón word't, dan maut man 't of un an eeven sülst daun.
1617694	Bisweilen muss man sich der Dinge eben selbst annehmen, wenn man will, dass was draus werde.	Alt'meeds maut man sük däi dingen eeven sülst anneemen, doo man wil, dat wat d'r fan worden sul.
1617698	Wenn man will, dass etwas anständig gemacht wird, muss man zuweilen eben selbst Hand anlegen.	Doo man wil, dat wat fatsuunelk móókt word't, maut man mitunner eeven sülst däi hand anläegen.
1619097	Wenn Sie Ihren Atem sehen können, wenn Sie ausatmen, wissen Sie, dass es kalt ist.	Doo Jii Jau óóm säin köönent, doo Jii uutóóment, wäitent Jii, dat 't kold is.
1620526	Sollte es mich mal ins Ausland ziehen, würde ich wahrscheinlich nach Frankreich gehen.	Sul 't mii insent in 't buutenland trekken, dee ik worskiinelk nóó Frankriik tau góón.
1620565	Mary bat Tom, den Rechner auszuschalten und das Abendessen zu bereiten.	Mary beed'de Tom, däi reekener uut t' skalten un dat óóvendeeten t' móóken.
1627294	Ich verzeihe dir, weil du nicht wusstest, was du tatest.	Ik fergeev dii, um dat duu näit wust, wat duu deest.
1630131	Das war ein Riesenerfolg.	Dat was 'n grôot erfolğ.
1630303	Das Buch ist sowohl mit festem als auch mit flexiblem Einband verfügbar.	Dat bauk is soo wal mit fâast as ook mit fleksiibel inband beskikbor.
1630305	Das Buch ist gebunden und als Taschenbuch erhältlich.	Dat bauk is bunnen un as taaskenbauk ferkriiğbor.
1631703	Statt fernzusehen, spielten die Kinder draußen.	In stee fan feersäin, deedent däi kinner up buuten spöölen.
1632251	Wir haben uns nicht aus Affen entwickelt. Wir haben nur einen gemeinsamen Vorfahren mit ihnen.	Wii hebbent us näit uut óópen undwikkelt. Wii hebbent bloot 'n mäinsóóem fööroel mit höör.
1632700	Als ich sie gerade anrufen wollte, kam ein Brief von ihr an.	Doo ik höör net anraupen wul, kwam 'n bräif fan höör an.
1632928	Nachdem ich mein Studium abgeschlossen hatte, zog ich wieder zu Hause ein und lebte drei Jahre lang bei meinen Eltern.	Nóódeem ik miin stuudium ofslooten haar, truk ik weer in huus in un leevde drei joer lang bii miin ollen.
1633306	Der Chef sagte, dass es dringend sei.	Däi bóós see, dat 't drok is.
1634671	Meine Freundin arbeitet an einer Sprachenschule, und es gefällt ihr dort sehr.	Miin fründin aarbaid't bii 'n tóólskaul, un dat gefaalt höör dor läip gaud.
1635874	Nachdem ich meine Erzählung beendet hatte, schaute mich mein Nachbar eine Zeit lang schweigend und aufmerksam an.	Nóódeem ik miin fertelsel dóón haar, keek mii miin nóóber 'n tiid lang swiigend un upmaarksóóm an.
1636496	Ich verstehe zwar den Satz, aber ich bin nicht in der Lage, ihn zu übersetzen.	Ik begriip däi sats wal, man ik bün näit kumpóóbel, hum t' ooversetten.
1636502	Es verschlug mir die Sprache, als ich am Telefon Ryos Stimme vernahm.	Dat ferslooğ mii däi spróóek, doo ik an 't telefoon Ryo siin stäem fernam.
1636543	Statistiken legen nahe, dass sich die Bevölkerung dieser Stadt in fünf Jahren verdoppeln wird.	Stóótistikken besäegent, dat sük dat befolken fan disser stad in fiif joer ferdübbeln sal.
1636676	Die Ruhe in der Bibliothek wurde vom Klingeln eines Mobiltelefons gestört.	Däi rüst in d' bibliotäik wur döör 't klingeln fan 'n handy stöört.
1637029	Tom war danach heimzugehen und er ging, ohne sich von jemandem zu verabschieden.	Tom was d'r nóó nóó huus t' góón un häi gung, sünner sük fan wel t' ferofskäiden.
1639398	Mein Zug fährt um sechs Uhr ab und kommt um zehn Uhr an.	Miin tsuğ fort teegen ses üer of un kumt teegen tain üer an.
1639460	Puh, ist das heiß heute!	Puu, is dat häit fandóóeğ!
1639521	Es war ein großes Publikum da am Klavierabend letzte Nacht.	D'r was 'n groot publikum up d' klewääróóvend ferleeden nacht.
1639832	Ich stellte fest, dass ihr die Lösung dieses Problems schwer fiel.	Ik stelde fast, dat höör dat löesen fan dit probleem stur ful.
1640278	Es könnte dir einmal das Leben retten.	Dat kun dii insent dat leevend redden.
1644826	Die Folgen einer falschen Übersetzung können manchmal katastrophal sein.	Däi folgen fan 'n ferkeert ooversetten köönent of un tau katastroofóól weesen.
1647521	"Wie oft in der Woche spielst du Tennis?" "Ich spiele drei Mal die Woche Tennis."	"Woo fóók in d' wêek spöölst duu tennis?" "Ik spööl drei móól in d' wêek tennis."
1647603	Als unsere lange Unterhaltung zu Ende war, war Mutter vom Stehen müde.	Doo us lâang unnerhollen t'äen was, was mauder fan 't stóón möej.
1648296	Das Einzige auf dem Tisch, das ich normalerweise nicht essen würde, ist das Zeug auf dem gelben Teller.	Dat enkeld up d' tóóvel, dat ik n'rmóólerwîis näit eeten dee, is dat tüüğ up 't gêel teller.
1648305	Wenn mein Vater nicht im Krieg gefallen wäre, wäre er jetzt über sechzig Jahre alt.	Doo miin fóóder näit in d' oorlauğ faalen was, was häi nuu oover tsestiğ joer old.
1649560	Es wäre sicherlich nicht allzu schwierig, herauszufinden, wer in unser System eingedrungen ist.	Dat was seeker näit al t' stur, uut t' finnen, wel in us süsteem indrungen is.
1654122	In der Sommerzeit verwendet man einen Sonnenschirm, um dem Gesicht Schatten zu spenden.	In d' sömmertiid bruukt man 'n sünnenskiirm, um dat gesiecht skâar t' spenden.
1657261	Zwischen beiden Ländern bestehen bedeutsame Unterschiede.	Tüsken bâajd lâan bestóónt wichtiğ ferskeelen.
1657263	Zwischen diesen zwei Ländern gibt es wichtige Unterschiede.	Tüsken disser twei lâan gift dat wichtiğ ferskeelen.
1658709	Sagtest du mir gestern nicht, du kämest heute nicht zu spät?	Seest duu mii güster näit, duu kwamst fandóóeğ näit t' lóót?
1660712	Er heiratete letztlich eine Italienerin, die zehn Jahre jünger war als er.	Häi traaude up 't läest 'n Itóóljeenerske, däi tain joer junger was as häi.
1661212	Wie glaubst du, dass ich sie dazu bringen könnte, mehr Zeit mit mir zu verbringen?	Woo löövst duu, dat ik höör d'r tau brengen kun, meer tiid mit mii t' ferbrengen?
1663651	Tom kaufte Maria einen neuen Fotoapparat, um ihr den zu ersetzen, den er sich ausgeliehen und verloren hatte.	Tom köf Marió 'n näej kameró, um höör däi t' ersetten, däi häi sük uutläint un ferlooren haar.
1663713	Ein gut gestaltetes Netzangebot sollte es meines Erachtens nicht erforderlich machen, horizontal zu rollen.	'N gaud gestalt't netanbod sul 't nóó miin mäinen näit nöödiğ móóken, horisontóól t' rullen.
1663718	Ein gut gestaltetes Netzangebot sollte meiner Meinung nach keinen horizontalen Bildlauf erforderlich machen.	'N gaud gestalt't netanbod sul nóó miin mäinen kiin horisontóóel bildloop nöödiğ móóken.
1665131	Die Behörden bemühen sich vergebens, die Währung zu stabilisieren.	Däi behöörden bemaient sük fergeevens, dat weeren t' stabiilisäären.
1665911	Tom bat Maria, noch so lange zu Hause zu bleiben, bis das Kindermädchen käme.	Tom beed'de Marió, noch soo lâang in huus t' bliiven, bit däi kinnermaid kwam.
1665956	Dieser Ort sieht noch immer genauso wie vor langen Zeiten aus.	Disser stee let't noch altiid net soo as fööer lâang tiiden.
1668294	Potzdonner! Was ist das für ein großer Kasten!	Tsakkerlot! Wat is dat föör 'n grôot kâast!
1669940	Tom machte Maria einen Heiratsantrag, den sie aber ablehnte.	Tom mook Marió 'n traauandrağ, man säi leende hum of.
1670057	Kinder sind zumeist sehr gut darin, fremde Sprachen zu erlernen.	Kinner bünt mäisttiids häil gaud d'r in, fröem tóólen t' leeren.
1671003	Du machst einen tollen Job.	Duu móókst gâaud aarbaid.
1672117	Wenn ich höre, dass Menschen kleine Kinder entführen, das lässt mein Blut kochen.	Doo ik höör, dat minsken lütje kinner undförent, dat let't miin blaud kooken.
1673348	Es geht etwa um acht Uhr dreißig los.	Dat gaajt wal teegen acht üer daartiğ lös.
1674017	Man muss die Schuhe ausziehen, wenn man ein japanisches Haus betritt.	Man maut däi skau uuttrekken, doo man 'n jóópóónsk huus betreeden daajt.
1675793	Die Zeit reicht nie, um das zu tun, was man eigentlich will.	Däi tiid langt noojt, um dat t' daun, wat man äinliik wil.
1676600	Tom hat seine alte Kamera mit seiner neuen fotografiert.	Tom het siin oel kameró mit siin näej footogróófäärt.
1678073	Ich weiß einfach nicht, was in den Köpfen von Leuten, die in Foren herumtrollen, vorgeht.	Ik wäit äinfach näit, wat in däi koppen fan lüü, däi in foren rundtrollen, föörgaajt.
1678765	Tom versteht nicht den Unterschied zwischen einer Kathode und einer Anode.	Tom begript näit däi ferskeel tüsken 'n katôod un 'n anôod.
1682445	Dieser Artikel äußert sich kritisch über die Art, auf die diese Angelegenheit untersucht wird.	Disser artikkel üütert sük kriitsk oover däi ord, woo dit baudel unnersöcht word't.
1683778	Sie drückte allen, die sie unterstützt hatten, ihre Dankbarkeit aus.	Säi dee âal, däi höör stöönt haarent, höör dankborkaid uutdrükken.
1683780	Ich begegnete ihr am Bahnhof, aber ich erkannte sie nicht, da sie Uniform trug.	Ik kwam höör bii d' bóónhof t'möyet, man ik erkende höör näit, um dat säi uniföörm drooğ.
1683782	Ich begegnete ihr am Bahnhof, erkannte sie aber in der Uniform nicht.	Ik kwam höör bii d' bóónhof t'möyet, man erkende höör in däi uniföörm näit.
1683930	Du weißt, wie es ist.	Duu wäist, woo 't is.
1684148	Es sieht so aus, als wären wir aus dem Gröbsten fast heraus.	Dat let't d'r nóó as wassent wii tau 't groefst hóóst uut.
1684149	Es sieht so aus, als hätten wir das Schlimmste fast überstanden.	Dat let't net as of wii dat läiepst bold ooverstóón haarent.
1684203	Fünfundneunzig Prozent aller Waisen sind älter als fünf Jahre.	Fiifunneegentiğ prosent fan âal wäisen bünt oller as fiif joer.
1687755	Sie ist schön und intelligent.	Säi is mooj un intelligent.
1687757	Sie ist klug und hübsch.	Säi is klauk un mooj.
1687761	Sie ist klug und gutaussehend.	Säi is klauk un let't skier.
1687811	Du kennst den Ablauf ja.	Duu kenst je däi ofloop.
1687812	Sie kennen den Ablauf ja.	Jii kennent je däi ofloop.
1687813	Du weißt ja, wie es läuft.	Duu wäist je woo 't loopen daajt.
1687814	Sie wissen ja, wie es läuft.	Säi wäitent je, woo 't loopen daajt.
1687831	Die einzige goldene Regel besteht darin, dass derjenige, der das Gold hat, auch die Regeln setzt.	Däi enkeld gollen reegel bestaajt d'r in, dat däien, däi dat gold het, ook däi reegels set't.
1687921	Es ist nicht legal, sich wilde Tiere als Haustiere zu halten.	Dat is näit legóól, sük wiel däären as huusdäären t' hollen.
1687925	Tom glaubt, dass die Regierung versucht, die Wahrheit über Außerirdische geheimzuhalten.	Tom löövt, dat dat regäären fersöcht, däi worhaid oover buuteneerdjers gehäim t' hollen.
1688163	Tom sagte, dass er nach Boston ziehen wolle, weil dort Maria wohnt.	Tom see, dat häi nóó Boston trekken wul, um dat d'r Marió woont.
1688281	Ich glaube, dass sich Tom ganz schon aufregen wird, wenn er herausfindet, dass das Gemälde, welches er gekauft hat, eine Fälschung ist.	Ik lööv, dat sük Tom läip upreegen sal, doo häi d'r uut finnen daajt, dat däi skilderóózje, däi häi köft het, 'n falskern is.
1688296	Gibt es etwas, was du mir sagen möchtest?	Gift dat wat, wat duu mii säegen wult?
1688312	Es ist an der Zeit, dass wir uns Gedanken machen, wie wir die Lage verbessern können.	Dat is an däi tiid, dat wii us gedanken móókent, woo wii däi lóóeğ ferbeetern köönent.
1688315	Es ist an der Zeit, dass wir uns Gedanken darüber machen, wie wir die Situation verbessern können.	Dat is an däi tiid, dat wii us d'r gedanken oover móókent, woo wii däi situóósjoon ferbeetern köönent.
1688316	Es ist an der Zeit, dass wir darüber nachdenken, wie wir die Lage bessern.	Dat is an däi tiid, dat wii d'r oover nóódenkent, woo wii däi lóóeğ beeternt.
1688400	Tom rief mich an und sagte, dass ich ihm einen Gefallen erweisen müsse.	Tom reep mii an un see, dat ik hum 'n gefaalen erwiisen mus.
1688415	Tom ist etwas älter als die anderen Schüler in seiner Klasse.	Tom is wat oller as däi anner skaulers in siin klâas.
1690217	Alte Menschen haben Schwierigkeiten, die moderne Technik zu verstehen.	Oel minsken hebbent sturiğkaiden, däi modêern technik t' ferstóón.
1690219	Alten Menschen fällt es schwer, die moderne Technik zu verstehen.	Föör oel minsken is 't stur, däi modêern technik t' ferstóón.
1690221	Alten Menschen fällt es nicht leicht, die moderne Technik zu verstehen.	Föör oel minsken is 't näit makkelk, däi modêern technik t' ferstóón.
1690225	Alten Menschen bereitet es Mühe, die moderne Technik zu verstehen.	Oel minsken móókt dat mâajt, däi modêern technik t' ferstóón.
1690636	Toms Traum ist es, in einem kleinen Städtchen im Süden Frankreichs zu leben.	Tom siin drööm is 't, in 'n lütje stadje in 't süüed fan Frankriik t' leeven.
1690976	Es ist schwer zu glauben, dass Tom von Marias Verliebtheit in ihn nichts wusste.	Dat is stur t' lööven, dat Tom fan Marió höör ferläivthaid in hum niks wus.
1690978	Es ist schwer zu glauben, dass Tom nicht bewusst war, dass Maria in ihn verliebt war.	Dat is stur t' lööven, dat Tom näit bewust was, dat Marió in hum ferläivt was.
1691026	Ich habe überall nach Tom gesucht, aber ich konnte ihn nicht finden.	Ik heb allerweegens nóó Tom söcht, man ik kun hum näit finnen.
1691057	Wenn du dein altes Fahrrad nicht mehr willst, kannst du es jederzeit weggeben.	Doo duu diin oel fîits näit meer wult, kaast duu hum altiid weğgeeven.
1691061	Tom hatte keine Ahnung, wo Maria die Oberschule abgeschlossen hatte.	Tom haar d'r kiin küen fan, wor Marió däi upperskaul ofslooten haar.
1691078	Tom ärgerte sich darüber, dass Maria statt seiner die Beförderung zuteil geworden war.	Tom aargerde sük d'r oover, dat Marió in stee fan hum dat beföördern kreegen haar.
1691081	Tom ärgerte sich darüber, dass Maria statt seiner befördert wurde.	Tom aargerde sük d'r oover, dat Marió in stee fan hum beföördert wur.
1691117	Tom fürchtete sich, dass jemand von seiner Vergangenheit erführe.	Tom haar nood, dat äien fan siin ferleeden erforen sul.
1691119	Tom hatte Angst, dass jemand von seiner Vergangenheit erführe.	Tom haar nood, dat äien fan siin ferleeden erforen sul.
1691128	Tom sagte zwar, dass Maria gut Klavier spielen könne, aber ich glaubte ihm nicht so recht — bis ich sie spielen hörte.	Tom see wal, dat Marió gaud klewäär spöölen kun, man ik löövde hum näit soo recht - bit ik höör spöölen höörde.
1691144	Wir müssen die Möglichkeit in Betracht ziehen, dass Tom an dem Raubüberfall beteiligt war.	Wii mautent däi möögelkkaid in bedenken hollen, dat Tom an däi roofooverfal bedäiliğt was.
1691196	Ich versuchte sie aufzumuntern, aber sie wollte einfach nur allein sein.	Ik fersöch höör up t' muntern, man säi wul man bloot alleniğ weesen.
1691214	Wenn du erst einmal in meinem Alter bist, wirst du verstehen, was ich meine.	Doo duu eerst móól up miin oller büst, sast duu ferstóón, wat ik mäin.
1691218	Es war kein Zufall, dass Tom und Maria beide zur gleichen Zeit in der Cafeteria waren.	Dat was kiin taufal, dat Tom un Marió bâajd t' gliiker tiid in d' kafeeterió wassent.
1691229	Tom sah auf seine Uhr und bemerkte, dass ihm nur noch fünf Minuten bis zum Mittagessen blieben.	Tom keek up siin kloek un wur gewoer, dat hum bloot noch fiif menüüten bit tau 't middóóğeeten bleevent.
1691233	Tom hielt es nicht für angebracht, dass Johannes Maria eine Perlenhalskette schenke.	Tom hul dat näit föör paaselk, dat Johannes Marió 'n parrelhalskäed skunk.
1691255	Tom tat sein Bestes, um den Tisch allein zu verrücken, doch er konnte es nicht.	Tom dee siin bäest, um däi tóóvel aläien t' ferskikken, man häi kun dat näit.
1691303	Tom sagte mir, dass er schon Fallschirm springt, seit er sechzehn war.	Tom see teegen mii, dat häi al falskiirm springt, siit häi sestain was.
1691365	Er dachte darüber nach, ob er sich einen Bart wachsen lassen sollte, aber er verwarf den Gedanken wieder.	Häi doch d'r oover nóó, of häi sük 'n bord waasen lóóten sul, man häi fersmeet däi gedâank weer.
1691441	Ich weiß nicht, warum Tom nächste Woche nicht mit uns segeln fahren will.	Ik wäit näit, woosoo Tom tauken wêek näit mit us saajeln foren wil.
1691450	Wie kommst du darauf, dass es Tom vorzieht, auf dem Lande zu leben?	Woo kumst duu d'r up, dat 't Tom föörtrekt, up 't land t' leeven?
1691455	Wie kommst du darauf, dass Tom vorhat, Maria einen Heiratsantrag zu machen?	Woo kumst duu d'r up, dat Tom föörhet, Marió 'n andrağ t' móóken?
1691479	Wir müssen bei der Beurteilung seiner Arbeit auch seinem Erfahrungsmangel Rechnung tragen.	Wii mautent bii 't beoordäilen fan siin aarbaid ook siin gebrek an erforen beuemsichtigen.
1691481	Wir müssen bei der Beurteilung seiner Arbeit auch seinen Erfahrungsmangel berücksichtigen.	Wii mautent bii 't beoordäilen fan siin aarbaid ook siin gebrek an erforen bedenken.
1691486	Endlich habe ich Zeit, die Post zu beantworten, die ich in den letzten drei Wochen erhalten habe.	Ennelk heb ik tiid, up däi post t' antern, däi ik in däi ferleeden drei wêek ferkreegen heb.
1691523	Ohne deine Ermutigung hätte ich dieses Vorhaben aufgegeben.	Sünner diin anmaudigen haar 'k dit föörhebben taugeeven.
1691526	Hätte sich der Unfall in einer Stadt ereignet, hätte er zu einer Katastrophe geführt.	Haar sük dat melöör in 'n stad taudróógen, haar 't tau 'n katastrôof fört.
1691544	Solange du dich ruhig verhältst, kannst du, wenn du möchtest, hierbleiben.	Soo lâang duu dii rüstiğ ferholst, kaast duu, doo duu wult, hir bliiven.
1691547	Du darfst hierbleiben, wenn du möchtest — solange du ruhig bleibst.	Duu dürst hir bliiven, doo duu wult - soo lâang duu rüstiğ blifst.
1691567	Vergiss bitte nicht, Marken auf die Briefe zu kleben, die ich dir zum Verschicken gab.	Fergeet bitte näit, maarken up däi bräiven t' kleeven, däi ik dii tau 't ferstüren gaf.
1691570	Vergessen Sie bitte nicht, Marken auf die Briefe zu kleben, die ich Ihnen zum Verschicken gab.	Fergeetent Jii bitte näit, maarken up däi bräiven t' kleeven, däi ik Jau tau 't ferstüren gaf.
1691587	Ich muss gehen, weil draußen jemand auf mich wartet.	Ik maut góón, um dat up buuten wel up mii wacht't.
1691593	Es ist schwer, die Kakerlaken in unserem Haus loszuwerden.	Dat is stur, däi kakkerlakken in us huus kwiit t' worden.
1691679	Ich habe in meinem ganzen Leben noch nie so viel an Ausschweifungen gesehen.	Ik heb in miin häiel leevend noch noojt soo fööl lösbanniğhaid säin.
1692589	Die Schulordnung schreibt vor, dass die Schüler Schuluniformen tragen.	Dat skaulörnen skrift fööer, dat däi skaulers skauluniföörms dróógent.
1692969	Der Größere gewinnt häufig.	Däi grooterder wint fóók.
1692971	Der Größere gewinnt oftmals.	Däi grooterder wint fóók.
1692998	Tom glaubt, sein Land wäre das beste auf der Welt.	Tom löövt, siin land was dat bäest up d' weerld.
1693295	Du solltest berücksichtigen, dass du nicht mehr der Jüngste bist.	Duu sust bedenken, dat duu näit meer däi juengst büst.
1693357	Wir müssen die endgültige Entscheidung auf nächste Woche verschieben.	Wii mautent däi engelliğ beslus up anner wêek ferskuuven.
1693373	Wir müssen mit einer Menge Lärm zurechtkommen, wenn die Kinder zu Hause sind.	Wii mautent mit 'n büelt gedrüüs t'räecht koomen, doo däi kinner in huus bünt.
1693377	Wir kamen zu dem Entschluss, dass wir die Bewegung unterstützen sollten.	Wii kwamment tau däi beslus, dat wii dat beweegen stöönen sullent.
1694726	Der Himmel wurde immer dunkler, und immer stärker wehte der Wind.	Däi heemel wur altiid düüsterder, un al feller waajde däi wind.
1694727	Der Himmel verdunkelte sich zunehmend, und der Wind nahm immer mehr an Stärke zu.	Däi heemel ferdüüsterde sük al meer, un däi wind nam al meer an stâarkt tau.
1694728	Der Himmel wurde immer dunkler, und der Wind wehte immer stärker.	Däi heemel wur al düüsterder, un däi wind waajde al staarker.
1694729	Der Himmel wurde zunehmend dunkler, und der Wind blies immer stärker.	Däi heemel wur al düüsterder, un däi wind blees al staarker.
1694799	Sorge dafür, dass den Beschwerden so bald als möglich beigekommen wird.	Sörğ d'r föör, dat däi besweerden soo bold as möögelk behannelt wordent.
1694844	Es gibt viele Dinge, deren Wert wir nicht in Geld bemessen können.	Dat gift fööl dingen, däi höör weerd wii näit in geld bemeeten köönent.
1694908	Ich bin Stammgast in einem Gasthaus hier in der Gegend. Lass uns doch heute dort zu Mittag essen.	Ik bün stamgast in 'n weertshuus hir in d' geegend. Lóót us doch fandóóeğ dor t' middağ eeten.
1694965	In der nahen Zukunft könnte es in Japan zu einem großen Erdbeben kommen.	In d' nóóe taukumst kun 't in Jóópóón tau 'n groot eerdbeeven koomen.
1694997	Heute ist ein schöner Tag.	Fandóóeğ is 'n môoj dağ.
1695001	Meinst du, dass sich unser Klima auf unseren Charakter auswirkt?	Mäinst duu, dat sük us kliimó up us krakter uutwirken daajt?
1695002	Glaubst du, dass unser Klima Einfluss auf unseren Charakter hat?	Mäinst duu, dat us kliimó inflaud up us krakter het?
1695003	Denkst du, dass unser Klima unseren Charakter beeinflusst?	Mäinst duu, dat us kliimó us krakter beinflaud't?
1695015	Als er im Auto auf dem Heimweg war, fasste er Pläne für den nächsten Tag.	As häi in 't aauto up d' häimweğ was, foot häi plóónen föör d' tauken dağ.
1695102	Sie wusste, wie es für eine verheiratete Frau war, sich um Haus, Ehemann und Kinder zu kümmern.	Säi wus, woo 't föör 'n traaut frâau was, sük um huus, keerl un kinner t' kümmern.
1695178	Tom war traurig, weil er der Einzige war, der nicht zum Fest eingeladen worden war.	Tom was bedröyvt, um dat häi däi enkeld was, däi näit tau 't fest nöyğt worden was.
1695272	Tom meint, dass Kindern in Schulen beigebracht werden sollte, der Obrigkeit zu gehorchen.	Tom mäint, dat kinner in skaulen biibrocht worden sul, däi ooverhaid teegenoover t' paräären.
1695287	Toms Steuersatz beträgt fünfzehn Prozent, der seiner Sekretärin aber fünfunddreißig Prozent.	Tom siin stürsats bedrağt fiiftain prosent, man däi fan siin sekreteerske fiifundaartiğ prosent.
1695423	Tom und Maria haben um die zwanzig Kinder, sind sich aber der genauen Zahl nicht sicher.	Tom un Marió hebbent um däi twintiğ kinner, man bünt sük oover däi genâau tóól näit seeker.
1695467	Fremde Pflanzen wie Palmen einzuführen kann Ökosysteme schädigen.	Fröem planten as palmen in t' fören kan ökosüsteemen skóódigen.
1695648	Ich dachte, er wäre wütend auf mich, weil ich ihm nicht beim Bau seines Hauses half.	Ik doch, häi was dül up mii, um dat ik hum näit bii d' baau fan siin huus hulp.
1695650	Ich dachte, sie wäre wütend auf mich, weil ich die Rechnung nicht rechtzeitig bezahlte.	Ik doch, säi was dül up mii, um dat ik dat reeken näit up tiid betóólde.
1695652	Ich dachte, du wärest nur auf mich und nicht auf den Rest meiner Familie wütend.	Ik doch, duu wast man up mii un näit up däi rest fan miin femiilje dül.
1695655	Ich wusste, dass er wütend war, aber ich hätte nicht gedacht, dass er derart wütend wäre.	Ik wus, dat häi dül was, man ik haar näit docht, dat häi soodanniğ dül was.
1695657	Ich hatte gehört, dass er dick war, aber ich hätte nicht gedacht, dass er in dem Maße dick wäre.	Ik haar höört, dat häi dik was, man ik haar näit docht, dat häi in dat móóet dik was.
1695693	Ist es in Ordnung, wenn ich meinem Hund das gleiche Futter wie meiner Katze gebe?	Is 't up stee, doo ik miin hund dat sülviğ fauer as miin kâat geev?
1695700	Einige Hundehalter fragen sich, ob es in Ordnung sei, ihre Hunde mit Fisch zu füttern.	Wat huenhollers fróógent sük, of 't up stee was, höör huen mit fisk t' fauern.
1695701	Einige Hundehalter fragen sich, ob sie ihren Hunden genug zu fressen geben.	Enkeld huenhollers fróógent sük, of säi höör huen nauğ t' freeten geevent.
1695704	Einige Hundehalter fragen sich, ob sie ihren Hunden genug Futter geben.	Enkeld huenhollers fróógent sük, of säi höör huen nauğ fauer geevent.
1695708	Hältst du es für eine gute Idee, deinen Hund mit Tischresten zu füttern?	Holst duu dat föör 'n gâaud idee, diin hund mit tóóvelresten t' fauern?
1695722	Wenn du deinen Hund richtig fütterst, kannst du sein Leben dadurch verlängern.	Doo duu diin hund recht fauerst, kaast duu siin leevend d'r döör ferlangern.
1695725	Wenn Sie Ihren Hund richtig füttern, können Sie dadurch seine Lebenserwartung steigern.	Doo Jii Jau hund recht fauernt, köönent Jii d'r döör siin leevendsferwachten stiigern.
1695734	Einigen fällt es schwer, ihre Hunde dazu zu bringen, dass sie Hundefutter fressen.	Föör wat is 't stur, höör huen d'r tau t' brengen, dat säi huenfauer freetent.
1695737	Ich habe zwei Hunde, und ich versuche, beiden die gleiche Menge an Futter zu geben.	Ik heb twei huen, un ik fersöyk, bâajd däi sülviğ mäeng fauer t' geeven.
1695742	Ich habe meinem Hund immer das Hundefutter zu fressen gegeben, das in diesen großen, grünen Tüten vertrieben wird.	Ik heb miin hund altiid dat huenfauer t' freeten geeven, wat d'r in disser grôot, gröyen püüten ferdreeven word't.
1695748	Als ich meinen Hund fütterte, bemerkte ich, dass das Tor offengelassen worden war.	Doo ik miin hund fauerde, wur ik gewoer, dat dat pôort oopenlóóten worden was.
1695759	Er beschloss, an seinen Hund das Kaninchen zu verfüttern, dass er an dem Tage geschossen hatte.	Häi besloot, an siin hund dat knîin t' ferfauern, dat häi up däi dağ skooten haar.
1695763	Sie brachte aus dem Gasthaus, in dem sie arbeitete, häufig Tischabfälle mit nach Hause, um ihren Hund damit zu füttern.	Säi broch fan dat weertshuus, wor säi aarbaid'de, fóók tóóvelofgefal mit nóó huus, um höör hund d'r mit t' fauern.
1695770	Nachdem sie ihre Arbeit verloren hatte, konnte sie es sich nicht mehr leisten, ihre Hunde zu füttern, und gab sie darum weg.	Nóódeem säi höör aarbaid ferlooren haar, kun säi 't sük näit meer laisten, höör huen t' fauern, un gaf höör düs weğ.
1695772	Sie verkaufte alle ihre Möbel, um es sich leisten zu können, sich selbst und ihre Hunde zu ernähren.	Säi ferköf âal höör mööbels, um 't sük laisten t' köönen, sük sülst un höör huen t' erneeren.
1695773	Sie verkaufte alle ihre Möbel, damit sie es sich leisten könne, sich selbst und ihre Hunde zu ernähren.	Säi ferköf âal höör mööbels, dat säi sük dat laisten kun, sük sülst un höör huen t' erneeren.
1695776	Trotz Abratens ihres Tierarztes fütterte sie ihren Hund weiterhin mit rohem Gemüse.	Trots ofróóden fan höör däärendokter fauerde säi höör hund wiider hen mit râau gemüües.
1695782	Obwohl ihr Tierarzt davon abgeraten hatte, gab sie ihrem Hund weiterhin rohes Gemüse zu fressen.	Alwoo höör däärendokter d'r fan ofróóden haar, gaf säi höör hund wiider hen râau gemüües t' freeten.
1695785	Das Inhaber des Gasthauses gestattete es ihr, Tischabfälle mit nach Hause zu nehmen, um ihre sämtlichen Hunde damit zu füttern.	Däi inhebber fan dat weertshuus ferloovde höör dat, tóóvelofgefal mit nóó huus tau neemen, um âal höör huen d'r mit t' fauern.
1695786	Meine Mutter bat mich, den Hund nicht eher zu füttern, bis wir alle gegessen hätten.	Miin mauder beed'de mii, däi hund näit eerder t' fauern, bit wii âal eeten haarent.
1695794	Ich war der Meinung, dass es nichts ausmachte, was ich meinem Hund zu fressen gäbe.	Ik was fan 't mäinen, dat 't niks uutmook, wat ik miin hund t' freeten gaf.
1695816	Das Klima in England ist nicht so mild wie das in Japan, aber im Sommer ist es viel kühler.	Dat kliimó in Engelland is näit soo mild as dat in Jóópóón, man up sömmermóónd is 't fööl köyler.
1695822	Weil mein Zimmer nach Süden ausgerichtet ist, wird es darin selbst im Winter nicht so kalt.	Um dat miin kóómer nóó süüed uutricht't is, word't 't d'r sülst 's winters näit soo kold.
1695823	Das Klima hier ist überaus mild; deswegen schneit es selbst im Winter nur selten.	Dat kliimó hir is häil mild; düs snäjt 't sülst 's winters man selden.
1695830	Es wäre besser, wenn du im Winter keinen solch hohen Berg bestiegest.	Dat was beeter, doo duu 's winters näit soo 'n hôoğ baarğ bestiigen deest.
1695859	Es bemerkte bis zum Ende der Sitzung niemand, dass sie fehlte.	Dat bemurk bit tau 't äen fan 't fergóódern nüms, dat säi feelde.
1695860	Bis die Sitzung endete, bemerkte niemand, dass sie fehlte.	Bit dat fergóódern ennen dee, wur nüms gewoer, dat säi feelde.
1695861	Bis die Sitzung zu Ende war, bemerkte niemand, dass sie fehlte.	Bit dat fergóódern t'äen was, wur nüms gewoer, dat säi feelde.
1695867	Sie hat in ihrer Bibliothek dreitausendfünfhundert Bücher, viele davon Erstausgaben.	Säi het in höör bibliotäik dreiduusendfiifhunnert bauken, fööl d'r fan eerstuutgóóven.
1695868	Sie hat dreieinhalbtausend Bücher in ihrer Bibliothek, und viele davon sind Erstausgaben.	Säi het dreiunhalfduusend bauken in höör bibliotäik, un fööl d'r fan bünt eerstuutgóóven.
1695874	Ihre Bibliothek enthält dreieinhalbtausend Bücher und umfasst viele Erstausgaben.	Höör bibliotäik undholt dreiunhalfduusend bauken un umfat't fööl eerstuutgóóven.
1695880	Ihr Aufsatz ist sehr gut, abgesehen von zwei oder drei Rechtschreibfehlern.	Höör upsats is läip gaud, biisiids fan twei of drei rechtskriivfeelers.
1695886	Es besteht dringender Bedarf an einem neuen Ansatz, mit diesem Problem zurechtzukommen.	D'r bestaajt dringend bedaarf an 'n näej ansats, mit dit probleem t'räecht t' koomen.
1695939	Es besteht ein dringender Bedarf daran, dass mehr Leute ihre Zeit und ihr Geld spenden.	D'r bestaajt 'n dringend bedaarf an, dat meer lüü höör tiid un höör geld spendent.
1695974	Ich glaube, es ist an der Zeit, dass ich meiner Tochter einen anständigen Rechner kaufe.	Ik lööv, dat is an däi tiid, dat ik miin dochter 'n rechtskoopen reekener koop.
1696194	Du musst dich bei ihr entschuldigen, und das jetzt sofort!	Duu maust dii bii höör undskülligen, un dat fut!
1696220	Er wurde für das brutale Verbrechen schließlich zu fünf Jahren Gefängnis verurteilt.	Häi wur föör dat brutóóel ferbreeken amäen tau fiif joer gefangenis feroordäilt.
1696226	Dadurch, dass die Protestrufe immer lauter wurden, konnte man seine Rede nicht mehr hören.	Döör dat däi protestraupen al feller wurdent, kun man siin räied näit meer höören.
1696237	Aufgrund des schlechten Wetters verspätete sich das Flugzeug um zwei Stunden.	Um dat släecht wêer ferlóóterde sük dat fluğtsoiğ um twei stüen.
1697382	Tom glaubt, dass die Reichen es verdienen, reich zu sein, wie die Armen es verdienen, arm zu sein.	Tom löövt, dat däi riiken dat ferdäinent, riik t' weesen, as däi aarmen dat ferdäinent, aarm t' weesen.
1697386	Tom glaubt, dass die Reichen es verdienen, reich zu sein, und dass die Armen es verdienen, arm zu sein.	Tom löövt, dat däi riiken dat ferdäinent, riik t' weesen, un dat däi aarmen dat ferdäinent, aarm t' weesen.
1697426	Tom hat mit seiner neuen Kamera ein Bild seiner alten aufgenommen.	Tom het mit siin näej kameró 'n bild fan siin oel upnoomen.
1698467	Ich sehe voraus, dass sie auf ihrer Expedition Probleme haben werden.	Ik säi f'ruut, dat säi up höör ekspedisjoon probleemen hebben söölent.
1698469	Es ist abzusehen, dass sie während ihrer Expedition auf Probleme stoßen werden.	Dat is of t' säin, dat säi bii höör ekspedisjoon up probleemen stöyten söölent.
1698563	Das Flugzeug aus Chicago kam spät in der Nacht auf dem Flughafen an.	Dat fluğtsoiğ uut Chicago kwam lóót in d' nacht up d' fluğhóóven an.
1698578	Tom spülte die Teller ab und stellte sie in den Geschirrspüler.	Tom spöylde däi tellers of un stelde höör in d' spöylmeskîin.
1699010	Wenn du keine Briefe mit ihm austauschen könntest, wärest du einsam.	Doo duu kiin bräiven mit hum uuttuuskern kust, wast duu äinsóóm.
1699013	Wenn es morgen nicht zu regnen aufhört, wird es eine Woche lang geregnet haben.	Doo 't mörn näit uutskaajt t' reegen, sal 't 'n wêek lang reegent hebben.
1699014	Entschuldige mich bitte ein paar Minuten. Ich möchte gerne einen Anruf tätigen.	Undskülliğ mii bitte 'n poer menüüten. Ik wul geern 'n anraup daun.
1699015	Entschuldigen Sie mich bitte ein paar Minuten. Ich möchte gerne einen Anruf tätigen.	Undskülligent Jii mii bitte 'n poer menüüten. Ik wul geern 'n anraup daun.
1699016	Wenn du mich für ein paar Minuten entschuldigen würdest, riefe ich gerne jemanden an.	Doo duu mii föör 'n poer menüüten undskülligen deest, reep ik geern wel an.
1699051	Es wird spät; darum sollten wir uns lieber auf den Weg machen.	Dat word't lóót; düs sullent wii us man läiver up 't pad móóken.
1699052	Jetzt, da du erwachsen bist, ist es an dir zu entscheiden, was du tun willst.	Nuu, doo duu groot büst, is 't an dii t' undskäiden, wat duu daun wult.
1699054	Da du jetzt erwachsen bist, ist es an dir zu entscheiden, was du tun willst.	Um dat duu nuu groot büst, is 't an dii t' undskäiden, wat duu daun wult.
1699055	Da du jetzt Student bist, solltest du fleißiger lernen.	Um dat duu nuu stuudent büst, sust duu fliitiger leeren.
1699056	Jetzt, da du Student bist, solltest du angestrengter lernen.	Nuu, doo duu stuudent büst, sust duu feller leeren.
1699076	Wäre ich etwas früher losgegangen, hätte ich den letzten Zug noch erwischt.	Was ik wat eerder hengóón, haar 'k däi läest tsuğ noch kreegen.
1699079	Wärest du etwas früher losgefahren, wärest du nicht in den starken Verkehr geraten.	Wast duu wat eerder tauforen, wast duu näit in däi fäel ferkeer róókt.
1699089	Wäre sie nur etwas geduldiger gewesen, hätte sie vielleicht Erfolg gehabt.	Haar säi man wat gedüriger west, haar säi fiilicht erfolğ hat.
1699090	Wäre sie etwas geduldiger gewesen, hätte sie erfolgreich sein können.	Haar säi wat gedüriger west, haar säi erfolğriik weesen kunt.
1699176	Dem Nachrichtenbericht zufolge hatte sich die Regierungskoalition um fünf Uhr zweiundsiebzig Sitze gesichert.	Folgends däi nóórichtenbericht haar sük däi regäärenskoalisjoon teegen fiif üer tweiuntsöömtiğ sitsen seekert.
1701796	Sie brauchte ein Stück Seife auf.	Säi dee 'n stük säiep upbruuken.
1703129	Maria reiste in die Zukunft und stellte fest, dass der Klimawandel alles irdische Leben ausgelöscht hatte.	Marió raajsde in däi taukumst un stelde fast, dat däi kliimówannel âal eerdsk leevend uutleskert haar.
1703138	Maria reiste in die Zukunft und fand dort vor, dass der Klimawandel alles Leben auf der Erde zerstört hatte.	Marió raajsde in d' taukumst un fun dor fööer, dat däi kliimówannel âal leevend up d' êer fernäilt haar.
1703272	Tom tut alles, was in seiner Macht steht, um die Lebensqualität der Patienten zu verbessern.	Tom daajt âals, wat in siin macht staajt, um däi leevendskwalitäit fan däi pasjenten t' ferbeetern.
1703414	Tom will Boxen lernen, aber seine Mutter meint, dass es zu gefährlich ist.	Tom wil boksen leeren, man siin mauder mäint, dat 't t' gefordelk is.
1703416	Tom will Boxen lernen, aber seine Mutter meint, es sei zu gefährlich.	Tom wil boksen leeren, man siin mauder mäint, dat was t' gefordelk.
1703658	Ich lebe in einem Land, in dem ein Liter Benzin weniger kostet als ein Liter Wasser.	Ik leev in 'n land, wor 'n liiter bensiin minner köst't as 'n liiter wóóter.
1704313	Jedes Jahr werden zehn Millionen Hektar tropischer Regenwald zerstört.	Elker joer wordent tain miljoonen hektor troopsk reegenwald fernäilt.
1704320	Jedes Jahr werden 100.000 Quadratkilometer tropischer Regenwald zerstört.	Elker joer wordent 100.000 kwadróótkilomeeters troopsk reegenwald fernäilt.
1704499	Tom scheint wirklich viel Zeit mit Maria zu verbringen.	Tom let't wies fööl tiid mit Marió t' ferbrengen.
1704501	Was wird jetzt aus den Kindern, da beide Eltern tot sind?	Wat word't nuu uut däi kinner, doo bâajd ollen dood bünt?
1704531	Nach ihrer Hochzeit war noch nicht viel Zeit vergangen, als Tom heraus fand, dass Maria wegen Mordes gesuchtest wird.	Nóó höör hochtiid was noch näit fööl tiid ferleeden, as Tom d'r uut fun, dat Marió weegen moord söcht word't.
1705118	Vieles, was Pizarro über den Inkaschatz gehört hatte, war wahr.	'N büelt, wat Pizarro oover däi Inkóskat höört haar, was woer.
1705313	Ihr Vater kann es sich leisten, ihr jeden Monat eine ansehnliche Geldsumme zukommen zu lassen.	Höör fóóder kan sük dat laisten, höör elker móónd 'n ansäinelk geldsuem taukoomen t' lóóten.
1706220	Ich habe die Bücher, die ich mir aus der Bibliothek ausgeliehen hatte, zurückgebracht und mir ein paar neue ausgeliehen.	Ik heb däi bauken, däi ik mii uut d' bibliotäik uutläint haar, t'rüeğbrocht un mii 'n poer näej uutläint.
1706290	Die Augen dieses Mädchens sind blau.	Däi oogen fan dit wicht bünt blaau.
1706835	Wenn jemand anruft, sag, dass ich um ein Uhr zurück bin.	Doo äien anröpt, säeğ, dat ik teegen äin üer t'rüeğ bün.
1706928	Tom hatte Maria einen Liebesbrief gesendet, aber er hat nie erfahren, ob dieser bei ihr ankam.	Tom haar Marió 'n läiftsbräif stürt, man häi is noojt gewoer worden, of däi bii höör ankwam.
1706948	Tom sandte Maria einen Liebesbrief, aber er hat nie erfahren, ob dieser bei ihr ankam.	Tom stürde Marió 'n läiftsbräif, man häi is noojt gewoer worden, of däi bii höör ankwam.
1706952	Tom hat Maria einen Liebesbrief gesandt, dann aber nie erfahren, ob dieser bei ihr angekommen ist.	Tom het Marió 'n läiftsbräif stürt, man is dan noojt gewoer worden, of däi bii höör ankoomen is.
1706953	Tom sendete Maria einen Liebesbrief, aber er hat nie erfahren, ob dieser bei ihr ankam.	Tom stürde Marió 'n läiftsbräif, man häi is noojt gewoer worden, of däi bii höör ankwam.
1707096	Freundlichkeit ist eine Sprache, die Taube hören und Blinde lesen können.	Frünnelkkaid is 'n tóól, däi dooven höören un blinnen leesen köönent.
1707308	Schon lange, bevor der Computer entwickelt worden war, existierten primitive Rechenapparate.	Al lâang, eer däi computer undwikkelt worden was, eksistäärdent primitîif reekenapparóóten.
1707309	Primitive Rechenapparate gab es schon lange, bevor der Computer entwickelt worden war.	Primitîif reekenapparóóten gaf dat al lâang, eer däi computer undwikkelt worden was.
1707311	Primitive Rechenapparate gab es schon lange vor Entwicklung des Computers.	Primitîif reekenapparóóten gaf dat al lâang fööer 't undwikkeln fan d' computer.
1707360	1958 wurde die Statue im Hiroshima-Friedenspark errichtet.	1958 wur däi stóótue in d' Hiroshima-freedenspark upricht't.
1707789	Kann ich hier irgendwo mein Mobiltelefon aufladen?	Kan ik hir ennerwor miin handy uplóóden?
1707990	Die ortsansässigen Jungen lieferten sich eine Schlacht mit einer rivalisierenden Gang aus einer benachbarten Stadt.	Däi oordsansessiğ jungse leeverdent sük 'n slacht mit 'n riwóólisäärend gang uut 'n benóóbert stad.
1708028	Er ist wichtig einzusehen, dass jedes Land seine eigene Kultur besitzt.	Dat is wichtiğ in t' säin, dat elk land siin äigen kultüer besit't.
1708029	Es ist wichtig zu verstehen, dass jedes Land seine eigene Kultur hat.	Dat is wichtiğ t' begriipen, dat elk land siin äigen kultüer het.
1708847	Sich über etwas zu beschweren ist eine Art, sich an ein neues Umfeld zu gewöhnen.	Sük oover wat t' besweeren is 'n ord, sük an 'n näj umfeld t' wennen.
1708856	Wenn es etwas gibt, was ich für dich tun kann, dann melde dich unbedingt bei mir!	Doo 't wat gift, wat ik föör dii daun kan, dan mel dii unbedingt bii mii!
1708862	Wenn es etwas gibt, was ich für Sie tun kann, dann melden Sie sich bei mir!	Doo 't wat gift, wat ik föör Jau daun kan, dan mellent Jii Jau bii mii!
1708877	Ich sagte ihr, dass ich gerne helfe, wenn ich irgendwie zu Diensten sein könne.	Ik see teegen höör, dat ik geern help, doo ik äits t' denst weesen kun.
1708895	Warte bitte nicht auf mich, falls es spät wird, bis ich nach Hause komme.	Wacht bitte näit up mii, doo 't lóót word't, bit ik nóó huus tau koom.
1708896	Warte bitte nicht auf mich, falls ich spät nach Hause komme.	Wacht bitte näit up mii, doo ik lóót nóó huus tau koom.
1708908	Es würde dich vom Hocker hauen, wenn ich dir die volle Wahrheit sagte.	Duu deest fan d' staul faalen, doo ik dii däi häiel worhaid fertelde.
1708909	Du wärest von den Socken, wenn ich dir die volle Wahrheit sagte.	Duu wast buuten dii, doo ik dii däi häiel worhaid see.
1708912	Du würdest staunen, wenn ich dir die ganze Wahrheit sagte.	Duu deest dii wunnern, doo ik dii däi häiel worhaid see.
1708921	Was würde aus uns, wenn Ufos die Erde attackierten?	Wat dee uut us worden, doo ufos däi êer attakäärdent?
1708990	Tom und Maria trugen den verletzten Mann an die Seite der Straße.	Tom un Marió droogent däi beseert keerl nóó d' siid fan d' stróóet.
1709821	Als ich nach Hause kam, fiel mir auf, dass einer meiner Koffer verschwunden war.	Doo ik nóó huus tau kwam, ful mii up, dat äien fan miin kuffers ferdweenen was.
1709950	Im Jahr 1980 gab es das höchste Wirtschaftswachstum in diesem Land.	In 't joer 1980 gaf dat dat hôoğst wirtskaftswaasdaum in dit land.
1710109	Nikkō liegt etwa hundertzwanzig Kilometer nördlich von Tōkyō.	Nikkō liğt ruuğweğ hunnerttwintiğ kilomeeter noordelk fan Tōkyō.
1712439	Bleibe noch ein wenig hier!	Bliiv noch 'n setje hir!
1712580	Wie lange braucht das Licht, um von der Sonne aus die Erde zu erreichen?	Woo lâang bruukt dat lücht, um fan d' süen uut däi êer t' berekken?
1712750	Der Handel zwischen den beiden Ländern ist stetig gewachsen.	Däi hannel tüsken däi bâajd lâan is stóódiğ wuesen.
1713846	Vielleicht kannst du uns heute ein paar Tipps zum Umgang mit Wörterbüchern geben.	Fiilicht kaast duu us fandóóeğ 'n poer tips tau d' umgaang mit woordenbauken geeven.
1717110	Der Unternehmens-Wettbewerbsvorteil wird ausgehöhlt, wenn die System-Ingenieure ihre Kündigungen fortsetzen.	Däi wedbewaarfsföördäil fan 't unnerneemen word't uutholket, doo däi süsteem-inzjeniöören höör künnigens futsettent.
1718203	Hättest du nicht derart viel gegessen, wärest du jetzt nicht so müde.	Haarst duu näit soodanniğ fööl eeten, wast duu nuu näit soo möej.
1718239	Da das Hotel für die Nacht völlig ausgebucht war, mussten einige spät eintreffende Gäste abgewiesen werden.	Um dat dat hotel föör däi nacht häil uutbaukt was, mussent wat lóót inróókend gasten ofweesen worden.
1718258	Ich hatte eine Teilzeitstelle als Zimmermädchen in einem Hotel, doch das gefiel mir nicht besonders.	Ik haar 'n däiltiidstee as kóómermaid in 'n hotel, doch dat geful mii näit besünners.
1719908	Die städtische Bevölkerung der meisten Entwicklungsländer steigt sehr schnell.	Dat stadsk befolken fan däi mäiest undwikkelnslâan stiğt läip gaau.
1720120	Ich bin Vegetarier. Deswegen möchte ich lieber kein Fleisch, wenn das in Ordnung ist.	Ik bün wegetarier. Düs wil ik läiver kiin fläisk, doo dat up stee is.
1720272	Ich erinnere mich daran, als wäre es gestern gewesen, doch in Wirklichkeit ist es schon fünfzehn Jahre her.	Ik heerinner mii d'r an, as haar 't güster west, doch in würrelkkaid is 't al fiiftain joer heer.
1728596	Eine von 455 Frauen merkt bis zur zwanzigsten Schwangerschaftswoche nicht, dass sie schwanger ist.	Äien fan 455 fraaulüü maarkt bit tau d' twintiğst swangerskupswêek näit, dat säi swanger is.
1728649	Tom tötete Mary, weil er herausfand, dass sie das Feuer gelegt hatte, in dem seine Familie umkam.	Tom dood'de Mary, um dat häi d'r uut fun, dat säi dat füer läeğt haar, wor siin femiilje in umkwam.
1729735	Du weißt ja, wie das ist.	Duu wäist je, woo 't is.
1730605	Divergierende Berichte veranlassten den Chef, seinen Standpunkt zu überdenken.	Diwergäärend berichten deedent däi bóós feranlóóten, siin standpunkt t' ooverdenken.
1731367	Stimmt es, dass du den Laden um neun Uhr geschlossen hast?	Stemt dat, dat duu däi winkel teegen neegen üer diechtmóókt hest?
1731369	Stimmt es, dass Sie den Laden um neun Uhr geschlossen haben?	Stemt dat, dat Jii däi winkel teegen neegen üer diechtmóókt hebbent?
1731446	Das Feuer hatte bereits auf das nebenstehende Gebäude übergegriffen, als die Feuerwehr eintraf.	Dat füer haar al up dat d'r teegen stóónd gebôojd oovergreepen, doo däi fürweer indruep.
1731451	Das Haus erlitt keinen großen Schaden, da das Feuer schnell gelöscht wurde.	Dat huus erleed kiin grôot skóó, um dat dat füer gaau leskert wur.
1731459	Ich erzitterte schon bei dem bloßen Gedanken, über den Fluss zu schwimmen.	Ik trielde al bloot bii däi gedâank, oover d' äj t' swemmen.
1731478	Wissenschaftler können leicht den Abstand zwischen zwei Planeten berechnen.	Wäitenskuppers köönent makkelk däi ofstand tüsken twei planeeten bereeken.
1731481	Wissenschaftler werden neue Methoden erdenken, um die Lebensmittelversorgung der Welt zu erhöhen.	Wäitenskuppers söölent näej metooden bedenken, um 't leevendsmiddelfersörgen fan d' weerld t' ferhoogern.
1732415	Es könnte regnen. Wir nehmen besser einen Regenschirm mit.	Dat kun reegen. Wii neement beeter 'n reegenskiirm mit.
1732417	Mich fröstelte noch immer, wenngleich ich in der Sonne saß.	Ik klöömde noch altiid, alwoo ik in d' süen sat.
1733115	Wenn Sie diesen Knopf drücken, wird sich die Tür öffnen.	Doo Jii disser knôop drükkent, sal däi dööer oopengóón.
1734696	Mein knausriger Ehemann ging zu unserem Jahrestag mit mir zu McDonald’s.	Miin naauterğ keerl gung tau us ferjorsdağ mit mii nóó McDonald’s.
1734731	Er wäre nicht verunglückt, wenn er an jenem Tage zu Hause geblieben wäre.	Häi was näit t' melöör koomen, doo häi up disser dağ in huus bleeven was.
1735113	Er schaut hin und wieder auf dem Heimweg vom Büro in diesem Buchladen vorbei.	Häi kikt hen un wen up d' häimweğ fan 't büro in disser baukwinkel f'rbii.
1735226	Ich kann nicht arbeiten, solange all diese nutzlosen Anrufe bei mir eingehen.	Ik kan näit aarbaiden, soo lâang âal disser nütslöes anraupen bii mii ingóónt.
1736833	Dieses handgemachte italienisch hergestellte Titanfahrrad ist unheimlich leicht.	Dit handmóókt itóóljeensk heerstelt titóónfîits is baldóódiğ licht.
1737338	Die Ermittlungen ergaben, dass der Polizeibeamte nichts falsch gemacht hatte.	Däi ermiddelns ergaffent, dat däi skendaarm niks ferkeert móókt haar.
1738360	Im Sommer und zu Beginn des Herbstes können Taifune die Stadt heimsuchen. In den letzten Jahren haben sie keinen nennenswerten Schaden angerichtet.	Bii sömmerdağ un anfang haarst köönent taifuunen däi stad häimsöyken. In d' ferleeden joren hebbent s' kiin nöymensweerd skóó móókt.
1743425	Glücklicherweise stellte sich mein Sohn schnell auf das Leben in seiner neuen Schule ein.	Glükkelkerwîis stelde sük miin jung gaau up dat leevend in siin näej skaul in.
1745314	Ich nehme an, dass man niemals über den Tod seines Kind hinwegkommen wird.	Ik neem an, dat man noojt oover däi dood fan siin kind weğkoomen sal.
1745319	Ich vermute, man kann mit dem Tod seines Kindes niemals wirklich abschließen.	Ik bün fermauden, man kan mit däi dood fan siin kind noojt wies ofsluuten.
1745322	Den Tod des eigenen Kind wird man wohl niemals hinter sich lassen können.	Däi dood fan dat äigen kind sal man wal noojt achter sük lóóten köönen.
1749218	Das Mädchen sah immer glücklich aus, aber es war ganz und gar nicht glücklich.	Dat wicht leet altiid blîid, man 't was häilundal näit blîid.
1750677	Sie war so darin vertieft, die Beatles zu hören, dass sie das Stelldichein mit ihm versäumte.	Säi was d'r soo in ferdäipt, däi Beatles t' höören, dat säi dat date mit hum fersüümde.
1751844	Unser Lehrer hat versucht, eine neue Methode des Englischunterrichts anzuwenden.	Us mester het fersöcht, 'n näej metôod fan d' Engelskunnerricht an t' wenden.
1753073	Es ist sehr gefährlich, auf den Zug zu springen, während er in Bewegung ist.	Dat is häil gefordelk, up d' tsuğ t' springen, wiilst häi in fort is.
1754320	Denkt ihr, dass es wichtig ist, jeden Tag zu frühstücken?	Mäinent jii, dat 't wichtiğ is, elker dağ t' früüstükken?
1755865	Der Zweite Weltkrieg endete im Jahre zwanzig der Shōwa-Zeit.	Däi Twäied Weerldoorlauğ ende in 't joer twintiğ fan däi Shōwa-tiid.
1755999	Erst lange nachdem sie geheiratet hatten fand Tom heraus, dass Mary wegen Mordes gesucht wurde.	Eerst lâang nóódeem säi traaut haarent fun Tom d'r uut, dat Mary weegen moord söcht wur.
1756984	Bist du sicher, dass du nicht auf die Toilette musst, bevor du gehst?	Büst duu seeker, dat duu näit up 't gemak maust, eer duu gaajst?
1757728	Die unteren vierzig Prozent der Bevölkerung der Vereinigten Staaten verfügen nur über null Komma drei Prozent des Reichtums.	Däi unnerst fäärtiğ prosent fan 't befolken fan d' Feräint Stóóten beskikkent bloot oover nul kummó drei prosent fan 't riikdaum.
1757735	Die unteren 40 % der Bevölkerung der Vereinigten Staaten verfügen nur über 0,3 % des Reichtums.	Däi unnerst 40 % fan 't befolken fan d' Feräint Stóóten beskikkent bloot oover 0,3 % fan 't riikdaum.
1761056	Hätte ich deine Telefonnummer gekannt, hätte ich dich angerufen.	Haar 'k diin telefoonnummer kent, haar 'k dii anraupen.
1761058	Wenn ich Ihre Telefonnummer gewusst hätte, hätte ich Sie angerufen.	Doo ik Jau telefoonnummer wust haar, haar 'k Jau anraupen.
1761060	Hätte ich eure Telefonnummer gekannt, hätte ich euch angerufen.	Haar 'k jau telefoonnummer kent, haar 'k jau anraupen.
1761163	Sie nutzte unsere Gastfreundschaft aus und blieb einen ganzen Monat, ohne uns irgendwas zu zahlen.	Säi nütsde us gastfründskup uut un bleev 'n häiel móónd, sünner us wat t' betóólen.
1761176	Entschuldigen Sie bitte die Störung, aber könnten Sie mir vielleicht den Weg zum Bahnhof erklären?	Undskülligent Jii bitte dat stöören, man kunnent Jii mii fiilicht dat pad nóó d' bóónhof ferkloren?
1761181	Er sagte, sein Vater wäre Architekt und er wolle auch einer werden.	Häi see, siin fóóder was architekt un häi wul ook äien worden.
1762603	Viele Fortschritte sind seit dem Beginn dieses Jahrhunderts gemacht worden.	Fööl f'ruutgaangen bünt siit däi begün fan dit jorhunnert móókt worden.
1765741	Da du nichts mit der Sache zu tun hast, brauchst du keine Angst zu haben.	Um dat duu niks mit däi sóóek t' daun hest, bruukst duu näit bâang t' weesen.
1765804	Der Grund, den beide Brüder dafür angaben, Junggesellen geblieben zu sein, war, dass sie nicht sowohl Flugzeuge als auch eine Frau unterhalten könnten.	Däi grund, däi bâajd brörs d'r föör angaffent, dat s' junggesellen bleeven wassent, was, dat säi näit soo wal fluğtsoigen as ook 'n frâau unnerhollen kunnent.
1766322	Wenn Tom nicht die Kurve kriegt, wird er im Gefängnis landen.	Doo Tom näit däi draaj kriğt, sal häi in 't gefangenis lannen.
1766618	Ohne deine Mithilfe hätte ich diese Arbeit sicher nicht fristgerecht erledigen können.	Sünner diin mithüelp haar ik disser aarbaid wal näit fristgerecht klorkriigen kunt.
1767097	„Weißt du, wo diese Kamera hergestellt wurde?“ – „Ich glaube, in China, aber ich bin mir nicht sicher.“	"Wäist duu, wor disser kameró heerstelt wur?" - "Ik lööv, in Skiinó, man ik bün mii näit seeker."
1767700	Wenn zwei die gleiche Meinung haben, ist deren eine überflüssig.	Doo twäj dat sülviğ mäinen hebbent, is äien d'r fan ooverflaudiğ.
1767949	Vergessen Sie nicht, Ihr Foto dem Antragsformular beizufügen.	Fergeetent Jii näit, Jau footo an dat andrağsföörmulaar bii t' faugen.
1768615	Wie lange willst du mich noch mit Schweigen strafen?	Woo lâang wult duu mii noch mit swiigen stróófen?
1768625	Ich weiß zwar nicht, was hier vor sich geht, aber ich gedenke es herauszufinden.	Ik wäit wal näit, wat hir fööer sük gaajt, man ik plóón dat uut t' finnen.
1768639	Ich versuche einfach nur dahinterzukommen, warum jemand so etwas tut.	Ik fersöyk äinfach bloot d'r achter koomen, woosoo äien soo wat daajt.
1771400	Dieses Buch ist leicht lesbar, weil es in einfachem Englisch geschrieben ist.	Dit bauk is makkelk leesbor, um dat 't in äinfolliğ Engelsk skreeven is.
1771416	Ich hätte nicht meine Zeit an den Versuch verschwenden sollen, Tom davon zu überzeugen, dass er seine Meinung ändert.	Ik haar näit miin tiid an däi fersöyk ferspillen sult, Tom d'r fan t' oovertüügen, dat häi siin mäinen annert.
1771419	Wenn mich Tom um etwas Geld gebeten hätte, so hätte ich es ihm gegeben.	Doo mii Tom um wat geld beeden haar, soo haar ik hum dat geeven.
1773406	Du bist so ein Lügner!	Duu büst soo 'n läigert!
1773420	Die Leute sagen zwar unentwegt, dass sie schön wäre, aber in Wirklichkeit ist sie’s nicht.	Däi lüü säegent wal liikuutweğ, dat säi mooj was, man in würrelkkaid is säi 't näit.
1774882	Bitte bleiben Sie sitzen, bis der Bus ganz zum Stehen gekommen ist.	Bitte bliivent Jii sitten, bit däi bus häil tau 't stóón koomen is.
1774883	Bitte bleibt sitzen, bis der Bus völlig zum Stehen gekommen ist.	Bitte bliivt sitten, bit däi bus häilmóóls tau 't stóón koomen is.
1774884	Bitte bleib sitzen, bis der Bus gänzlich zum Stehen gekommen ist.	Bitte bliiv sitten, bit däi bus häilmóóls tau 't stóón koomen is.
1779108	Ich verbrachte drei Jahre damit, einen guten Direktor zu suchen, konnte aber keinen finden.	Ik ferbroch drei joer d'r mit, 'n gâaud direktoor t' söyken, man kun kiin finnen.
1779374	Wenn du zu mir nach Hause kommst, erzähl ich dir die Geschichte in allen Einzelheiten.	Doo duu nóó mii nóó huus tau kumst, fertel ik dii dat ferhóól in âal enkelhaiden.
1779894	Wenn sich etwas zu gut anhört, um wahr zu sein, dann ist es das wahrscheinlich auch.	Doo sük wat t' gaud anhöört, um woer t' weesen, dan is 't dat worskiinelk ook.
1779901	Es war ziemlich angenehm.	Dat was läip angeneem.
1783441	Tom war betrübt, als er herausfand, dass Maria ein Geldegel war, und Maria war betrübt, als sie herausfand, dass Tom ein armer Schlucker war.	Tom was bedröyvt, doo häi d'r uut fun, dat Marió 'n geldengel was, un Marió was bedröyvt, doo säi d'r uut fun, dat Tom 'n âarm blaud was.
1783740	Tom ist reich genug, um sich, wo auch immer er es wünscht, ein Haus zu kaufen.	Tom is riik nauğ, um sük, wor ook immer häi dat wul, 'n huus t' koopen.
1784769	Ich bin zur nächsten Bibliothek gegangen, um ein paar Bücher zu diesem Thema zu finden.	Ik bün nóó d' nóóest bibliotäik góón, um 'n poer bauken tau dit teemó t' finnen.
1788280	Nachdem ich den Hügel hinaufgerannt war, war ich völlig außer Atem.	Nóódeem ik däi höeğt anhooğ loopen was, was ik häil uut d' pûust.
1789958	Ungeachtet der Tatsache, dass sie beschäftigt war, kam sie, um sich mit mir zu treffen.	Alwoo säi 't drok haar, kwam säi, um sük mit mii t' dräepen.
1790147	Die Summe aller Winkel eines Dreiecks beträgt hundertachtzig Grad.	Däi suem fan âal winkels fan 'n dreikâant bedrağt hunnerttachentiğ gróód.
1790683	Selbst wenn ich beide Hände nehme, kann ich kein Ei aufschlagen, ohne den Dotter zu verletzen.	Sülst doo ik bâajd hâan neemen dau, kan ik kiin âaj oopenslóón, sünner däi dööel t' beseeren.
1790690	Es fing an, heftig zu regnen. Darum spielten wir drinnen.	Dat fung an, düğtiğ t' reegen. Düs spööldent wii binnen.
1790694	Da sie nicht weiter zunehmen will, isst sie keinen Kuchen.	Um dat säi näit wiider tauneemen wil, et't säi kiin kâauk.
1790695	Sie isst keinen Kuchen, weil sie nicht noch weiter zunehmen will.	Säi et't kiin kâauk, um dat säi näit noch wiider tauneemen wil.
1790700	Japan entsendet seit dem Jahr 1912 Sportler zu den Olympischen Spielen.	Jóópóón stürt siit dat joer 1912 sportlers nóó d' olümpsk spöölen.
1790701	Obwohl er gleich nebenan wohnt, sagt er uns nicht einmal hallo.	Alwoo häi fut teegenan woont, säeğt häi us näit móól fan moin.
1790702	Obwohl er nebenan wohnt, begrüßt er uns nicht einmal.	Alwoo häi teegenan woont, begröt't häi us näit móól.
1790767	Aufgrund des Sturmes hatten wir keine andere Wahl, als zu Hause zu bleiben.	Weegen däi stöörm haarent wii kiin anner wóól, as in huus t' bliiven.
1790774	Seine Mutter sagte, dass er seit fünf Wochen krank im Bett liege.	Siin mauder see, dat häi siit fiif wêek krank up bäer lağ.
1790784	Die Dorfbewohner schlugen eine hölzerne Brücke über den Fluss.	Däi lauğsters sloogent 'n holten brüeğ oover d' äj.
1790785	Die Dorfbewohner bauten eine Holzbrücke über den Fluss.	Däi lauğsters baaudent 'n holten brüeğ oover d' äj.
1790792	Mir macht nichts mehr Spaß, als mich mit ihm zu unterhalten.	Mii móókt niks meer spóós, as mii mit hum t' unnerhollen.
1791648	Das ist erst der Anfang!	Dat is eerst däi anfang!
1791782	Das ist genau das, was ich gebraucht habe.	Dat is genaau dat, wat ik bruukt heb.
1792519	Wohin du auch gehst, siehst du viele zurückgelassene Fahrräder auf den Gehwegen bei den Bahnhöfen.	Wor hen duu ook gaajst, süğst duu fööl t'rüeğlóóten fiitsen up däi fautpóóden bii d' bóónhoffen.
1792537	Zivilisation ist die unablässige Vermehrung unnötiger Notwendigkeiten.	Tsiwiilisóósjoon is dat stóódiğ fermeerdern fan unnöödiğ noodwendiğkaiden.
1794576	Tom spielte drei Stunden lang unablässig Klavier.	Tom spöölde drei stüen lang stielweğ klewäär.
1795473	Einige Kinder lernen mit Leichtigkeit Sprachen und andere mit Schwierigkeiten.	Enkeld kinner leerent mit makkelkkaid tóólen un annernt mit sturiğkaid.
1795766	Die Geschworenen befanden, dass Samsung die Patente von Apple verletzt habe.	Däi swoorenen befunnent, dat Samsung däi patenten fan Apple beseert haar.
1796071	Der Film handelt von einem Mafiaboss aus New Jersey, der sich in Psychotherapie befindet.	Däi film hannelt fan 'n mafióbóós uut New Jersey, däi sük in psüüchoterópii befinnen daajt.
1796089	Sein Gedächtnisverlust ist eher ein psychisches als ein physisches Problem.	Siin gedechtnisferlüüs is eer 'n psüüchisk as 'n körperliik probleem.
1796095	Jeder Student der Biologe, der Anatomie, der Anthropologie, der Ethnologie oder der Psychologie ist mit diesen Fakten vertraut.	Elker stuudent fan däi bioloogii, däi anatoomii, däi antropoloogii, däi etnoloogii of däi psüücholoogii is mit disser fakten fertraut.
1798251	Zum Nachtisch bestellte sich Tom Schokoladenparfait mit Vanilleeis.	As nóóspîis bestelde sük Tom tsukkerlóóden parfait mit waniljeiis.
1798260	Diese Stadt ist so klein, dass man ohne weiteres sämtliche Namen lernen kann.	Disser stad is soo lütjet, dat man waldêeğ âal nóómen leeren kan.
1798295	Er will einfach nicht hören. Man kann genausogut gegen eine Wand reden.	Häi wil äinfach näit höören. Man kan net soo gaud teegen 'n wand an prooten.
1798308	Ich werde einmal das Geschäft meines Vaters übernehmen müssen.	Ik sal insent dat geskeft fan miin fóóder ooverneemen mauten.
1798317	Ob ich schlafe oder wache — ich denke stets an dich.	Of ik slóóp of wóók - ik denk stielweğ an dii.
1798345	Als ich gerade das Haus verlassen wollte, erhielt ich einen Anruf von ihr.	Doo ik net dat huus ferlóóten wul, kreeğ ik 'n anraup fan höör.
1798349	Wir unterhielten uns leise, um den Säugling nicht zu wecken.	Wii unnerhullent us sâacht, um däi puep näit wóóker t' móóken.
1798468	Könnten Sie mir bitte eine Kamera zeigen, die günstiger ist als diese hier?	Kunnent Jii mii bitte 'n kameró wiisen, däi günstiger is as disser hir?
1798479	Unser Klassentreffen weckte alte Erinnerungen an jene Zeit, als wir noch Schüler waren.	Us klassendräepen wook oel heerinnerns an däi tiid, as wii noch skaulers wassent.
1799953	Die Idee mag verrückt scheinen, aber ich denke, wir sollten Tom und Mary gerade jetzt besuchen.	Däi idee mağ maal lóóten, man ik denk, wii sullent Tom un Mary jüüst nuu besöyken.
1800078	Hast du schon einmal eine englischsprachige Zeitung abonniert?	Hest duu al móól 'n engelsktóóliğ bladje abonnäärt?
1800691	Die Rettungskräfte durchsuchten die Umgebung in der Hoffnung, das Kind zu finden.	Däi reddenskrachten döörsöchent dat umfeld in d' hôop, dat kind t' finnen.
1800754	Tom und seine Spießgesellen schnitten elf Männern und Frauen die Kehle durch.	Tom un siin kunsorten sneedent elf manlüü un fraaulüü däi kêel döör.
1801869	Triff eine Entscheidung und tu es mit der Zuversicht, dass du richtig liegst.	Dräep 'n undskäiden un dau 't mit däi tauf'rsicht, dat duu recht hest.
1804774	Seine Doktorarbeit muss bis zum Ende des Monats beim Professor eingereicht sein.	Siin doktooraarbaid maut bit tau 't äen fan d' móónd bii d' professoor inlangt weesen.
1805400	Bereits in jungen Jahren hatte Jorge Luis Borges schwere Sehprobleme.	Al in jueng joren haar Jorge Luis Borges swoer säiprobleemen.
1805401	Die Konstruktion ist nicht stark genug, um ein solches Gewicht zu tragen.	Däi kunstruksjoon is näit staark nauğ, um soo 'n gewicht t' dróógen.
1805866	Kaum ein Drittel der Bevölkerung dieses Landes hat Zugang zum Internet.	Knap äin daardel fan dat befolken fan dit land het taugaang tau 't internet.
1807032	Vielen Dank, dass du mich bis nach Hause gefahren hast.	Bedankt, dat duu mii bit nóó huus tau foren hest.
1807033	Vielen Dank, dass Sie mich bis nach Hause gefahren haben.	Bedankt, dat Jii mii bit nóó huus tau foren hebbent.
1807046	Ich würde gerne wissen, warum sie meinen Namen von der Liste genommen haben.	Ik dee geern wäiten, woosoo säi miin nóóm fan däi liest noomen hebbent.
1807181	Tom dachte, dass es für Mary schwierig sein würde, für das Konzert eine Karte zu bekommen.	Tom doch, dat 't föör Mary stur weesen sul, föör dat kunsert 'n koert t' kriigen.
1807601	Glaube nichts von dem, was du hörst, und nur die Hälfte von dem, was du siehst.	Lööv niks fan dat, wat duu höörst, un bloot däi hâalft fan dat, wat duu süğst.
1808139	Ich habe gehört, dass Tom mindestens genauso gut kochen kann wie seine Frau.	Ik heb höört, dat Tom minst net soo gaud kooken kan as siin frâau.
1808141	Ich habe gehört, dass Tom genauso gut kochen kann wie seine Frau, wenn nicht noch besser.	Ik heb höört, dat Tom net soo gaud kooken kan as siin frâau, wen näit noch beeter.
1808578	Lass uns hier eine kurze Pause machen. Meine Beine tun weh und ich kann nicht mehr laufen.	Lóót us hir 'n köert pâaus móóken. Miin bäien daunt seer un ik kan näit meer loopen.
1809087	Tom fing mit den Leuten, die ihn beobachteten, zu streiten an.	Tom fung mit däi lüü, däi hum abserwäärdent, t' skendóólen an.
1809216	Tom isst mit seiner linken Hand, aber er schreibt mit seiner rechten.	Tom et't mit siin linker hand, man häi skrift mit siin rechter hand.
1809239	Studenten, die zu spät kommen, werden nicht in die Halle eintreten dürfen.	Stuudenten, däi t' lóót kooment, söölent näit in däi hâal intreeden düren.
1809349	Die Mormonen haben die Polygamie verboten, aber einige Anhänger praktizieren sie immer noch.	Däi mormoonen hebbent däi poligóómii ferbooden, man wat anhengers praktisäärent höör altiid noch.
1809393	Tom hat einen Bart, genau wie sein Vater, seine Großväter und seine Brüder.	Tom het 'n bord, net as siin fóóder, siin besfóóers un siin brörs.
1809803	Zum Teil ist die Abnahme der Entwicklungshilfeleistungen Japans auf einen heimischen ökonomischen Abschwung zurückzuführen.	Däils is dat ofneemen fan däi undwikkelnshülplaistungen fan Jóópóón up 'n häimsk ökonoomsk dóólgaang t'rüeğ t' fören.
1811071	Ich kann Tom nicht finden. Er ist doch noch nicht fort, oder?	Ik kan Tom näit finnen. Häi is doch noch näit weğ, of näit?
1811151	Mein älterer Bruder ist wirklich groß — etwa einen Meter achtzig.	Miin ollerder brör is wies groot - ruuğweğ 'n meeter tachentiğ.
1811235	Ich weiß, dass es mir nur höchst unwahrscheinlich gelingen wird, dich davon zu überzeugen, dass du dich irrst.	Ik wäit, dat mii dat man hooğst unworskiinelk lingen sal, dii d'r fan t' oovertüügen, dat duu dii fersüğst.
1811237	Ich weiß, dass es höchst unwahrscheinlich ist, dass es mir gelingen wird, dich zu überzeugen, dass du dich irrst.	Ik wäit, dat 't hooğst unworskiinelk is, dat 't mii lingen sal, dii t' oovertüügen, dat duu dii fersüğst.
1811580	Vor langer Zeit, als ich jung war, pflegte ich täglich in mein Tagebuch zu schreiben.	Fööer lâang tiid, doo ik jung was, dee ik dóógelk in miin dóóğbauk skriiven.
1811750	Es gab vieles, was wir tun wollten, aber wir sind nicht zu viel gekommen.	Dat gaf 'n büelt, wat wii daun wullent, man wii bünt näit tau fööl koomen.
1811909	Bevor ich mich entschloss, die Jacke zu kaufen, probierte ich sie an um zu sehen, ob sie passte.	Eer ik mii undsloot, däi jikkert t' koopen, probäärde ik hum an um t' säin, of häi paasde.
1811913	Toms dritte Ehe war unglücklich, und er überlegte, ob er sich noch ein Mal scheiden lassen sollte.	Tom siin dâard äecht was unglükkelk, un häi dee ooverläegen, of häi sük noch insent skäiden lóóten sul.
1812026	Er war nicht so töricht, in ihrer Gegenwart davon zu sprechen.	Häi was näit soo sot, in höör biiweesen d'r fan t' prooten.
1812027	Wir sammeln Sätze und deren Übersetzungen in andere Sprachen.	Wii sóómelnt satsen un höör ooversettens in anner tóólen.
1812115	Mir fiel beim besten Willen der Titel des Liedes nicht mehr ein.	Mii ful bii 'n besten willen däi tittel fan 't läid näit meer in.
1812217	Frau zu sein ist schwer. Man muss denken wie ein Mann, sich benehmen wie eine Dame, aussehen wie ein Mädchen und schuften wie ein Pferd.	Frâau t' weesen is stur. Man maut denken as 'n man, sük gedróógen as 'n dóóem, lóóten as 'n wicht un knoojen as 'n peerd.
1812400	Wie frühzeitig muss ich reservieren, um den Preisnachlass zu bekommen?	Woo frautiidiğ maut ik reserwäären, um däi priisnóólóót t' kriigen?
1812814	Mir kam nie der Gedanke, dass er der richtige Mann am richtigen Platz wäre.	Mii kwam noojt däi gedâank, dat häi däi räecht keerl up d' räecht stee was.
1812815	Mir kam der Gedanke, dass er der richtige Mann war.	Mii kwam däi gedâank, dat häi däi räecht keerl was.
1813284	Die Kinder bewegen die Zahnbürsten, als ob sie sich die Zähne putzen würden, aber mir können sie nichts vormachen.	Däi kinner beweegent däi tanbössels, as of säi sük däi tannen bösseln deedent, man mii köönent s' niks föörmóóken.
1813462	Am nächsten Montag wird sie einen Monat lang im Krankenhaus gewesen sein.	Anner móóndağ sal säi 'n móónd lang in 't krankenhuus west hebben.
1813466	Ich habe nicht im entferntesten daran gedacht, dass sie im Krankenhaus läge.	Ik heb d'r noojt näit an docht, dat säi in 't krankenhuus lağ.
1813472	Tom hielt Maria für die schönste Frau der Welt.	Tom hul Marió föör däi môojst frâau fan d' weerld.
1813473	Meine Tochter liegt im Krankenhaus, weil sie in einem Verkehrsunfall verletzt wurde.	Miin dochter liğt in 't krankenhuus, um dat säi bii 'n ferkeersunfal beseert wur.
1813474	Trotz des heftigen Regens besuchte er seinen Freund im Krankenhaus.	Trots däi fäel reegen besöch häi siin fründ in 't krankenhuus.
1813498	In einem so kleinen Wörterbuch wirst du dieses Wort wahrscheinlich nicht finden.	In soo 'n lütjet woordenbauk sast duu dit woord worskiinelk näit finnen.
1813521	Tom und Maria haben gerade erst geheiratet, doch benehmen sich nicht wie Jungvermählte.	Tom un Marió hebbent net eerst traaut, doch gedróógent säi sük näit as neitraaut lüü.
1813534	Tom fuhr aus der Haut, als er erfuhr, dass Maria mit Johannes ausgegangen war.	Tom fur uut d' huud, doo häi gewoer wur, dat Marió mit Johannes uutgóón was.
1813541	Vielen herzlichen Dank, dass du mir, als ich nicht über die Runden kam, fünfhundert Dollar geliehen hast!	Bedankt, dat duu mii, as 'k näit oover d' kluuten koomen dee, fiifhunnert duller läint hest!
1813642	Sie hatte gerade angefangen, das Buch zu lesen, als jemand an der Türe klopfte.	Säi haar net anfangen, dat bauk t' leesen, doo äien an d' dööer kloppen dee.
1813664	Es wäre besser, wenn du mit solchen Männern keinen Umgang pflegtest.	Dat was beeter, doo duu mit sükker keerls kiin umgaang pleegen deest.
1813677	Ich sagte ihr ein für allemal, dass ich nicht mit ihr einkaufen gehen würde.	Ik see höör äien f'râal, dat ik näit mit höör up böskup góón sul.
1813715	Maria öffnete ihr Haar und einen Knopf ihrer Bluse.	Marió mook höör hoer un 'n knôop fan höör blûus oopen.
1814096	Tom und Mary waren meine Backgroundsänger, wenn ich früher Auftritte hatte.	Tom un Mary wassent miin backgroundsingers, doo ik frauer uptreedens haar.
1814117	Tom und Maria waren damals, als ich noch Auftritte hatte, meine Begleitsänger.	Tom un Marió wassent dootiids, doo ik noch uptreedens haar, miin begläidsingers.
1814308	Ich stand mit ihm mehr als zwanzig Jahre lang auf freundschaftlichem Fuß.	Ik haar mit hum meer as twintiğ joer lang 'n fründskuppelk band.
1815085	Tut mir leid, dass ich so spät bin. Ich hatte das Treffen komplett vergessen.	Dat spit't mii, dat ik soo lóót bün. Ik haar dat dräepen häil fergeeten.
1815861	Ich diskutierte mit ihm das Abfallproblem unter dem Gesichtspunkt des Recyclings.	Ik diskutäärde mit hum dat ofgefalprobleem unner d' gesichtspunkt fan 't recycling.
1816613	Wenn Ihre Preise wettbewerbsfähig sind, werden wir eine umfangreiche Bestellung aufgeben.	Doo Jau priisen wedbewaarfsfeeiğ bünt, söölent wii 'n umfangrîik bestellen upgeeven.
1816623	Ich schicke Ihnen gleich den Bericht; Sie müssen also nicht lange warten.	Ik stür Jau fut däi bericht; Jii mautent alsoo näit lâang wachten.
1816670	Einsame Menschen haben oft Angst davor, andere kennenzulernen, was dazu führt, dass sie immer einsam bleiben.	Äinsóóem minsken bünt fóók bâang d'r fööer, annernt kennen t' leeren, wat d'r tau fört, dat säi altiid alleniğ bliivent.
1816751	Als ich heute Morgen aufwachte, war der Regen zu Schnee geworden.	Doo ik fanmörn upwóóken dee, was däi reegen tau snäj worden.
1816783	Der Film ist für Kinder.	Däi film is föör kinner.
1817034	Kindern unter dreizehn Jahren ist der Zutritt zu diesem Swimmingpool untersagt.	Kinner unner daartain joer is däi taugaang tau disser swimmingpool unnersäeğt.
1817325	Meiner Meinung nach ist Australien eines der besten Länder der Welt.	Nóó miin mäinen is Aaustróólien äien fan däi bäest lâan fan d' weerld.
1817399	Mein Büro befindet sich im vierten Stock dieses grauen sechsstöckigen Gebäudes.	Miin büro befint sük in d' fäärd stok fan dit grîis sesstokkiğ gebôojd.
1817454	Eine Lieblingstheorie von mir ist, dass man die Dinge aus der Distanz anschauen sollte.	'N läiefst teorii fan mii is, dat man däi dingen uut d' distans bekiiken sul.
1818997	Er verließ seine Heimatstadt im Alter von fünfzehn, um nie mehr zurückzukehren.	Häi ferleet siin häimóótstad up 't oller fan fiiftain, um noojt meer t'rüeğ t' keeren.
1819002	Wie gewöhnlich kam er eine Viertelstunde zu spät.	As altiid kwam häi 'n kertäärsüer t' lóót.
1819022	Er hat zwei Töchter, die eine ist Pianistin und die andere Geigerin.	Häi het twei dochters, däi äien is pióónist un däi anner fjoolist.
1819924	Mein Auto, das gestern stehen blieb, ist noch nicht repariert worden.	Miin aauto, wat güster stóón bleev, is noch näit reparäärt worden.
1821249	In meine Schwimmbrille kommt Wasser hinein. Ich glaube, sie passt nicht richtig.	In miin swembriel kumt wóóter in. Ik lööv, häi paast näit recht.
1821265	Was mich in China am meisten beeindruckte, waren die Chinesen.	Wat mii in Skiinó mäist beindrükde, wassent däi Skiineesen.
1821745	Tom und Mary kommen nicht miteinander klar. Sie haben nichts gemein.	Tom un Mary kooment näit mitnanner uut. Säi hebbent niks mäin.
1821918	Als mein Onkel nach Amerika aufbrach, kamen viele Leute zum Flughafen, um ihn zu verabschieden.	Doo miin unkel nóó Amerikó upbrook, kwamment fööl lüü nóó d' fluğhóóven, um hum t' ferofskäiden.
1821986	Mein Onkel trank weiter Alkohol, trotz des Ratschlags seines Arztes.	Miin unkel drunk wiider kuer, trots däi róódslağ fan siin dokter.
1822922	Was mich anbelangt, so ziehe ich es vor, zu Hause zu lesen statt in einer Bibliothek, wo man neben Fremden sitzt.	Wat mii anbelangt, soo trek ik 't fööer, in huus t' leesen in stee fan in 'n bibliotäik, wor man teegen frömmen sit't.
1823134	Danke für das Kompliment!	Bedankt föör dat kumpelment!
1823376	Er rüstete sich mit allem aus, was er zur Besteigung des Berges benötigte.	Häi rüst'de sük mit âals uut, wat häi tau 't bestiigen fan däi baarğ benöödiğde.
1823542	Es ist so gut wie unmöglich, dass du die Arbeit in einem Tag schaffst.	Dat is soo gaud as unmöögelk, dat duu däi aarbaid up äin dağ skirst.
1824054	Was immer er für Fehler haben mag, Geiz gehört nicht dazu.	Wat häi ook föör feelers hebben mağ, gits höört d'r näit tau.
1824101	Es fiel ihm schwer, seinen Stolz über seinen Erfolg zu verstecken.	Dat was stur föör hum, siin stolt oover siin erfolğ t' ferstoppen.
1824478	Ich hätte gerne das billigste Zimmer, das Sie haben, für vier Nächte.	Ik haar geern däi billiğst kóómer, däi Jii hebbent, föör fäär nachten.
1824559	Es ist sinnlos zu versuchen, ihn davon zu überzeugen.	Dat is sinlös t' fersöyken hum d'r fan t' oovertüügen.
1824615	Ich werde ihn um ein Autogramm bitten. Hast du etwas zum Schreiben dabei?	Ik sal hum um 'n aautogram beeden. Hest duu wat t' skriiven d'r bii?
1824871	Als ich ihn darum bat, mir etwas Geld zu leihen, schlug er es mir ab.	Doo ik hum d'r um beed'de, mii wat geld t' läinen, slooğ häi mii dat uut.
1825080	Louis Braille, der seit seinem vierten Lebensjahr blind war, hat eine Methode erfunden, mit der Blinde lesen können.	Louis Braille, däi siit siin fäärd leevendsjoer blind was, het 'n metôod uutfunnen, mit däi blinnen leesen köönent.
1825232	Tom wird wahrscheinlich morgen aus dem Krankenhaus entlassen werden.	Tom sal worskiinelk mörn uut 't krankenhuus undlóóten worden.
1825959	Was würden Sie machen, wenn in ihrer Nachbarschaft ein Feuer ausbräche?	Wat deedent Jii móóken, doo in Jau nóóberskup 'n füer uutbreeken dee?
1825962	Was würdest du machen, wenn in deiner Nachbarschaft ein Feuer ausbräche?	Wat deest duu móóken, doo in diin nóóberskup 'n füer uutbreeken dee?
1826260	Ich liebe meine neue Wohnung, weil sie sehr nahe am Bahnhof liegt.	Ik läiv miin näej woonen, um dat häi läip diecht bii d' bóónhof liğt.
1826889	Ich erhielt einen Brief von ihm mit dem Ergebnis, dass er mein Angebot nicht annehmen könne.	Ik kreeğ 'n bräif fan hum mit dat resultóót, dat häi miin anbod näit anneemen kun.
1827755	Nach meiner Berechnung sollte sie jetzt in Indien sein.	Nóó miin bereeken sul säi nuu in Injen weesen.
1827989	Zögern Sie nicht zu fragen, wenn Sie meine Erklärung nicht verstehen!	Trüegelnt Jii näit t' fróógen, doo Jii miin ferkloren näit ferstóónt!
1827990	Zögere nicht zu fragen, wenn du meine Erklärung nicht verstehst!	Trüegel näit t' fróógen, doo duu miin ferkloren näit ferstaajst!
1828870	Mein Großvater wird die Bibel zehn Mal gelesen haben, wenn er sie nochmals liest.	Miin besfóóer sal däi biibel tain móól leesen hebben, doo häi hum noch insent lest.
1829966	Mein Opa mag es, am Morgen einen Spaziergang zu machen.	Miin besfóóer mağ 't, up d' mörn 'n kaierpad t' móóken.
1829967	Meinem Großvater gefällt es, morgens spazieren zu gehen.	Miin besfóóer gefaalt dat, 's mörns kaiern t' góón.
1829985	Meine Großmutter führt ihre gute Gesundheit auf eine aktive Lebensweise zurück.	Miin bäep fört höör gâaud sundhaid up 'n aktîif leevendswîis t'rüeğ.
1830347	Meine Körpertemperatur lag heute Morgen unter siebenunddreißig Grad.	Miin körpertemperótüer lağ fanmörn unner söömundaartiğ gróód.
1830832	Es macht keinen Unterschied, ob du antwortest oder nicht.	Dat skeelt niks of duu anterst of näit.
1830833	Es ist egal, ob du antwortest oder nicht.	Dat is mii ne'ğeliik of duu anterst of näit.
1831228	Ich würde ihn als einen Mann mittleren Alters in einer gelben Jacke mit orangefarbener Krawatte und rosa Hemd beschreiben.	Ik dee hum as 'n middeloel man in 'n gêel jikkert mit ooranzjklöört slips un roosó hemd beskriiven.
1831253	In den kalten Moskauer Wintern ist es am besten, eine Schapka auf dem Kopf zu haben.	In däi koel Moskaauer winters is 't best, 'n skapkó up d' kop t' hebben.
1831310	Es ist höchste Zeit, dass die Regierung etwas gegen die Umweltverschmutzung unternimmt.	Dat is hooğnöödiğ tiid, dat dat regäären wat teegen dat umweerldferfuulen unnerneemen daajt.
1831334	Meine Meinung unterscheidet sich von den meisten der anderen Schüler in meiner Klasse.	Miin mäinen ferskeelt fan däi mäisten fan däi anner skaulers in miin klâas.
1831871	Die Filmrechte eines erfolgreichen Romans sind schnelles Geld für den Autor.	Däi filmrechten fan 'n erfolğrîik romóón bünt gâau geld föör däi aautoor.
1832898	In Alaska kann man Naturphänomene wie das Polarlicht sehen, stimmt's?	In Alaskó kan man natürfenoomeenen as dat poolaarlücht säin, ne?
1832901	Wie viel Tage dauert es, wenn ich das als Einschreiben schicke?	Woo fööl dóóeğ dürt 't, doo ik dat as inskriiven stüren dau?
1832967	Das britische Schiff wurde aufgebracht und in die Vereinigten Staaten gebracht.	Dat briitsk skip wur upbrocht un in däi Feräint Stóóten brocht.
1832968	Ich möchte besonders unserem rekordverdächtigen Verkaufsteam danken.	Ik wul besünners us rekordferdechtiğ ferkoopsteam danken.
1833012	Da dieser Brief zu hastig geschrieben worden war, war er voller Fehler.	Um dat disser bräif t' hóóstiğ skreeven worden was, was häi ful fan feelers.
1833029	Mir ist egal, wo wir essen. Das überlasse ich ganz dir.	Mii is ne'ğeliik, wor wii eetent. Dat ooverlóót ik häil dii.
1833060	Ich hielt mich am Seil fest so lange ich konnte, aber schließlich musste ich loslassen.	Ik hul mii an 't taau fast soo lâang as ik kun, man amäen mus ik löslóóten.
1833455	Bitte ersetzen Sie die leere Tintenpatrone im Drucker.	Bitte ersettent Jii däi lêeğ enktpetrôon in d' drükker.
1833534	Wenn du dich zu sehr auf das Team verlässt, könnte es deine individuellen Konkurrenzinstinkte negativ beeinflussen.	Doo duu dii d'r t' fööl up dat team ferlóóten daajst, kun dat diin indiwiduäel kunkurrensinstinkten negótiif beinflauden.
1833786	Dieser Artikel beleuchtet kritisch die Art und Weise, wie in dieser Angelegenheit untersucht wird.	Disser artikkel belücht't kriitsk däi ord un wîis, woo d'r bii dit baudel unnersöcht word't.
1833803	So wie es häufig bei ihm der Fall ist, hatte er sein Lehrbuch zuhause liegen lassen.	Soo as 't fóók bii hum dat gefal is, haar häi siin leerbauk in huus liegen lóóten.
1834723	Der Populationszuwachs in den Entwicklungsländern ist sehr groß.	Däi populóósjoonstauwaas in d' undwikkelnslâan is läip groot.
1834903	Sie zahlte ohne zwingenden Grund für die Unterrichtsstunden ihrer Tochter.	Säi betóólde sünner dwingend grund föör däi unnerrichtsstünnen fan höör dochter.
1834908	Sie organisierte eine Teeeinladung mit der Absicht, ihren Freunden die Tochter vorzustellen.	Säi orgóónisäärde 'n teenöygen mit däi ofsicht, höör früen däi dochter fööer t' stellen.
1834931	Du solltest das Beste aus dieser seltenen Gelegenheit machen, dein Talent zu demonstrieren.	Duu sust dat bäest uut disser selden geleegenhaid móóken, diin talent t' demonsträären.
1835234	Es ist offensichtlich, dass sie sich nicht für uns interessiert.	Dat is oopensichtelk, dat säi sük näit föör us interessäärt.
1835620	Sie ging sehr vorsichtig.	Säi leep läip f'rsichtiğ.
1835629	Sie bringt es nicht über sich, Fotoalben fortzuwerfen, die mit Erinnerungen an ihn gefüllt sind.	Säi brengt dat näit oover sük, footoalben weğ t' smiiten, däi mit heerinnerns an hum fült bünt.
1835638	In den besten Hotels steht einem immer jemand voll und ganz zur Verfügung.	In däi bäest hotels staajt äien altiid wel häilundal t' beskikken.
1835687	Die diplomatischen Beziehungen zwischen Kanada und dem Iran sind seitdem abgebrochen.	Däi diploomóótsk betrekkens tüsken Kanóódó un Iróón bünt siitdeem ofbrooken.
1836633	Ich möchte den Inhalt der Präsentation zusammenfassen und eine Schlussfolgerung ziehen.	Ik wil däi inhold fan däi presentóósjoon t'sóómenfóóten un 'n kunklusjoon trekken.
1836968	Der Mann, der neben der Tür steht, und die Frau, die auf der anderen Seite des Zimmers neben dem Fenster steht, haben ein fotografisches Gedächtnis.	Däi man, däi teegen d' dööer staajt, un däi frâau, däi up d' anner siid fan d' kóómer teegen 't fenster staajt, hebbent 'n footogróófsk gedechtnis.
1836971	Die Frau, die ein Kind auf ihrem Knie sitzen hat, hat ein fotographisches Gedächtnis.	Däi frâau, däi 'n kind up höör knäj sitten het, het 'n footogróófsk gedechtnis.
1836977	Der Mann da drüben, der neben dem Bücherschrank steht, hat ein photographisches Gedächtnis.	Däi man dor günt, däi teegen 't baukenskap staajt, het 'n footogróófsk gedechtnis.
1837150	Es leuchtet mir nicht ein, dass Tom hin dürfen soll, aber Mary nicht.	Dat begriip ik näit, dat Tom hen düren sal, man Mary näit.
1837423	Wenn sie nur gewusst hätte, dass ich in Tokio war, wäre sie mich besuchen gekommen.	Doo säi man wust haar, dat ik in Tokio was, was säi bii mii up fersîit koomen.
1839248	Bevor ich hätte Widerspruch einlegen können, waren mir schon Handschellen angelegt worden und ich befand mich auf dem Weg ins Gefängnis.	Eer ik weerspröök inläegen kunt haar, wassent mii al handskellen anläeğt worden un ik befun mii up d' weğ in 't gefangenis.
1839249	Bevor ich hätte Widerrede leisten können, war ich bereits in Handschellen und auf dem Weg ins Gefängnis.	Eer ik teegenprooten kunt haar, was ik al in handskellen un up d' weğ in 't gefangenis.
1839417	Es ist schwierig, wenn nicht gar unmöglich, für mich, ihn im Tennis zu schlagen.	Dat is stur, wen näit häil unmöögelk, föör mii, hum in 't tennis t' slóón.
1842061	Es ist weniger die Hitze als die Feuchtigkeit, die mich müde macht.	Dat is minner däi hiets as dat fuchten, däi mii möej móókt.
1842065	Plötzlich kam ein Mann, packte meinen Koffer und lief davon.	T'móól kwam 'n keerl, pakde miin kuffer un leep d'r fandöör.
1842066	Das Flugzeug startete, sobald ich am Flughafen ankam.	Dat fluğtsoiğ start'de, soo dróó ik bii d' fluğhóóven ankwam.
1842079	Als ich Vater um mehr Geld bat, ging er richtig hoch und schrie mich an.	Doo ik fóóder um meer geld bad, wur häi raajn dül un bölkde mii an.
1842080	Ich war acht Jahre alt, als ich mit meinem Vater zusammen den Fuji bestieg.	Ik was acht joer old, doo ik mit miin fóóder t'sóómen däi Fuji besteeğ.
1842085	Mein Sohn hatte stundenlang geschrieben, als ich das Zimmer betrat.	Miin jung haar stünnenlang skreeven, doo ik däi kóómer betreeden dee.
1842097	Die einzige Schwierigkeit, die ich je hatte, war, mit Leuten umzugehen, die meine Art nicht mochten.	Däi enkeld sturiğkaid, däi ik oojt haar, was, mit lüü um t' góón, däi miin ord näit muğğent.
1842110	Das Erste, was ich morgen machen möchte, ist, eine gute Teilzeitarbeit zu finden.	Dat êerst, wat ik mörn móóken wil, is, 'n gâaud däiltiidaarbaid t' finnen.
1842112	Als erstes möchte ich mir morgen eine vernünftige Teilzeitstelle suchen.	As êerst wul ik mii mörn 'n fernüftiğ däiltiidstee söyken.
1842113	Das einzige, was mir je Schwierigkeiten bereitete, war es, mit Leuten umzugehen, denen meine Art missfiel.	Dat enkeld, wat mii oojt sturiğkaiden móóken dee, was 't, mit lüü um t' góón, däi miin ord misful.
1842116	Als ich ihn um mehr Geld bat, brauste mein Vater auf und fing an, mich anzuschreien.	Doo ik hum um meer geld beed'de, wur miin fóóder fergrelt un fung an, mii an t' bölken.
1843483	Es fiel ihr nicht schwer, die Antwort für das Problem zu finden.	Dat was näit stur föör höör, dat antern föör dat probleem t' finnen.
1843527	Sie verbrachte die halbe Nacht mit ihrem Kopf über der Toilettenschüssel und übergab sich.	Säi ferbroch däi hâalf nacht mit höör kop oover d' tolettensköddel un oovergaf sük.
1844351	Sie hielt eine wundervolle Ansprache beim Hochzeitsempfang ihres Freundes.	Säi hul 'n wunnerboer anspróóek bii 't hochtiidsundfangst fan höör fründ.
1845255	Aarhus, Dänemarks zweitgrößte Stadt, hat die Postleitzahl 8000.	Aarhus, Deenmaark siin twäidgrôotst stad, het däi postläidtóól 8000.
1846374	Tom konnte sich nicht entscheiden, ob er seinen Hund Cookie oder Pochi nennen sollte.	Tom kun sük näit undskäiden, of häi siin hund Cookie of Pochi nöymen sul.
1846482	Halte dich von dort fern!	Bliiv d'r fan of!
1846484	Halten Sie sich von dort fern!	Bliivt d'r fan of!
1846486	Meide jenen Ort!	Miid däi stee!
1846488	Meiden Sie jenen Ort!	Miident Jii däi stee!
1846573	Die Frau, die dort drüben steht, ist die schönste Frau, die ich je gesehen habe.	Däi frâau, däi d'r günt staajt, is däi môojst frâau, däi ik oojt säin heb.
1846651	Sie spricht mit ihrer Mutter Hebräisch und mit ihrem Vater Polnisch.	Säi proot't mit höör mauder Hebreesk un mit höör fóóder Poolsk.
1846795	Ich habe viele alte Bücher. Ein paar davon sind ziemlich wertvoll.	Ik heb fööl oel bauken. 'N poer d'r fan bünt recht weerdful.
1846928	Das Klassenzimmer ist voller Jugendlicher. Ein paar schlafen.	Däi klassenruum sit't ful jööğdelken. 'N poer slóópent.
1847064	Im Verlaufe unserer Unterhaltung kam er auf seine Jugend zu sprechen.	In d' loop fan us unnerhollen kwam häi up siin jööğd t' prooten.
1847406	Wir fragten ihn über die Haussprechanlage, ob er schnell herunterkommen könnte.	Wii froogent hum oover dat huusspreekanlóóeğ, of häi gaau dóólkoomen kun.
1847508	Wir sind hier, weil wir ein Recht darauf haben, bei diesen Entscheidungen mit einbezogen zu sein.	Wii bünt hir, um dat wii d'r 'n recht up hebbent, bii disser undskäidens mit inbetrukken t' weesen.
1847509	Wir sind hier, weil es uns zusteht, bei diesen Entscheidungen beteiligt zu sein.	Wii bünt hir, um dat 't us taustaajt, bii disser undskäidens bedäiliğt t' weesen.
1847911	Forscher sagen, dass es einfacher ist, Gewicht zu verlieren, wenn man drei anständige Mahlzeiten am Tag verzehrt.	Föörskers säegent, dat 't makkelker is, gewicht t' ferläisen, doo man drei fatsuunelk móóltiiden up d' dağ ferteert.
1847915	Viele Gesundheitsexperten sagen, dass man drei Mahlzeiten am Tag essen sollte.	Fööl sundhaidseksperten säegent, dat man drei móóltiiden up d' dağ eeten sul.
1847918	Es ist nicht immer möglich, gut zu essen, wenn man in diesem Teil der Welt reist.	Dat is näit altiid möögelk, gaud t' eeten, doo man in disser däil fan d' weerld raajst.
1848077	Es war für uns eine echte Herausforderung, uns von der Klippe abzuseilen.	Dat was föör us 'n recht uutdóógen, us fan däi kliep of t' sailen.
1848082	Es war eine echte Herausforderung für uns, die Klippe mittels eines Seils herabzuklettern.	Dat was 'n recht uutdóógen föör us, däi kliep mit 'n taau dóól t' klaautern.
1848429	Alle lachen, aber niemand erklärt mir, was passiert ist.	Âal laagent, man nüms ferklort mii, wat geböört is.
1848803	Ich hatte nicht genug Zeit, um alles zu essen, was aufgetragen wurde.	Ik haar näit nauğ tiid, um âals t' eeten, wat updróógen wur.
1849233	Unser Zug muss noch die Ankunft eines anderen Zuges abwarten.	Us tsuğ maut noch däi ankumst fan 'n anner tsuğ ofwachten.
1852439	Eine Schönwetterperiode erlaubte es uns, die Ernte zu bergen.	'N moojweersperiôod ferloovde us 't, däi âarnt t' baargen.
1852440	Eine Schönwetterperiode ermöglichte uns, die Ernte sicher einzubringen.	'N moojweersperiôod fermöögelk'de us, däi âarnt seeker in t' brengen.
1852446	Eine Schönwetterperiode erlaubte, uns die Ernte einzubringen.	'N moojweersperiôod ferloovde us däi âarnt in t' brengen.
1852451	Ein Zeitraum schönen Wetters, erlaubte es uns die Ernte unter Dach und Fach zu bringen.	'N tiidruum fan môoj wêer, ferloovde us 't, däi âarnt unner dak un fak t' brengen.
1852453	Ein Schönwetterzeitraum ermöglichte uns, die Ernte in Sicherheit zu bringen.	'N moojweerstiidruum fermöögelk'de us, däi âarnt in seekerhaid t' brengen.
1852834	Tom stellte dieselbe Frage wieder und wieder, aber bekam nie eine Antwort.	Tom stelde däi sülviğ fróóeğ weer un weer, man kreeğ noojt 'n antern.
1852858	Ich fragte mich nur, was es kosten würde, mein Auto waschen und polieren zu lassen.	Ik frooğ mii bloot, wat 't kösten dee, miin aauto waaskern un puläären t' lóóten.
1853017	Weißt du, dass der Kranich ein Zugvogel ist und fähig, bis zu einhundert Kilogramm zu heben?	Wäist duu, dat däi króónk 'n trekföögel is un feeiğ, antau äinhunnert kilogram t' tielen?
1853927	Es ist schwierig, nur anhand des Aussehens Engländer von Amerikanern zu unterscheiden.	Dat is stur, bloot döör dat uutsäin Engelsken fan Amerikóóners t' ferskeelen.
1853953	Meine Mutter sagt, dass ich, wenn Schule ist, bis zehn Uhr im Bett sein muss.	Miin mauder säeğt, dat ik, doo skaul is, bit tain üer up bäer weesen maut.
1853956	Wenn Schule ist, geht Tom um neun Uhr ins Bett; freitags und samstags aber bleibt er viel länger auf.	Doo skaul is, gaajt Tom teegen neegen üer up bäer; man 's freidóóğs un 's sóóterdóóğs blift häi fööl langer up.
1853960	Toms Eltern lassen ihn, wenn Schule ist, nicht mit Maria ausgehen.	Tom siin ollen lóótent hum, doo skaul is, näit mit Marió uutgóón.
1853988	Es ist üblich, dass sich Kellner und Kellnerinnen nur mit ihrem Vornamen vorstellen.	Dat is bruukelk, dat sük kelners un kelnerskes bloot mit höör föörnóóm föörstellent.
1854227	Die Versammlung wurde abgesagt, da auf beiden Seiten keine Hoffnung auf Einigung bestand.	Dat fergóódern wur ofsäeğt, um dat up bâajd siiden kiin hôop up äinigen bestun.
1854230	Die Konferenz war für März angesetzt, wurde aber auf April verschoben.	Däi kunferens was föör meert anset't, man wur up pril ferskooven.
1854252	Sie werden viele berühmte alte Gemälde in der Galerie ausstellen.	Säi söölent fööl beraumt oel skilderäjen in däi galerii uutstellen.
1854254	Der Maler ging nach Paris mit dem Ziel, Malerei zu studieren.	Däi móóler gung nóó Pariis mit dat tsiil, móóleräj t' stuudäären.
1854284	Das wird dreißig Euro kosten.	Dat sal daartiğ euro kösten.
1854316	Du wärst erstaunt, wie viel Bier Tom trinkt, wenn er ausgeht.	Duu deest dii wunnern, woo fööl bäär Tom drinkt, doo häi uutgaajt.
1854319	Sie schlief ein paar Stunden.	Säi sleep 'n poer stüen.
1854545	Manche Engelsmiene beim Entleihen verzerrt sich beim Zurückgeben zur dämonischen Fratze.	Menniğ engelsmîin bii 't uutläinen fertrekt sük bii 't t'rüeğgeeven nóó 'n demoonsk frâats.
1854870	Das Wichtigste bei den Olympischen Spielen ist nicht zu gewinnen, sondern daran teilzunehmen.	Dat wichtiğst bii d' olümpsk spöölen is näit t' winnen, man d'r an däil t' neemen.
1854898	Der Lehrer schritt bei dem Streit der beiden Schüler ein.	Däi mester greep bii däi skäel fan däi bâajd skaulers in.
1855769	Ich habe noch nicht genug Material gesammelt, um ein Buch zu schreiben.	Ik heb noch näit nauğ materióól sóómelt, um 'n bauk t' skriiven.
1855898	Zusätzlich zu Wasser ist Sonnenschein unabdingbar für pflanzliches Leben.	Tausettelk tau wóóter is sünnenskiin unmisbor föör plantelk leevend.
1855942	Sie wollten ein Hochzeitsbild vor dem Eiffelturm.	Säi wullent 'n hochtiidsbild fööer d' Eiffeltoorn.
1856199	Was würdest du machen, falls du eine Million Yen bekämst?	Wat deest duu móóken, doo duu 'n miljoonen Jen kriigen deest?
1856203	Was würden Sie machen, falls Sie eine Million Yen bekämen?	Wat deedent Jii móóken, doo Jii 'n miljoonen Jen kreegent?
1856378	Sein mündliches Einverständnis sagt nicht viel aus ohne den von ihm unterschriebenen Vertrag.	Siin münnelk inferstennis säeğt näit fööl uut sünner däi fan hum unnerskreeven kuntrakt.
1856461	Im Lichte dieser Tatsachen könnte es nötig sein, unsere Theorie zu überarbeiten.	In 't lücht fan disser dóódsóóken kun dat nöödiğ weesen, us teorii t' ooveraarbaiden.
1856780	Wenn ich das mache, wird es dann von anderen negativ beurteilt werden?	Doo ik dat dau, sal 't dan fan annernt negótiif beoordäilt worden?
1857819	Sie ist schwanger und erwartet Zwillinge.	Säi is swanger un ferwacht't twennels.
1857821	Sie erwartet Zwillinge.	Säi ferwacht't twennels.
1860334	Auf den Erwerb, bzw. die Inanspruchnahme, der meisten Güter und Dienstleistungen wird eine fünfprozentige Konsumsteuer erhoben.	Up däi ferwaarf, resp. däi inansprööknóóem, fan däi mäiest gauden un denstlaistungen word't 'n fiifprosentiğ kunsuumstüer inhóólt.
1860359	Die meisten Amerikaner fühlen sich unwohl, wenn man darauf besteht, dass sie kostspielige Geschenke annehmen sollen.	Däi mäiest Amerikóóners föylent sük misselk, doo man d'r up bestaajt, dat säi düróóbel geskenken anneemen söölent.
1862663	Vergewissern Sie sich, wo der Notausgang ist, bevor Sie im Hotel zu Bett gehen.	Ferseekernt Jii Jau, wor däi nooduutgaang is, eer Jii in 't hotel up bäer góónt.
1862717	Ich habe eine Thermoskanne Kaffee gemacht, so dass ihr ihn mitnehmen könnt zu eurem Imbiss.	Ik heb 'n termoskâan kofje móókt, soo dat jii hum mitneemen köönent nóó jau imbis.
1863506	Tom aß etwas, trank Bier und ging dann geradewegs ins Bett.	Tom at wat, drunk bäär un gung dan direkt up bäer.
1863616	Tom trank bereits sein drittes Bier, als Maria noch nicht einmal ihr erstes ausgetrunken hatte.	Tom drunk al siin dâard bäär, as Marió noch näit móól höör êerst uutdrunken haar.
1863659	„Wir müssen Tom sofort darüber in Kenntnis setzen.“ — „Das kommt nicht in Frage!“	"Wii mautent Tom d'r fut oover in kennis setten." - "Dat kumt näit in fróóeğ!"
1863661	„Tom übersetzt unentgeltlich aus dem Französischen ins Englische.“ – „Das ist gut zu wissen.“	"Tom ooverset't umsünst fan Fransk up Engelsk." - "Dat is gaud t' wäiten."
1863667	„Tom konnte Maria überzeugen zu helfen.“ — „Wie hat er das denn angestellt?“	"Tom kun Marió oovertüügen t' helpen." - "Woo het häi dat dan anstelt?"
1863672	„Tom ist dreißig Jahre alt.“ — „Er ist doch nicht wirklich so alt, oder?“	"Tom is daartiğ joer old." - "Häi is doch näit wies soo old, ne?"
1863676	„Tom hat Maria eine Schachtel Pralinen und eine langstielige Rose zum Geburtstag geschenkt.“  – „Das ist aber süß!“	"Tom het Marió 'n skachtel praliinen un 'n langsteeliğ râaus tau d' boorsdağ skunken." - "Dat is je söyt!"
1863681	„Tom hat etwas zugenommen.“ — „Ja, das habe ich schon bemerkt.“	"Tom het wat taunoomen." - "Jóó, dat heb ik al murken."
1863685	„Tom und Maria haben sich entschlossen, Johannes beim Streichen seines Hauses behilflich zu sein.“ — „Es ist schön, das zu hören!“	"Tom un Marió hebbent beslooten, Johannes bii 't striiken fan siin huus behülpelk t' weesen." - "Dat is mooj, dat t' höören!"
1863692	„Tom und Maria sind schon seit über drei Jahren geschieden?“ — „Wirklich? Davon hatte ich ja keine Ahnung!“	"Tom un Marió bünt al siit oover drei joer sked't?" - "Wies? D'r haar ik je kiin óónen fan!"
1863694	„Tom und Maria wollen sich scheiden lassen.“ — „Dessen war ich nicht gewahr.“	"Tom un Marió willent sük skäiden lóóten." - "Dat was ik näit gewoer."
1863709	„Darf ich mir Toms Rasenmäher ausleihen?“ – „Ich denke, es spricht nichts dagegen.“	"Dür ik mii Tom siin róósenmaajer uutläinen?" - "Ik denk, d'r is niks um teegen."
1863719	„Du hast doch gesagt, dass Tom seine Arbeit verloren hätte.“ — „Vielleicht habe ich mich geirrt.“	"Duu hest doch säeğt, dat Tom siin aarbaid ferlooren haar." - "Fiilicht heb ik mii fersäin."
1865004	Politiker in Japan kommen manchmal mit illegalen Aktivitäten davon.	Politikkers in Jóópóón kooment of un an mit illegóóel aktiivitäiten weğ.
1865011	Tom wird nie zugeben, dass er sich irrt, selbst wenn er weiß, dass es so ist.	Tom sal noojt bekennen, dat häi sük fersüğt, sülst doo häi wäit, dat 't soo is.
1865048	Niemand kann die Tatsache bestreiten, dass es keinen Rauch ohne Feuer gibt.	Nüms kan däi dóódsóóek bestriiden, dat 't kiin rook sünner füer gift.
1865116	Ich verlange keine leichtere Bürde, sondern breitere Schultern.	Ik ferlang kiin lichterder last, man bräiderder skullers.
1865309	Der Bau einer Autobahn wird zum Wachstum der Vororte beitragen.	Däi baau fan 'n aautobóón sal tau 't waasdaum fan däi fööroorden biidróógen.
1865377	Englisch ist nur eine von heute über 2.700 Sprachen in der Welt.	Engelsk is man äien fan fandóóeğ oover 2.700 tóólen in d' weerld.
1865382	Ihr könnt mir glauben.	Jii köönent mii lööven.
1865384	Sie können mir glauben.	Jii köönent mii lööven.
1866322	Die Automobilindustrie ist eine der wichtigsten Branchen in Japan.	Däi aautomobiilindustrii is äien fan däi wichtiğst branzjen in Jóópóón.
1866487	Wie bringt man Arbeit und Privatleben ins Gleichgewicht.	Woo brengt man aarbaid un priwóótleevend in 't eevenwicht.
1866489	Wie erreicht man ein ausgeglichenes Verhältnis von Arbeit und Privatleben?	Woo berekt man 'n uutgleeken ferheltnis fan aarbaid un priwóótleevend?
1866499	Wie erreichen wir ein ausgewogenes Verhältnis von Arbeit und Privatleben?	Woo berekkent wii 'n uutgleeken ferheltnis fan aarbaid un priwóótleevend?
1867655	Schlechten Fahrern sollte man den Führerschein entziehen.	Släecht forders sul man däi förderskiin undtrekken.
1870341	Kaum hatten wir die Halle betreten, begann die Zeremonie.	Knap haarent wii däi hâal betreeden, begun däi tseremoonii.
1872874	Tom sah, dass die ersten bereits gingen, und entschloss sich daher, auch zu gehen.	Tom sağ, dat däi eersten al gungent, un undsloot sük düs, ook t' góón.
1872885	Tom setzte sich auf den Fahrersitz und stellte den Rückspiegel ein.	Tom set'de sük up däi fordersits un stelde däi rüeğspäigel in.
1873599	Eine Internetseite zu erstellen, ist eine tolle Sache; du solltest dich jedoch vergewissern, dass du von niemandem die Urheberrechte verletzt.	'N internetsiid t' móóken, is 'n môoj sóóek; man duu sust dii ferseekern, dat duu fan nüms däi oorhebberrechten beseeren daajst.
1873600	Um dich für den Aufenthalt in einer Gastfamilie zu qualifizieren, musst du an einem Interview mit den Sponsoren teilnehmen.	Um dii föör däi ferbliif in 'n gastfemiilje t' kwalifisäären, maust duu an 'n interview mit däi spunsooren däilneemen.
1873601	Um sich für den Aufenthalt in einer Gastfamilie zu qualifizieren, müssen Sie an einem Interview mit den Sponsoren teilnehmen.	Um Jau föör däi ferbliif in 'n gastfemiilje t' kwalifisäären, mautent Jii an 'n interview mit däi spunsooren däilneemen.
1873604	Ich war enttäuscht, als ich sah, dass mein Bonus etwas niedriger war, als ich erwartet hatte.	Ik was t'löörstelt, doo ik sağ, dat miin bonus wat leeger was, as ik ferwacht't haar.
1873627	Es spricht nichts dagegen, eine Internetseite anzulegen; man muss nur sichergehen, niemandes Urheberrechte zu verletzen.	D'r is niks um teegen, 'n internetsiid an t' läegen; man maut bloot seeker góón, nüms siin oorhebberrechten t' beseeren.
1874089	Bedauerlicherweise war Tom zur falschen Zeit am falschen Ort.	Spiitelkerwîis was Tom tau d' ferkeert tiid up d' ferkeert stee.
1874094	Ich denke, dass Tom einfach nur zur falschen Zeit am falschen Orte war.	Ik denk, dat Tom äinfach bloot tau d' ferkeert tiid up d' ferkeert stee was.
1874745	Nachdem Hawking 1962 seinen Collegeabschluss gemacht hatte, begann er Physik zu studieren mit dem Ziel zu promovieren.	Nóódeem Hawking 1962 siin collegeofslus móókt haar, fung häi an füüsik t' stuudäären mit dat tsiil t' promowäären.
1875417	Offensichtlich würde Hawking länger leben, als man zuerst angenommen hatte.	Oopensichtelk sul Hawking langer leeven, as man t'eerst annoomen haar.
1875444	Tom sagte nicht, ob er auf Marias Feier gehen werde oder nicht.	Tom see näit, of häi up Marió höör fier góón sul of näit.
1876886	Tom kam heute Morgen später als gewöhnlich zur Arbeit. Ich frage mich warum.	Tom kwam fanmörn lóóter as gewoon nóó d' aarbaid. Ik fróóğ mii woosoo.
1876895	Erst wenn man seine Gesundheit verliert, weiß man sie zu schätzen.	Eerst doo man siin sundhaid ferlüst, wäit man höör t' weerdäären.
1877710	Sie bekam Ärger, als ihr Freund sie auf der Arbeitsstelle anrief.	Säi kreeğ aarger, doo höör fründ höör up d' aarbaidsstee anreep.
1877713	Die Pfadfinder gingen von Tür zu Tür, um selbstangefertigte Sachen zu verkaufen.	Däi padfinners gungent fan dööer tau dööer, um sülstmóókt sóóken t' ferkoopen.
1878406	Wir begaben uns frühzeitig ins Theater, sodass wir sicher sein konnten, dass es jedem möglich sein würde, einen Sitzplatz zu bekommen.	Wii begaffent us frautiidiğ in 't tjóóter, dat wii seeker weesen kunnent, dat 't elk möögelk weesen sul, 'n plats t' kriigen.
1878559	Viele Gemeinden amerikanischer Ureinwohner benötigen Ärzte und Lehrer.	Fööl gemäinden fan amerikóónsk oorinwooners hebbent dokters un mesters nöödiğ.
1878852	Haben Sie sich entschieden, ob Sie Ihr Haus verkaufen oder nicht?	Hebbent Jii Jau undsked't, of Jii Jau huus ferkoopent of näit?
1881035	Dr. Hellebrandt ist außerordentlicher Professor an dieser exzellenten Universität.	Dr. Hellebrandt is buutengewôon professoor an disser ekselläent uniwersitäit.
1881165	Kaum hatte die Klingel geläutet, kam der Lehrer ins Klassenzimmer.	Knap haar däi klingel lüd't, kwam däi mester in d' klassenruum.
1881274	Tom scheint nicht willens, Ratschläge von Muttersprachlern anzunehmen, die ihm bei seinen Übersetzungen zu helfen versuchen.	Tom let't näit willens t' weesen, róódslóógen fan maudertóólprooters an t' neemen, däi hum bii siin ooversettens fersöykent t' helpen.
1881476	Ich kenne ihn vom Sehen, aber ich habe nie mit ihm gesprochen.	Ik ken hum fan 't säin, man ik heb noojt mit hum proot't.
1883142	Willst du mir wieder einen Streich spielen, du unartiger Bengel?	Wult duu mii weer 'n streek spöölen, duu läelk bengel?
1883712	Toms bevorzugter Ausspruch ist: „Du kannst nicht zwei Sättel auf ein Pferd schnallen. “	Tom siin beföörtsuğt uutspröök is: "Duu kaast näit twei sóódels up 'n peerd snaalen."
1884047	Tom glaubt, dass diese Quarzkristalle Heilkräfte haben.	Tom löövt, dat disser kwartskristallen häilkrachten hebbent.
1885233	Tom bat mich, auf dem Weg von der Arbeit nach Hause ein Dutzend Eier einzukaufen.	Tom beed'de mii, up d' weğ fan d' aarbaid nóó huus 'n duts aier in t' koopen.
1885252	Tom gab Maria das Rezept und sagte ihr, sie solle es in ihre Handtasche tun.	Tom gaf Marió dat resept un see teegen höör, säi sul 't in höör handtaaske daun.
1885257	Tom fand jemandes Visitenkarte in seiner Tasche, doch er konnte sich nicht besinnen, wo er diese herhatte.	Tom fun wel siin wisiitenkoert in siin taaske, man häi kun sük näit besinnen, wor häi disser weğ haar.
1885338	Tom überquert jeden Morgen die Bahngleise auf dem Weg zu seiner Arbeit.	Tom ooverkweert elker mörn däi bóónglaisen up d' weğ nóó siin aarbaid.
1888495	Ich werde morgen nicht in der Lage sein, dich zu besuchen, da ich beschäftigt sein werde.	Ik sal mörn näit kumpóóbel weesen, dii t' besöyken, um dat ik 't drok hebben sal.
1888539	Ich dachte, dass du vielleicht an diesem Wochenende gerne mit uns zelten gingest.	Ik doch, dat duu fiilicht up dit weekenäen geern mit us telten gungst.
1888543	Mir wurde gesagt, du könntest mir beibringen, wie man ein Messer schärft.	Mii wur säeğt, duu kust mii biibrengen, woo man 'n mest skaarpen daajt.
1888575	Ich wollte Tom verstehen helfen, was Maria ihm zu sagen versuchte.	Ik wul Tom ferstóón helpen, wat Marió hum t' säegen fersöch.
1890146	„Wie lange wohnst du schon hier?“ — „In der nächsten Woche werden es fünf Jahre.“	"Woo lâang woonst duu al hir?" - "Anner wêek wordent 't fiif joer."
1890150	Tom zog sein Hemd aus und steckte es in die Waschmaschine.	Tom truk siin hemd uut un stopde hum in d' waaskmeskîin.
1890154	Tom sagt, er müsse mit uns etwas Wichtiges bereden.	Tom säeğt, häi mus mit us wat wichtiğs beprooten.
1890162	Tom zog Gummihandschuhe an, um keine Fingerabdrücke zu hinterlassen.	Tom truk gummihandskes an, um kiin fingerofdrükken achter t' lóóten.
1890173	Tom hatte nicht einmal den Anstand zu warten, bis ich ausgeredet hatte.	Tom haar näit móól däi fatsuun t' wachten, bit ik uutproot't haar.
1890187	Tom betrat aus Versehen ein Zimmer voller Leute in Anzügen.	Tom betrad uut fersäin 'n kóómer ful lüü in pakjes.
1890192	Tom hatte nicht einmal den Anstand, seinen Fehler einzugestehen.	Tom haar näit móól däi fatsuun, siin feeler in t' gestóón.
1890206	Tom hatte nicht einmal den Anstand zuzugeben, dass er schuld war.	Tom haar näit móól däi fatsuun tau t' geeven, dat häi sküld was.
1890208	Tom hatte nicht einmal den Anstand zuzugeben, dass er einen Fehler begangen hatte.	Tom haar näit móól däi fatsuun tau t' geeven, dat häi 'n feeler begóón haar.
1892421	Wir hörten, dass Tom Selbstmord verübt hat, aber wir konnten es bald nicht glauben.	Wii höördent, dat Tom sülstmoord begóón het, man wii kunnent dat bold näit lööven.
1892567	Die Karten waren vom Beginn des Spiels an gegen sie.	Däi korten wassent fan begün fan 't spööl of an teegen höör.
1892853	Fünf Sonnenminuten im Alltag können mehr bedeuten als ein Sonnentag im Urlaub.	Fiif sünnenmenüüten in d' aldağ köönent meer bedüüden as 'n sünnendağ in d' uurlaaub.
1893415	Tom hat eine Menge Unrat angehäuft, seit er in dieses Haus gezogen ist.	Tom het 'n büelt ungeróód anhoopt, siit häi in dit huus trukken is.
1893443	Ich machte Tom den Vorschlag, dass er ja mit Maria zusammenarbeiten könne.	Ik mook Tom däi föörslağ, dat häi je mit Marió t'sóómenaarbaiden kun.
1893451	Tom und Maria sprachen über all die Dinge, die sie während ihres baldigen Urlaubs unternehmen wollten.	Tom un Marió proot'dent oover âal däi dingen, däi säi in höör bolliğ uurlaaub unnerneemen wullent.
1893475	Tom braucht einfach nur etwas Zeit, um sich an den Gedanken zu gewöhnen, dass Maria jetzt seine Stiefschwester ist.	Tom bruukt äinfach bloot 'n biitje tiid, um sük an däi gedâank t' wennen, dat Marió nuu siin stäifsüster is.
1893538	Tom hoffte, dass das Video, das er soeben auf „YouTube“ hochgeladen hatte, in Windeseile von sich reden machen würde.	Tom hoopde, dat dat wiideo, wat häi net up "YouTube" hooğlóóden haar, in draft fan sük räiden móóken sul.
1893577	Ich glaube, ich habe aus Versehen Tom bezichtigt, obwohl es eigentlich Maria war.	Ik lööv, ik heb uut fersäin Tom betsichtiğt, alwoo dat äinliik Marió was.
1893961	Wir können es uns nicht leisten, so weiterzumachen wie bisher.	Wii köönent us dat näit laisten, soo wiider t' móóken as bit nuu tau.
1894024	Wir wissen nicht einmal, ob sie überhaupt die Absicht haben, uns zu helfen.	Wii wäitent näit móól, of säi ooverhôop däi ofsicht hebbent, us t' helpen.
1894064	Wir wissen nicht, wo Tom ist, aber wir müssen ihn so schnell wie möglich finden.	Wii wäitent näit, wor Tom is, man wii mautent hum soo gaau as möögelk finnen.
1894073	Wir wissen nicht, wo Tom steckt, aber wir müssen ihn, so schnell es geht, ausfindig machen.	Wii wäitent näit, wor Tom sit't, man wii mautent hum, soo gaau as 't gaajt, uutfinniğ móóken.
1894086	Wir haben nicht die Zeit, um alles zu erledigen, worum sie uns gebeten haben.	Wii hebbent näit däi tiid, um âals klor t' kriigen, wor säi us um beeden hebbent.
1894126	Wir haben weitaus mehr gemein, als du vermutlich annimmst.	Wii hebbent wiiduut meer mäin, as duu wal anneemen daajst.
1894127	Wir haben weitaus mehr Gemeinsamkeiten, als du wahrscheinlich denkst.	Wii hebbent wiiduut meer mäinsóómkaiden, as duu worskiinelk denkst.
1894171	Wir müssen noch viel mehr schaffen. Daher haben wir keine Zeit, uns auszuruhen.	Wii mautent noch fööl meer skaffen. Düs hebbent wii kiin tiid us t' ferhóólen.
1894189	Wir müssen feststellen, warum die Maschine nicht richtig funktioniert.	Wii mautent faststellen, woosoo däi meskîin näit recht funksjoonäärt.
1894194	Wir müssen ermitteln, wer das Feuer gelegt hat, durch das Toms Haus niederbrannte.	Wii mautent ermiddeln, wel dat füer läeğt het, döör dat Tom siin huus dóólbraande.
1894199	Wir müssen uns überlegen, wie wir Tom dazu ermutigen könnten, das Richtige zu tun.	Wii mautent us ooverläegen, woo wii Tom d'r tau anmaudigen kunnent, dat räecht t' daun.
1894201	Wir müssen uns eine Möglichkeit überlegen, wie wir erreichen könnten, dass diese Maschine unter Wasser funktioniert.	Wii mautent us 'n möögelkkaid ooverläegen, woo wii berekken kunnent, dat disser meskîin unner wóóter funksjoonäärt.
1894205	Wir müssen uns so lange weiterbemühen, bis wir eine Methode finden, die funktioniert.	Wii mautent soo lâang wiidermóóken, bit wii 'n metôod finnent, däi funksjoonäärt.
1894222	Wir müssen es Tom sagen, bevor er es von jemand anderem erfährt.	Wii mautent 't Tom säegen, eer häi 't fan wel anners gewoer word't.
1894236	Wir konnten nicht in Erfahrung bringen, warum es uns nicht gestattet war, jenes Gebäude zu betreten.	Wii kunnent näit gewoer worden, woosoo 't us näit ferloovt was, dat gebôojd t' betreeden.
1894239	Wir konnten nicht in Erfahrung bringen, wer die ganzen Rechnungen für uns bezahlt hat.	Wii kunnent näit gewoer worden, wel däi häiel reekens föör us betóólt het.
1894240	Wir konnten nicht in Erfahrung bringen, wo Tom seinen Abschluss machte.	Wii kunnent näit gewoer worden, wor Tom siin ofslus mook.
1894241	Wir konnten nicht in Erfahrung bringen, wann die Lieferung ankommt.	Wii kunnent näit gewoer worden, wenner dat leevern ankumt.
1894242	Wir konnten nicht in Erfahrung bringen, worin das tatsächliche Problem bestand.	Wii kunnent näit gewoer worden, wor dat würrelk probleem in bestun.
1894356	Als ich Kind war, besuchten wir an jedem Wochenende meine Großeltern.	Doo ik kind was, besöchent wii up elker weekenäen miin besollen.
1894756	Ich weiß nicht, wann ich die Zeit haben werde, um den Rest des Buches zu lesen.	Ik wäit näit, wenner ik däi tiid hebben sal, um däi rest fan 't bauk t' leesen.
1894757	Ich weiß nicht, wann ich die Zeit haben werde, um dieses Buch fertig zu lesen.	Ik wäit näit, wenner ik däi tiid hebben sal, um dit bauk klor t' leesen.
1894762	Ich werde nächste Woche nach Boston gehen, aber ich freue mich nicht wirklich darauf.	Ik sal tauken wêek nóó Boston tau góón, man ik fraaj mii d'r näit wies up.
1895442	Wir verbrachten die ganze Nacht, den nächsten Tag und die folgende Nacht im Keller.	Wii ferbrochent däi häiel nacht, däi anner dağ un däi folgend nacht in d' keller.
1895533	Ich würde lieber mit meiner Kreditkarte bezahlen.	Ik dee läiver mit miin krediitkoert betóólen.
1896075	Tom dachte, er hätte eine Chance, an der Börse einen Haufen Geld zu machen.	Tom doch, häi haar 'n kâans, an d' bööers 'n büelt geld t' móóken.
1897963	Wir hatten eigentlich den Auftrag, allen zu sagen, dass sie um halb drei Uhr hier sein sollten, aber wir haben es vergessen.	Wii haarent äinliik däi updrağ, âal t' säegen, dat säi teegen half drei üer hir weesen sullent, man wii hebbent dat fergeeten.
1897990	Wir werden alles tun, was nötig ist, um das Projekt fristgerecht abzuschließen.	Wii söölent âals daun, wat nöödiğ is, um dat projekt fristgerecht of t' sluuten.
1898498	Wir sprechen darüber, wie wir dem, was vor einigen Tagen vorgefallen ist, begegnen sollten.	Wii prootent d'r oover, woo wii dat, wat fööer wat dóógen föörfaalen is, bejeegen sullent.
1898507	Wir sprechen darüber, wem wir die Stelle zuweisen sollten.	Wii prootent d'r oover, wel wii däi stee geeven sullent.
1898514	Viele waren aufgebracht, als sie sahen, wie Tom die Fahne verbrannte.	Menniğ lüü wassent fergrelt, doo säi sağğent, woo Tom däi fóóen ferbraande.
1898641	Komm heraus! Du kannst dich nicht die ganze Nacht lang unter deinem Bett verstecken!	Kum d'r uut! Duu kaast dii näit däi häiel nacht lang unner diin bäer ferstoppen!
1898686	Alle im Zimmer lachten los, als sie Tom auf der Bananenschale ausrutschen sahen.	Âal in d' kóómer laağdent lös, doo s' Tom up d' benóónenskiel uutgliiden sağğent.
1898784	Ich wollte nicht riskieren, den Zug zu verpassen; deswegen kam ich eine Stunde zu früh am Bahnhof an.	Ik wul näit riskäären, däi tsuğ t' ferpaasen; düs kwam ik 'n stüen tau frau bii d' bóónhof an.
1898787	Nur weil du meine Liebste bist, muss ich längst nicht einer Meinung mit dir sein.	Bloot um dat duu miin läiefst büst, maut ik lâang näit äins mit dii weesen.
1898788	Nur weil du meine Freundin bist, muss ich noch lange nicht einer Meinung mit dir sein.	Bloot um dat duu miin fründin büst, maut ik noch lâang näit äins mit dii weesen.
1898789	Habe einfach Geduld Tom gegenüber! Ich bin sicher, dass er letzten Endes die richtige Entscheidung treffen wird.	Heb äinfach gedür Tom teegenoover! Ik bün seeker dat häi d'r lesserhand dat räecht undskäiden dräepen sal.
1898790	Sei bloß froh, dass Tom Maria nicht hat wissen lassen, was du wirklich von ihr denkst!	Wees bloot blîid, dat Tom Marió näit wäiten lóóten het, wat duu wies fan höör denkst!
1898794	Es sieht so aus, als hättest du recht gehabt: Tom ist der Kerl, der Marias Geige gestohlen hat.	Dat let't net as of duu recht hat haarst: Tom is däi keerl, däi Marió höör fjôol stoolen het.
1898850	Als ich ein kleines Kind war, hat mir meine Mutter immer Geschichten vorgelesen.	Doo ik 'n lütjet kind was, het mii miin mauder altiid fertelsels föörleesen.
1899366	Auch wenn viele Plätzchen in der Schüssel waren, ich aß nur drei.	Ook doo fööl pletskes in d' kuem wassent, ik at bloot dräj.
1899969	Er behauptete, dass der riesige Grundbesitz ihm zur freien Verfügung stehe.	Häi beweerde, dat däi baldóódiğ grundbesit hum tau 't fräej beskikken stun.
1899972	Die Möglichkeit kann nicht ausgeschlossen werden, dass die Explosion durch Fahrlässigkeit verursacht wurde.	Däi möögelkkaid kan näit uutslooten worden, dat däi eksplosjoon döör forlessiğkaid feroorsóókt wur.
1900529	Sie wusste selbst, dass es sehr schwierig würde, den Auftrag auszuführen.	Säi wus sülst, dat dat läip stur worden sul, däi updrağ uut t' fören.
1900561	Das Feuer, das von einem Ostwind angefacht wurde, zerstörte das Zentrum der Stadt.	Dat füer, wat fan 'n ooster wind anböt't wur, fernäilde dat tsentrum fan d' stad.
1901106	Diese Arbeit war nicht sehr interessant. Immerhin war die Bezahlung gut.	Disser aarbaid was näit häil interessant. T'minst was dat betóólen gaud.
1901164	Viele Dinge sind leicht zu bereden, aber schwierig, um sie wirklich auszuführen.	Fööl dingen bünt makkelk t' beprooten, man stur, um höör wies uut t' fören.
1902193	Eines wird sich nicht ändern: unser Engagement unseren Kunden gegenüber.	Äin sóóek sal sük näit annern: us angóózjmong us kunnen teegenoover.
1902199	Die Menschen arbeiten nicht gern mit Tom zusammen, weil es schwer ist, mit ihm auszukommen.	Däi minsken aarbaident näit geern mit Tom t'sóómen, um dat dat stur is, mit hum uut t' koomen.
1902206	Vielleicht hast du recht.	Fiilicht hest duu recht.
1902207	Vielleicht haben Sie recht.	Fiilicht hebbent Jii recht.
1902271	Vielleicht will jemand anderes deinen alten Schreibtisch haben, wenn du ihn nicht mehr willst.	Fiilicht wil wel anners diin oel skriivtóóvel hebben, doo duu hum näit meer wult.
1902291	Danke, dass du mir das Leben gerettet hast!	Bedankt, dat duu mii dat leevend red't hest!
1902308	Als Tom zum ersten Mal Maria mit nach Hause brachte, sagte seine Mutter: „Die ist goldrichtig!“	Doo Tom föör 't êerst móól Marió mit nóó huus broch, see siin mauder: "Däi is best!"
1902323	Die einzige Frage ist nun die, wie wir an genügend Geld kommen, um unsere Rechnungen zu bezahlen.	Däi enkeld fróóeğ is nuu däi, woo wii bii nauğ geld kooment, um us reekens t' betóólen.
1902331	Der alte Mann im Rollstuhl sagte mir, dass er meine Mutter als Jugendliche gekannt habe.	Däi oel keerl in d' rulstaul see teegen mii, dat häi miin mauder as jööğdelk kent haar.
1902340	Die Schüler taten so, als hörten sie den Lehrer nicht.	Däi skaulers deedent soo, as höördent s' däi mester näit.
1902363	Die Polizei fand Toms Leiche flach verscharrt hinter der Scheune.	Däi skendaarms funnent Tom siin lîik flak ferpurt achter d' sküer.
1902455	Selbst ihre Muttersprache spricht sie nicht fehlerlos.	Sülst höör maudertóól proot't säi näit feelerlös.
1902899	Die beiden Männer schüttelten sich gleich die Hand, als sie einander vorgestellt wurden.	Däi bâajd manlüü sküddeldent sük fut däi hand, as säi nanner föörstelt wurdent.
1904272	Ich folge einmal kurz dem Ruf der Natur.	Ik folğ eeven kört däi raup fan d' natüer.
1904285	Was glaubst du, wie man von hier am besten zu Tom nach Hause kommt?	Wat löövst duu, woo man fan hir best nóó Tom nóó huus tau kumt?
1904305	Was hieltest du für die beste Methode, diesen Konflikt beizulegen?	Wat hulst duu föör däi bäest metôod, disser kunflikt bii t' läegen?
1904307	Was hieltest du für die beste Art, Tom dazu anzuspornen, mehr zu lernen?	Wat hulst duu föör däi bäest ord, Tom d'r tau an t' spooren, meer t' leeren?
1904339	Tom schnitzte seine Initialen in den großen Eichenbaum vor der Schule.	Tom snidjede siin inisjóólen in däi grôot äiken boom fööer d' skaul.
1904341	Tom ritzte seine Initialen in die große Eiche vor der Schule.	Tom ritsde siin inisjóólen in däi grôot äiken fööer d' skaul.
1904362	Was könnten die uns sagen, was wir nicht schon wüssten?	Wat kunnent däi us säegen, wat wii näit al wussent?
1904381	Was Tom wirklich wollte, war ein guter Freund, mit dem er sprechen konnte.	Wat Tom wies wul, was 'n gâaud fründ, wor häi mit prooten kun.
1905253	Solange Tom denken konnte, waren seine Eltern übergewichtig gewesen.	Soo lâang Tom denken kun, haarent siin ollen oovergewichtiğ west.
1905260	Die Straße ist ungeeignet für das Verkehrsaufkommen, das sie zu tragen hat.	Däi stróóet is unäigent föör dat ferkeersupkoomen wat säi t' dróógen het.
1905509	Der Kapitän war die letzte Person, die das sinkende Schiff verließ.	Däi kaptain was däi läest persoon, däi dat sinkend skip ferleet.
1905510	Der Schiffsführer war die letzte Person, die das untergehende Schiff verließ.	Däi skeepsförder was däi läest persoon, däi dat unnergóónd skip ferleet.
1905976	Wir müssen uns überlegen, wie wir Tom dazu bewegen können, das zu tun, was wir wollen.	Wii mautent us ooverläegen, woo wii Tom d'r tau beweegen köönent, dat t' daun, wat wii willent.
1905978	Wir müssen uns eine Methode überlegen, wie wir Tom dazu bringen können, entsprechend unserem Willen zu handeln.	Wii mautent us 'n metôod ooverläegen, woo wii Tom d'r tau brengen köönent, nóó us wiel t' hanneln.
1905982	Da steht jemand hinter den Büschen und macht Aufnahmen von uns!	D'r staajt äien achter d' busken un móókt upnóómen fan us!
1905983	Da steht jemand hinter den Büschen und fotografiert uns!	D'r staajt äien achter d' busken un footogróófäärt us!
1905995	Tom verziehe es sich nie, wenn Maria etwas zustieße.	Tom fergaf sük dat noojt, doo Marió wat taustöyten dee.
1906004	Ich freue mich zu sehen, dass du emsiger lernst als sonst.	Ik fraaj mii t' säin, dat duu emsiger leerst as anners.
1906015	Maria probierte erneut alle Kleidung an, die sie am Tag zuvor erstanden hatte.	Marió probäärde fan näjs âal kläär an, däi säi up d' dağ föördeem köft haar.
1906036	Was glaubst du, wie man deren Argument am besten entschärfen könnte?	Wat löövst duu, woo man höör arğment best undskaarpen kun?
1906046	Es gibt da etwas sehr Wichtiges, über das wir sprechen müssen.	Dat gift d'r wat häil wichtiğs, wor wii oover prooten mautent.
1906400	Die Ergebnisse der Umfrage werden zu gegebener Zeit bekannt gegeben.	Däi resultóóten fan däi umfróóeğ wordent biitiiden bekent móókt.
1906433	Zu jener Zeit war Nordamerika noch nicht unabhängig vom Vereinigten Königreich.	Tau däi tiid was Noordamerikó noch näit unofhangelk fan 't Feräint Köönenkriik.
1906974	Als ich die Türe öffnete, stand dort Tom, der einen Anzug trug.	Doo ik däi dööer oopendee, stun d'r Tom, däi 'n pakje drooğ.
1907043	Das ist nicht, was Tom meinte.	Dat is näit, wat Tom mäinde.
1907219	Es sieht nicht so aus, als kämen viele Leute zum Bankett.	Dat let't näit soo as kwamment fööl lüü nóó 't banket.
1907247	Es sieht nicht so aus, als würden Tom und Maria heiraten.	Dat let't näit soo, as deedent Tom un Marió traauen.
1907256	Wenn wir zusammenarbeiten, sollten wir viel schneller hiermit fertig werden.	Doo wii t'sóómenaarbaident, sullent wii fööl gaauer hir mit klorworden.
1907261	Du solltest unbedingt den Kuchen probieren, sofern du das noch nicht getan hast! Der ist wirklich köstlich!	Duu sust unbedingt däi kâauk pröyven, doo duu dat noch näit dóón hest! Däi is wies smóókelk!
1907269	Das sagst du immer.	Dat säeğst duu altiid.
1907270	Das sagen Sie immer.	Dat säegent Jii altiid.
1907286	Du hast mir das Herz gebrochen.	Duu hest mii dat haart brooken.
1907290	Du bist so ein Lügenbold!	Duu büst soo 'n löögenpüüt!
1907291	Du bist unmöglich!	Duu büst unmöögelk!
1907304	Du kannst mich Tom nennen.	Duu kaast mii Tom nöymen.
1907322	Du kannst den ganzen Nachmittag warten, wenn du willst — Tom wird dich nicht empfangen.	Duu kaast däi häiel nóómiddağ wachten, doo duu wult - Tom sal dii näit undfangen.
1907324	Das kannst du nicht benutzen.	Dat kaast näit bruuken.
1907346	Du hast mich nicht angerufen.	Duu hest mii näit anraupen.
1907347	Sie haben mich nicht angerufen.	Säi hebbent mii näit anraupen.
1907371	Du hast keine Wahl.	Duu hest kiin wóól.
1907377	Du machst mir keine Angst!	Duu móókst mii näit bâang!
1907378	Sie machen mir keine Angst!	Jii móókent mii näit bâang!
1907558	Du solltest wohl Tom besser sagen, wer ihn am Bahnhof empfangen wird.	Duu sust wal Tom beeter säegen, wel hum bii d' bóónhof undfangen sal.
1907562	Du solltest wohl Tom besser sagen, warum er das nicht tun sollen.	Duu sust wal Tom beeter säegen, woosoo häi dat näit daun sult haar.
1907619	Du kannst die Milch nicht mehr vom Kaffee trennen, wenn du sie hineingeschüttet hast.	Duu kaast däi melk näit meer fan d' kofje trennen, doo duu hum d'r inkipt hest.
1907622	Sich in der eigenen Muttersprache natürlich auszudrücken ist leicht; in einer Fremdsprache drückt man sich aber leicht unnatürlich aus.	Sük in däi äigen maudertóól natürelk uut t' drükken is makkelk; man in 'n frömdtóól drükt man sük makkelk unnatürelk uut.
1907710	Du kannst die Milch nicht mehr vom Kaffee trennen, wenn du sie einmal hineingeschüttet hast.	Duu kaast däi melk näit meer fan d' kofje trennen, doo duu hum d'r insent in kipt hest.
1907934	Sage ihnen weiter, was ich dir gesagt habe!	Säeğ höör wiider, wat ik dii säeğt heb!
1908154	Die Wirtschaft der Insel hängt von der fischverarbeitenden Industrie ab.	Däi wirtskaft fan 't ailand hangt fan däi fiskferaarbaidend industrii of.
1909360	Obwohl Tom den Brief für Maria übersetzt hatte, machte sie sich nicht die Mühe, seine Übersetzung zu lesen.	Alwoo Tom däi bräif föör Marió ooverset't haar, mook säi sük näit däi mâajt, siin ooversetten t' leesen.
1909365	Tom ahnte, dass es Zeitverschwendung wäre, den Brief für Maria zu übersetzen.	Tom óónde, dat 't tiidferklaajen was, däi bräif föör Marió t' ooversetten.
1909397	Es ist schade, dass Tom arbeiten musste und nicht mit uns zelten gehen konnte.	Dat is skóó, dat Tom aarbaiden mus un näit mit us telten góón kun.
1909430	Es ist spät, und wir sind alle müde. Deswegen meine ich, dass wir nach Hause gehen sollten.	Dat is lóót, un wii bünt âal möej. Düs mäin ik, dat wii nóó huus tau góón sullent.
1909906	Du bist die schönste Frau, die ich je in Armen hielt!	Duu büst däi môojst frâau, däi ik oojt in d' aarms hul!
1909914	Hör auf, deinen Bruder zu ärgern!	Hol up diin brör t' aargern!
1910557	Ich hatte ihn für einen Amerikaner gehalten, aber er erwies sich als Engländer.	Ik haar hum föör 'n Amerikóóner hollen, man häi erwees sük as Engelskman.
1910570	Schau genau zu und du kannst sehen, wie meine Lippen sich bei der Aussprache des Wortes bewegen.	Kiik genaau tau un duu kaast säin, woo miin lippen sük bii 't uutprooten fan dat woord beweegent.
1910572	Sehen Sie genau hin, dann können Sie sehen, wie ich meine Lippen bei der Aussprache des Wortes bewege.	Kiikent Jii genaau hen, dan köönent Jii säin, woo ik miin lippen bii 't uutprooten fan dat woord beweegen dau.
1911245	Die Stadtbewohner sind auf den Fluss angewiesen für ihr Trinkwasser.	Däi stadjers bünt up däi äj anweesen föör höör drinkelwóóter.
1912719	Du hast ihn dort.	Duu hest hum dor.
1912720	Sie haben ihn dort.	Säi hebbent hum dor.
1912721	Ihr habt ihn dort.	Jii hebbent hum dor.
1912769	Es gibt die Wunder, aber wir nehmen sie einfach nicht wahr im Fluss der Ereignisse.	Dat gift däi wunners, man wii neement höör äinfach näit woer in d' flus fan däi geböörnissen.
1912967	Es ist für einen Sohn immer schwierig, die Erwartungen seiner Eltern zu erfüllen.	Dat is föör 'n jung altiid stur, däi ferwachtens fan siin ollen t' ferfüllen.
1913184	Wenn ich meinen Enkel besuche, schenke ich ihm immer etwas.	Doo ik miin kindskind besöyk, skenk ik hum altiid wat.
1913301	Wenn ich mir nur die Zeit genommen hätte, um die Bedienungsanleitung zu lesen!	Doo ik mii man däi tiid noomen haar, um dat gebruuksanwiisen t' leesen!
1913515	Wenn ich nur gewusst hätte, wie Tom zumute war, wäre ich nicht mit Maria ausgegangen.	Doo ik man wust haar, woo Tom t'mâaud was, was ik näit mit Marió uutgóón.
1913544	Das ist ein angesehener Laden.	Dat is 'n ansäin winkel.
1913545	Das ist ein seriöses Geschäft.	Dat is 'n seeriöös geskeft.
1916333	Es gibt niemals eine zweite Chance für den ersten Eindruck.	Dat gift noojt 'n twäied kâans föör däi êerst indrük.
1916376	Die Ausstellung bietet tiefe Einsichten in antike Kulturstufen.	Dat uutstellen büd't däiep insichten in antîik kultürstuufen.
1916532	Ich habe gehört, dass ein südamerikanischer Camper von einer Anakonda gefressen wurde.	Ik heb höört, dat 'n süüdamerikóónsk camper fan 'n anakondó freeten wur.
1916787	Dieser Vorschlag könnte bedeuten, zwei Fliegen mit einer Klappe zu schlagen, aber wir müssen auch vorsichtig sein, nicht gierig zu werden und alles zu verderben.	Disser föörslağ kun bedüüden, twei müegen mit äin klâap t' slóón, man wii mautent ook f'rsichtiğ weesen, näit t' gitsiğ t' worden un âals t' ferdaarven.
1916790	Ihr Angebot ist sehr attraktiv, aber wir müssen darüber nachdenken.	Jau anbod is läip attraktiif, man wii mautent d'r oover nóódenken.
1916797	Obwohl der Vorschlag eine gute Idee zu sein schien, lehnten sie ihn ab.	Alwoo däi föörslağ 'n gâaud idee t' weesen leet, deedent säi hum ofleenen.
1917755	Der prominente Psychologe ähnelt in seinem Aussehen meinem Onkel.	Däi prominäent psüücholôoğ glikt in siin uutsäin miin unkel.
1918911	Viele gepiercte Jugendliche bleiben mit dem Partner ein Leben lang zusammen – besonders wenn sich der Nasenring des einen in der Zahnspange des anderen verfangen hat!	'N büelt piercst jööğdelken bliivent mit däi partner 'n leevend lâang t'sóómen - besünners doo sük däi nöösring fan däi äien in d' tanspâang fan däi anner ferfangen het!
1919249	Tom weiß nicht, wann, aber er ist sich ziemlich sicher, dass es geschehen wird.	Tom wäit näit, wenner, man häi is sük recht seeker, dat 't geböören sal.
1919252	Tom weiß nicht, wann es geschehen wird, aber er ist sich ziemlich sicher, dass es geschehen wird.	Tom wäit näit, wenner 't geböören sal, man häi is sük recht seeker dat 't geböören sal.
1919318	Tom sagt, er könne sich an nichts erinnern, was am Unfalltag geschah.	Tom säeğt, häi kun sük an niks heerinnern, wat up d' unfaldağ geböörde.
1919936	Die Straße ist sehr laut.	Däi stróóet is läip fäel.
